invoice_id,po_number,transaction_id,company_code,fiscal_year,document_type,vendor_number,supplier_id,invoice_date,posting_date,due_date,payment_date,clearing_date,payment_document,amount,currency,status,payment_terms,overdue_days
INV-00445,PO-26143,TX-00445,CA01,2023,RE,100002,S002,2023-09-29,2023-10-01,2023-10-29,2023-10-25,2023-10-25,PAY6399941,739.03,CAD,Paid,Net 30,0
INV-01700,PO-75514,TX-01700,CA01,2024,RE,100032,S032,2024-10-28,2024-10-28,2024-12-27,2024-12-25,2024-12-25,PAY6414306,289389.21,CAD,Paid,Net 60,0
INV-01919,PO-70228,TX-01919,CA01,2023,RE,100034,S034,2023-07-17,2023-07-19,2023-08-31,2023-08-26,2023-08-26,PAY6862057,62766.56,CAD,Paid,Net 45,0
INV-00641,PO-23055,TX-00641,CA01,2025,RE,100007,S007,2025-03-04,2025-03-06,2025-04-03,2025-03-29,2025-03-29,PAY6692818,27294.15,CAD,Paid,Net 30,0
INV-00947,PO-56562,TX-00947,CA01,2024,RE,100024,S024,2024-04-10,2024-04-10,2024-05-10,2024-05-06,2024-05-06,PAY6032316,9860.23,CAD,Paid,Net 30,0
INV-02070,PO-20962,TX-02070,CA01,2023,RE,100001,S001,2023-03-03,2023-03-03,2023-04-02,,,,49147.28,CAD,Pending,Net 30,0
INV-DUP-017,PO-91973,TX-DUP-017,CA01,2025,RE,100040,S040,2025-08-07,2025-08-09,2025-10-06,2025-10-03,2025-10-03,PAY6497012,8654.59,CAD,Paid,Net 60,0
INV-01778,PO-63697,TX-01778,CA01,2023,RE,100027,S027,2023-11-15,2023-11-16,2023-12-15,,,,8718.77,CAD,Pending,Net 30,0
INV-02218,PO-64771,TX-02218,CA01,2024,RE,100029,S029,2024-02-22,2024-02-24,2024-03-23,2024-03-20,2024-03-20,PAY6163917,6297.24,CAD,Paid,Net 30,0
INV-02119,PO-16224,TX-02119,CA01,2025,RE,100007,S007,2025-01-31,2025-02-02,2025-03-02,,,,82123.88,CAD,Pending,Net 30,0
INV-DUP-029,PO-11035,TX-DUP-029,CA01,2024,RE,100034,S034,2024-09-20,2024-09-22,2024-11-04,2024-10-30,2024-10-30,PAY6559381,130504.77,CAD,Paid,Net 45,0
INV-00431,PO-49347,TX-00431,CA01,2025,RE,100029,S029,2025-09-04,2025-09-06,2025-10-04,2025-10-01,2025-10-01,PAY6230545,12499.07,CAD,Paid,Net 30,0
INV-01000,PO-98112,TX-01000,CA01,2023,RE,100028,S028,2023-06-13,2023-06-13,2023-07-28,2023-07-28,2023-07-28,PAY6143006,137874.19,CAD,Paid,Net 45,0
INV-01076,PO-50412,TX-01076,CA01,2025,RE,100040,S040,2025-12-09,2025-12-11,2026-02-07,2026-02-02,2026-02-02,PAY6783028,48771.14,CAD,Paid,Net 60,0
INV-02163,PO-19535,TX-02163,CA01,2023,RE,100038,S038,2023-06-04,2023-06-05,2023-07-04,2023-06-30,2023-06-30,PAY6409985,41457.96,CAD,Paid,Net 30,0
INV-02388,PO-21353,TX-02388,CA01,2025,RE,100033,S033,2025-09-19,2025-09-19,2025-10-19,2025-10-15,2025-10-15,PAY6835474,62044.61,CAD,Paid,Net 30,0
INV-01189,PO-99710,TX-01189,CA01,2023,RE,100007,S007,2023-02-18,2023-02-19,2023-03-20,2023-03-16,2023-03-16,PAY6836223,15824.11,CAD,Paid,Net 30,0
INV-01104,PO-55688,TX-01104,CA01,2023,RE,100001,S001,2023-11-30,2023-12-01,2023-12-30,,,,9340.28,CAD,Pending,Net 30,0
INV-00592,PO-45283,TX-00592,CA01,2026,RE,100002,S002,2026-01-01,2026-01-02,2026-01-31,2026-01-30,2026-01-30,PAY6890731,6215.17,CAD,Paid,Net 30,0
INV-00931,PO-21486,TX-00931,CA01,2025,RE,100028,S028,2025-01-10,2025-01-11,2025-02-24,,,,122876.33,CAD,Pending,Net 45,0
INV-02383,PO-81073,TX-02383,CA01,2023,RE,100034,S034,2023-07-09,2023-07-09,2023-08-23,,,,40791.73,CAD,Overdue,Net 45,0
INV-00212,PO-79774,TX-00212,CA01,2024,RE,100034,S034,2024-09-06,2024-09-06,2024-10-21,2024-10-19,2024-10-19,PAY6572233,94657.43,CAD,Paid,Net 45,0
INV-00381,PO-56095,TX-00381,CA01,2025,RE,100029,S029,2025-01-05,2025-01-06,2025-02-04,2025-02-04,2025-02-04,PAY6309307,1406.98,CAD,Paid,Net 30,0
INV-00727,PO-49855,TX-00727,CA01,2024,RE,100006,S006,2024-08-31,2024-09-01,2024-10-15,2024-10-13,2024-10-13,PAY6664845,4691.17,CAD,Paid,Net 45,0
INV-01894,PO-18912,TX-01894,CA01,2023,RE,100008,S008,2023-09-20,2023-09-20,2023-10-20,,,,42013.22,CAD,Pending,Net 30,0
INV-01255,PO-13104,TX-01255,CA01,2025,RE,100016,S016,2025-04-19,2025-04-19,2025-05-04,2025-05-04,2025-05-04,PAY6151074,85991.02,CAD,Paid,Net 15,0
INV-00716,PO-40833,TX-00716,CA01,2025,RE,100033,S033,2025-01-12,2025-01-12,2025-02-11,2025-02-07,2025-02-07,PAY6312534,13480.24,CAD,Paid,Net 30,0
INV-01706,PO-23582,TX-01706,CA01,2024,RE,100039,S039,2024-12-02,2024-12-04,2025-01-16,2025-01-15,2025-01-15,PAY6710189,22811.97,CAD,Paid,Net 45,0
INV-00186,PO-74382,TX-00186,CA01,2025,RE,100033,S033,2025-07-03,2025-07-05,2025-08-02,2025-08-01,2025-08-01,PAY6930063,80665.88,CAD,Paid,Net 30,0
INV-02379,PO-63740,TX-02379,CA01,2023,RE,100040,S040,2023-05-15,2023-05-17,2023-07-14,2023-07-10,2023-07-10,PAY6958575,15089.13,CAD,Paid,Net 60,0
INV-02335,PO-80420,TX-02335,CA01,2023,RE,100008,S008,2023-11-15,2023-11-16,2023-12-15,2023-12-13,2023-12-13,PAY6833635,221910.73,CAD,Paid,Net 30,0
INV-01024,PO-77853,TX-01024,CA01,2024,RE,100017,S017,2024-09-27,2024-09-29,2024-10-27,2024-10-24,2024-10-24,PAY6909261,33429.93,CAD,Paid,Net 30,0
INV-01169,PO-42651,TX-01169,CA01,2024,RE,100017,S017,2024-07-05,2024-07-06,2024-08-04,2024-07-31,2024-07-31,PAY6764752,11881.28,CAD,Paid,Net 30,0
INV-00561,PO-46009,TX-00561,CA01,2023,RE,100040,S040,2023-04-01,2023-04-02,2023-05-31,2023-05-26,2023-05-26,PAY6679414,60738.79,CAD,Paid,Net 60,0
INV-00513,PO-93995,TX-00513,CA01,2023,RE,100006,S006,2023-01-16,2023-01-18,2023-03-02,2023-02-25,2023-02-25,PAY6391255,82203.0,CAD,Paid,Net 45,0
INV-00073,PO-42816,TX-00073,CA01,2023,RE,100030,S030,2023-03-26,2023-03-27,2023-04-25,,,,107086.03,CAD,Pending,Net 30,0
INV-01590,PO-70583,TX-01590,CA01,2024,RE,100027,S027,2024-11-13,2024-11-15,2024-12-13,,,,192908.76,CAD,Pending,Net 30,0
INV-02195,PO-74580,TX-02195,CA01,2025,RE,100039,S039,2025-07-01,2025-07-03,2025-08-15,2025-08-10,2025-08-10,PAY6995586,25521.85,CAD,Paid,Net 45,0
INV-00768,PO-75521,TX-00768,CA01,2023,RE,100030,S030,2023-12-25,2023-12-25,2024-01-24,2024-01-19,2024-01-19,PAY6011691,8642.59,CAD,Paid,Net 30,0
INV-01902,PO-87274,TX-01902,CA01,2025,RE,100035,S035,2025-08-27,2025-08-29,2025-10-11,2025-10-11,2025-10-11,PAY6580412,63400.12,CAD,Paid,Net 45,0
INV-00441,PO-55134,TX-00441,CA01,2023,RE,100024,S024,2023-01-13,2023-01-13,2023-02-12,2023-02-10,2023-02-10,PAY6917259,3631.23,CAD,Paid,Net 30,0
INV-00668,PO-10463,TX-00668,CA01,2024,RE,100034,S034,2024-01-08,2024-01-10,2024-02-22,2024-02-17,2024-02-17,PAY6582032,14831.9,CAD,Paid,Net 45,0
INV-01501,PO-71668,TX-01501,CA01,2025,RE,100037,S037,2025-09-04,2025-09-06,2025-10-04,2025-10-01,2025-10-01,PAY6148241,4310.5,CAD,Paid,Net 30,0
INV-01410,PO-80283,TX-01410,CA01,2024,RE,100038,S038,2024-04-21,2024-04-21,2024-05-21,,,,546.15,CAD,Pending,Net 30,0
INV-00994,PO-31157,TX-00994,CA01,2024,RE,100039,S039,2024-03-15,2024-03-15,2024-04-29,,,,31476.95,CAD,Pending,Net 45,0
INV-01107,PO-11617,TX-01107,CA01,2024,RE,100027,S027,2024-05-23,2024-05-25,2024-06-22,2024-06-17,2024-06-17,PAY6129221,94960.86,CAD,Paid,Net 30,0
INV-00660,PO-48165,TX-00660,CA01,2025,RE,100005,S005,2025-11-27,2025-11-28,2025-12-27,2025-12-26,2025-12-26,PAY6043802,67343.21,CAD,Paid,Net 30,0
INV-00144,PO-95918,TX-00144,CA01,2023,RE,100017,S017,2023-10-28,2023-10-28,2023-11-27,,,,10555.27,CAD,Overdue,Net 30,0
INV-00427,PO-93964,TX-00427,CA01,2023,RE,100033,S033,2023-08-12,2023-08-13,2023-09-11,2023-09-11,2023-09-11,PAY6005274,95437.1,CAD,Paid,Net 30,0
INV-02266,PO-62819,TX-02266,CA01,2025,RE,100024,S024,2025-09-03,2025-09-04,2025-10-03,2025-10-02,2025-10-02,PAY6600538,79.57,CAD,Paid,Net 30,0
INV-01985,PO-53850,TX-01985,CA01,2023,RE,100034,S034,2023-12-08,2023-12-09,2024-01-22,2024-01-22,2024-01-22,PAY6625637,121549.34,CAD,Paid,Net 45,0
INV-00710,PO-33091,TX-00710,CA01,2025,RE,100026,S026,2025-08-10,2025-08-10,2025-09-09,2025-09-06,2025-09-06,PAY6413224,8200.78,CAD,Paid,Net 30,0
INV-01643,PO-79778,TX-01643,CA01,2023,RE,100025,S025,2023-11-09,2023-11-10,2023-12-09,2023-12-09,2023-12-09,PAY6563244,1616.87,CAD,Paid,Net 30,0
INV-00679,PO-35369,TX-00679,CA01,2024,RE,100030,S030,2024-01-07,2024-01-07,2024-02-06,2024-02-03,2024-02-03,PAY6574122,38580.82,CAD,Paid,Net 30,0
INV-01608,PO-39928,TX-01608,CA01,2024,RE,100040,S040,2024-05-27,2024-05-28,2024-07-26,2024-07-22,2024-07-22,PAY6992979,39881.03,CAD,Paid,Net 60,0
INV-01665,PO-28690,TX-01665,CA01,2024,RE,100026,S026,2024-02-13,2024-02-15,2024-03-14,2024-03-10,2024-03-10,PAY6089261,22255.42,CAD,Paid,Net 30,0
INV-00744,PO-69433,TX-00744,CA01,2024,RE,100016,S016,2024-01-14,2024-01-16,2024-01-29,2024-01-29,2024-01-29,PAY6319491,26636.64,CAD,Paid,Net 15,0
INV-00787,PO-92157,TX-00787,CA01,2023,RE,100004,S004,2023-10-16,2023-10-16,2023-11-15,2023-11-13,2023-11-13,PAY6220256,32646.3,CAD,Paid,Net 30,0
INV-00870,PO-67067,TX-00870,CA01,2025,RE,100005,S005,2025-01-19,2025-01-21,2025-02-18,2025-02-13,2025-02-13,PAY6784645,10961.47,CAD,Paid,Net 30,0
INV-01615,PO-94578,TX-01615,CA01,2024,RE,100034,S034,2024-01-02,2024-01-04,2024-02-16,2024-02-11,2024-02-11,PAY6777446,93085.19,CAD,Paid,Net 45,0
INV-00785,PO-27394,TX-00785,CA01,2023,RE,100027,S027,2023-01-28,2023-01-29,2023-02-27,,,,49457.55,CAD,Pending,Net 30,0
INV-01575,PO-51331,TX-01575,CA01,2023,RE,100040,S040,2023-06-26,2023-06-26,2023-08-25,,,,43074.73,CAD,Pending,Net 60,0
INV-01376,PO-25035,TX-01376,CA01,2023,RE,100033,S033,2023-01-16,2023-01-17,2023-02-15,2023-02-10,2023-02-10,PAY6947437,263505.99,CAD,Paid,Net 30,0
INV-00675,PO-48382,TX-00675,CA01,2023,RE,100006,S006,2023-05-20,2023-05-21,2023-07-04,2023-06-29,2023-06-29,PAY6761200,195413.9,CAD,Paid,Net 45,0
INV-01029,PO-11296,TX-01029,CA01,2025,RE,100028,S028,2025-02-12,2025-02-13,2025-03-29,2025-03-28,2025-03-28,PAY6360554,10138.2,CAD,Paid,Net 45,0
INV-02058,PO-32950,TX-02058,CA01,2023,RE,100016,S016,2023-11-25,2023-11-26,2023-12-10,,,,6163.5,CAD,Overdue,Net 15,0
INV-00850,PO-99024,TX-00850,CA01,2023,RE,100028,S028,2023-05-22,2023-05-23,2023-07-06,2023-07-06,2023-07-06,PAY6222022,12566.02,CAD,Paid,Net 45,0
INV-00718,PO-57223,TX-00718,CA01,2025,RE,100029,S029,2025-09-03,2025-09-04,2025-10-03,2025-10-03,2025-10-03,PAY6432699,1802.27,CAD,Paid,Net 30,0
INV-00542,PO-64162,TX-00542,CA01,2024,RE,100039,S039,2024-07-23,2024-07-24,2024-09-06,,,,41818.26,CAD,Pending,Net 45,0
INV-02174,PO-16798,TX-02174,CA01,2024,RE,100004,S004,2024-01-20,2024-01-20,2024-02-19,2024-02-14,2024-02-14,PAY6949619,49923.75,CAD,Paid,Net 30,0
INV-02154,PO-87200,TX-02154,CA01,2023,RE,100017,S017,2023-02-05,2023-02-07,2023-03-07,2023-03-06,2023-03-06,PAY6677308,89186.54,CAD,Paid,Net 30,0
INV-01805,PO-39899,TX-01805,CA01,2025,RE,100006,S006,2025-10-04,2025-10-05,2025-11-18,2025-11-13,2025-11-13,PAY6892819,104307.01,CAD,Paid,Net 45,0
INV-02244,PO-69471,TX-02244,CA01,2025,RE,100034,S034,2025-10-16,2025-10-17,2025-11-30,2025-11-30,2025-11-30,PAY6537450,194641.33,CAD,Paid,Net 45,0
INV-00119,PO-39038,TX-00119,CA01,2025,RE,100026,S026,2025-01-16,2025-01-17,2025-02-15,,,,21730.05,CAD,Overdue,Net 30,0
INV-01015,PO-14370,TX-01015,CA01,2025,RE,100026,S026,2025-07-06,2025-07-07,2025-08-05,,,,12600.72,CAD,Pending,Net 30,0
INV-02280,PO-76014,TX-02280,CA01,2023,RE,100027,S027,2023-06-25,2023-06-26,2023-07-25,2023-07-24,2023-07-24,PAY6149375,150754.03,CAD,Paid,Net 30,0
INV-00272,PO-39603,TX-00272,CA01,2025,RE,100034,S034,2025-02-09,2025-02-10,2025-03-26,2025-03-23,2025-03-23,PAY6168772,236268.43,CAD,Paid,Net 45,0
INV-02292,PO-13358,TX-02292,CA01,2024,RE,100034,S034,2024-05-31,2024-06-02,2024-07-15,2024-07-13,2024-07-13,PAY6192930,345003.17,CAD,Paid,Net 45,0
INV-00837,PO-32514,TX-00837,CA01,2023,RE,100007,S007,2023-02-03,2023-02-05,2023-03-05,,,,97428.84,CAD,Pending,Net 30,0
INV-01082,PO-37887,TX-01082,CA01,2023,RE,100035,S035,2023-02-07,2023-02-08,2023-03-24,2023-03-20,2023-03-20,PAY6231512,42166.31,CAD,Paid,Net 45,0
INV-00128,PO-73201,TX-00128,CA01,2023,RE,100033,S033,2023-08-03,2023-08-05,2023-09-02,2023-08-29,2023-08-29,PAY6646850,77862.33,CAD,Paid,Net 30,0
INV-02025,PO-48365,TX-02025,CA01,2023,RE,100040,S040,2023-05-06,2023-05-06,2023-07-05,,,,51325.59,CAD,Pending,Net 60,0
INV-01935,PO-88988,TX-01935,CA01,2023,RE,100034,S034,2023-12-14,2023-12-15,2024-01-28,,,,112444.15,CAD,Pending,Net 45,0
INV-00090,PO-30232,TX-00090,CA01,2023,RE,100027,S027,2023-02-06,2023-02-06,2023-03-08,2023-03-03,2023-03-03,PAY6875297,79420.62,CAD,Paid,Net 30,0
INV-02153,PO-75491,TX-02153,CA01,2023,RE,100039,S039,2023-08-16,2023-08-16,2023-09-30,,,,84522.12,CAD,Pending,Net 45,0
INV-01521,PO-81314,TX-01521,CA01,2025,RE,100038,S038,2025-07-04,2025-07-05,2025-08-03,2025-08-01,2025-08-01,PAY6265018,6429.05,CAD,Paid,Net 30,0
INV-01832,PO-22040,TX-01832,CA01,2023,RE,100026,S026,2023-10-16,2023-10-18,2023-11-15,2023-11-14,2023-11-14,PAY6203765,16967.74,CAD,Paid,Net 30,0
INV-01760,PO-92350,TX-01760,CA01,2025,RE,100005,S005,2025-03-09,2025-03-09,2025-04-08,2025-04-06,2025-04-06,PAY6120190,9091.42,CAD,Paid,Net 30,0
INV-02226,PO-99600,TX-02226,CA01,2025,RE,100040,S040,2025-08-16,2025-08-17,2025-10-15,,,,51576.67,CAD,Overdue,Net 60,0
INV-02249,PO-46883,TX-02249,CA01,2023,RE,100026,S026,2023-02-19,2023-02-19,2023-03-21,,,,19919.24,CAD,Pending,Net 30,0
INV-01466,PO-98257,TX-01466,CA01,2023,RE,100040,S040,2023-01-21,2023-01-21,2023-03-22,2023-03-21,2023-03-21,PAY6190167,17204.54,CAD,Paid,Net 60,0
INV-01436,PO-14083,TX-01436,CA01,2025,RE,100035,S035,2025-02-09,2025-02-09,2025-03-26,,,,145201.73,CAD,Pending,Net 45,0
INV-00227,PO-94659,TX-00227,CA01,2024,RE,100030,S030,2024-02-18,2024-02-18,2024-03-19,2024-03-14,2024-03-14,PAY6703571,39675.8,CAD,Paid,Net 30,0
INV-01337,PO-34514,TX-01337,CA01,2023,RE,100008,S008,2023-08-11,2023-08-13,2023-09-10,,,,52973.59,CAD,Overdue,Net 30,0
INV-00172,PO-86271,TX-00172,CA01,2023,RE,100003,S003,2023-05-26,2023-05-26,2023-06-10,2023-06-08,2023-06-08,PAY6838504,25002.5,CAD,Paid,Net 15,0
INV-02063,PO-25118,TX-02063,CA01,2025,RE,100025,S025,2025-02-11,2025-02-11,2025-03-13,,,,8310.6,CAD,Pending,Net 30,0
INV-02386,PO-57543,TX-02386,CA01,2025,RE,100009,S009,2025-05-27,2025-05-27,2025-06-26,2025-06-21,2025-06-21,PAY6594849,27069.42,CAD,Paid,Net 30,0
INV-01531,PO-94125,TX-01531,CA01,2025,RE,100018,S018,2025-06-26,2025-06-28,2025-07-26,,,,28203.27,CAD,Pending,Net 30,0
INV-00856,PO-44523,TX-00856,CA01,2025,RE,100040,S040,2025-08-25,2025-08-25,2025-10-24,,,,77197.56,CAD,Overdue,Net 60,0
INV-01987,PO-58892,TX-01987,CA01,2023,RE,100038,S038,2023-01-24,2023-01-24,2023-02-23,2023-02-23,2023-02-23,PAY6893650,46121.66,CAD,Paid,Net 30,0
INV-01825,PO-49082,TX-01825,CA01,2025,RE,100032,S032,2025-02-11,2025-02-13,2025-04-12,,,,187460.49,CAD,Pending,Net 60,0
INV-02019,PO-15339,TX-02019,CA01,2024,RE,100028,S028,2024-09-06,2024-09-08,2024-10-21,2024-10-21,2024-10-21,PAY6057030,161782.49,CAD,Paid,Net 45,0
INV-00220,PO-47880,TX-00220,CA01,2024,RE,100034,S034,2024-05-24,2024-05-26,2024-07-08,2024-07-06,2024-07-06,PAY6892744,53642.8,CAD,Paid,Net 45,0
INV-00504,PO-79922,TX-00504,CA01,2025,RE,100031,S031,2025-06-22,2025-06-22,2025-08-06,2025-08-03,2025-08-03,PAY6787524,185875.72,CAD,Paid,Net 45,0
INV-00082,PO-75323,TX-00082,CA01,2023,RE,100038,S038,2023-08-26,2023-08-28,2023-09-25,2023-09-23,2023-09-23,PAY6977660,7210.74,CAD,Paid,Net 30,0
INV-01861,PO-21330,TX-01861,CA01,2025,RE,100035,S035,2025-10-10,2025-10-12,2025-11-24,2025-11-20,2025-11-20,PAY6575512,86303.75,CAD,Paid,Net 45,0
INV-02207,PO-64443,TX-02207,CA01,2023,RE,100040,S040,2023-07-14,2023-07-14,2023-09-12,,,,8075.08,CAD,Overdue,Net 60,0
INV-00402,PO-67637,TX-00402,CA01,2025,RE,100038,S038,2025-02-24,2025-02-26,2025-03-26,,,,17875.5,CAD,Pending,Net 30,0
INV-00815,PO-21282,TX-00815,CA01,2025,RE,100028,S028,2025-05-19,2025-05-19,2025-07-03,2025-07-03,2025-07-03,PAY6483671,59941.73,CAD,Paid,Net 45,0
INV-01753,PO-96884,TX-01753,CA01,2025,RE,100025,S025,2025-02-01,2025-02-02,2025-03-03,2025-03-01,2025-03-01,PAY6675990,1874.03,CAD,Paid,Net 30,0
INV-01227,PO-39607,TX-01227,CA01,2023,RE,100016,S016,2023-02-26,2023-02-28,2023-03-13,2023-03-08,2023-03-08,PAY6576365,19888.34,CAD,Paid,Net 15,0
INV-00539,PO-85757,TX-00539,CA01,2024,RE,100034,S034,2024-01-30,2024-01-31,2024-03-15,2024-03-11,2024-03-11,PAY6076697,20873.24,CAD,Paid,Net 45,0
INV-02303,PO-73470,TX-02303,CA01,2025,RE,100033,S033,2025-05-09,2025-05-09,2025-06-08,,,,25787.98,CAD,Overdue,Net 30,0
INV-02273,PO-38348,TX-02273,CA01,2025,RE,100039,S039,2025-04-27,2025-04-29,2025-06-11,2025-06-06,2025-06-06,PAY6304771,87108.38,CAD,Paid,Net 45,0
INV-02158,PO-62793,TX-02158,CA01,2025,RE,100003,S003,2025-07-16,2025-07-16,2025-07-31,2025-07-31,2025-07-31,PAY6704313,2924.29,CAD,Paid,Net 15,0
INV-00731,PO-44242,TX-00731,CA01,2023,RE,100037,S037,2023-11-07,2023-11-08,2023-12-07,2023-12-04,2023-12-04,PAY6070634,44254.34,CAD,Paid,Net 30,0
INV-02100,PO-11398,TX-02100,CA01,2025,RE,100040,S040,2025-04-18,2025-04-18,2025-06-17,2025-06-14,2025-06-14,PAY6262865,103644.21,CAD,Paid,Net 60,0
INV-00041,PO-96900,TX-00041,CA01,2026,RE,100036,S036,2026-01-01,2026-01-03,2026-01-31,2026-01-27,2026-01-27,PAY6102972,5217.28,CAD,Paid,Net 30,0
INV-00564,PO-98356,TX-00564,CA01,2025,RE,100036,S036,2025-12-04,2025-12-06,2026-01-03,2026-01-01,2026-01-01,PAY6207007,55216.84,CAD,Paid,Net 30,0
INV-01773,PO-63908,TX-01773,CA01,2025,RE,100032,S032,2025-04-07,2025-04-08,2025-06-06,2025-06-06,2025-06-06,PAY6760835,242413.54,CAD,Paid,Net 60,0
INV-01126,PO-32027,TX-01126,CA01,2023,RE,100002,S002,2023-06-30,2023-06-30,2023-07-30,,,,20493.72,CAD,Pending,Net 30,0
INV-00435,PO-49106,TX-00435,CA01,2025,RE,100026,S026,2025-10-24,2025-10-26,2025-11-23,2025-11-20,2025-11-20,PAY6608798,27630.1,CAD,Paid,Net 30,0
INV-01530,PO-36112,TX-01530,CA01,2024,RE,100032,S032,2024-10-15,2024-10-16,2024-12-14,2024-12-10,2024-12-10,PAY6510856,187413.96,CAD,Paid,Net 60,0
INV-01512,PO-46403,TX-01512,CA01,2024,RE,100027,S027,2024-03-20,2024-03-22,2024-04-19,2024-04-18,2024-04-18,PAY6997761,218108.73,CAD,Paid,Net 30,0
INV-02307,PO-96922,TX-02307,CA01,2025,RE,100036,S036,2025-02-17,2025-02-19,2025-03-19,2025-03-17,2025-03-17,PAY6346922,87292.84,CAD,Paid,Net 30,0
INV-00477,PO-42537,TX-00477,CA01,2025,RE,100039,S039,2025-03-04,2025-03-04,2025-04-18,2025-04-17,2025-04-17,PAY6374486,26859.31,CAD,Paid,Net 45,0
INV-00296,PO-64827,TX-00296,CA01,2025,RE,100038,S038,2025-09-14,2025-09-16,2025-10-14,2025-10-12,2025-10-12,PAY6134443,32626.71,CAD,Paid,Net 30,0
INV-00953,PO-64396,TX-00953,CA01,2024,RE,100025,S025,2024-08-17,2024-08-17,2024-09-16,2024-09-16,2024-09-16,PAY6703904,1489.32,CAD,Paid,Net 30,0
INV-01101,PO-34854,TX-01101,CA01,2024,RE,100039,S039,2024-11-15,2024-11-17,2024-12-30,2024-12-26,2024-12-26,PAY6687313,7553.55,CAD,Paid,Net 45,0
INV-01852,PO-72456,TX-01852,CA01,2024,RE,100018,S018,2024-02-28,2024-02-29,2024-03-29,2024-03-24,2024-03-24,PAY6245925,19901.37,CAD,Paid,Net 30,0
INV-01994,PO-41323,TX-01994,CA01,2025,RE,100039,S039,2025-12-28,2025-12-30,2026-02-11,2026-02-06,2026-02-06,PAY6104904,6171.49,CAD,Paid,Net 45,0
INV-00010,PO-93130,TX-00010,CA01,2023,RE,100028,S028,2023-11-20,2023-11-20,2024-01-04,2024-01-04,2024-01-04,PAY6298987,52818.22,CAD,Paid,Net 45,0
INV-01844,PO-49763,TX-01844,CA01,2024,RE,100029,S029,2024-09-08,2024-09-08,2024-10-08,2024-10-07,2024-10-07,PAY6649609,11545.16,CAD,Paid,Net 30,0
INV-00473,PO-38257,TX-00473,CA01,2024,RE,100009,S009,2024-02-08,2024-02-09,2024-03-09,,,,51156.0,CAD,Overdue,Net 30,0
INV-DUP-003,PO-60242,TX-DUP-003,CA01,2025,RE,100008,S008,2025-06-12,2025-06-14,2025-07-12,2025-07-07,2025-07-07,PAY6073199,69346.85,CAD,Paid,Net 30,0
INV-01460,PO-78274,TX-01460,CA01,2024,RE,100003,S003,2024-08-05,2024-08-07,2024-08-20,,,,48956.84,CAD,Overdue,Net 15,0
INV-00896,PO-25533,TX-00896,CA01,2025,RE,100040,S040,2025-06-13,2025-06-14,2025-08-12,2025-08-08,2025-08-08,PAY6943842,74644.39,CAD,Paid,Net 60,0
INV-02269,PO-83783,TX-02269,CA01,2024,RE,100040,S040,2024-06-28,2024-06-30,2024-08-27,2024-08-27,2024-08-27,PAY6202897,34336.15,CAD,Paid,Net 60,0
INV-01648,PO-37339,TX-01648,CA01,2023,RE,100002,S002,2023-09-11,2023-09-13,2023-10-11,2023-10-11,2023-10-11,PAY6333222,28969.53,CAD,Paid,Net 30,0
INV-01122,PO-72285,TX-01122,CA01,2024,RE,100027,S027,2024-05-28,2024-05-28,2024-06-27,2024-06-27,2024-06-27,PAY6509462,61804.32,CAD,Paid,Net 30,0
INV-01486,PO-36563,TX-01486,CA01,2025,RE,100033,S033,2025-11-16,2025-11-18,2025-12-16,2025-12-15,2025-12-15,PAY6472536,130127.38,CAD,Paid,Net 30,0
INV-DUP-020,PO-38548,TX-DUP-020,CA01,2024,RE,100039,S039,2024-07-13,2024-07-15,2024-08-27,,,,964.7,CAD,Pending,Net 45,0
INV-00034,PO-30861,TX-00034,CA01,2025,RE,100006,S006,2025-11-06,2025-11-07,2025-12-21,2025-12-21,2025-12-21,PAY6344295,124091.41,CAD,Paid,Net 45,0
INV-02183,PO-74177,TX-02183,CA01,2025,RE,100029,S029,2025-03-17,2025-03-18,2025-04-16,,,,568.23,CAD,Pending,Net 30,0
INV-00350,PO-75031,TX-00350,CA01,2025,RE,100003,S003,2025-05-30,2025-05-30,2025-06-14,2025-06-11,2025-06-11,PAY6646281,2062.2,CAD,Paid,Net 15,0
INV-00169,PO-84798,TX-00169,CA01,2024,RE,100029,S029,2024-08-20,2024-08-22,2024-09-19,,,,5579.86,CAD,Pending,Net 30,0
INV-01992,PO-68886,TX-01992,CA01,2024,RE,100039,S039,2024-04-20,2024-04-22,2024-06-04,2024-06-02,2024-06-02,PAY6691454,77746.28,CAD,Paid,Net 45,0
INV-01112,PO-32365,TX-01112,CA01,2025,RE,100001,S001,2025-05-09,2025-05-11,2025-06-08,2025-06-05,2025-06-05,PAY6320523,32499.94,CAD,Paid,Net 30,0
INV-00196,PO-20646,TX-00196,CA01,2024,RE,100037,S037,2024-11-23,2024-11-23,2024-12-23,,,,80408.65,CAD,Overdue,Net 30,0
INV-00636,PO-29356,TX-00636,CA01,2023,RE,100034,S034,2023-07-01,2023-07-01,2023-08-15,,,,3162.48,CAD,Pending,Net 45,0
INV-01505,PO-96424,TX-01505,CA01,2025,RE,100033,S033,2025-04-10,2025-04-11,2025-05-10,2025-05-09,2025-05-09,PAY6727143,275365.12,CAD,Paid,Net 30,0
INV-01932,PO-28564,TX-01932,CA01,2025,RE,100003,S003,2025-12-15,2025-12-15,2025-12-30,,,,38660.47,CAD,Pending,Net 15,0
INV-01713,PO-39861,TX-01713,CA01,2025,RE,100016,S016,2025-11-07,2025-11-09,2025-11-22,,,,70991.95,CAD,Overdue,Net 15,0
INV-01707,PO-45885,TX-01707,CA01,2024,RE,100031,S031,2024-04-06,2024-04-08,2024-05-21,2024-05-20,2024-05-20,PAY6612546,25869.13,CAD,Paid,Net 45,0
INV-00008,PO-95717,TX-00008,CA01,2025,RE,100035,S035,2025-06-19,2025-06-19,2025-08-03,2025-08-03,2025-08-03,PAY6159797,178712.65,CAD,Paid,Net 45,0
INV-02049,PO-11533,TX-02049,CA01,2024,RE,100017,S017,2024-03-20,2024-03-22,2024-04-19,2024-04-15,2024-04-15,PAY6593024,6316.06,CAD,Paid,Net 30,0
INV-01828,PO-31351,TX-01828,CA01,2024,RE,100028,S028,2024-07-16,2024-07-18,2024-08-30,2024-08-25,2024-08-25,PAY6594397,20635.5,CAD,Paid,Net 45,0
INV-01208,PO-67376,TX-01208,CA01,2025,RE,100039,S039,2025-12-28,2025-12-28,2026-02-11,,,,84817.26,CAD,Pending,Net 45,0
INV-00121,PO-29442,TX-00121,CA01,2025,RE,100038,S038,2025-06-28,2025-06-28,2025-07-28,,,,1081.55,CAD,Pending,Net 30,0
INV-00605,PO-81137,TX-00605,CA01,2023,RE,100034,S034,2023-03-28,2023-03-30,2023-05-12,2023-05-07,2023-05-07,PAY6382199,68218.5,CAD,Paid,Net 45,0
INV-01817,PO-35477,TX-01817,CA01,2024,RE,100006,S006,2024-07-31,2024-08-02,2024-09-14,,,,100892.49,CAD,Overdue,Net 45,0
INV-00942,PO-71908,TX-00942,CA01,2025,RE,100027,S027,2025-03-17,2025-03-19,2025-04-16,,,,129512.33,CAD,Pending,Net 30,0
INV-01032,PO-12751,TX-01032,CA01,2024,RE,100034,S034,2024-02-10,2024-02-11,2024-03-26,2024-03-21,2024-03-21,PAY6846934,17871.26,CAD,Paid,Net 45,0
INV-01765,PO-80975,TX-01765,CA01,2023,RE,100018,S018,2023-02-18,2023-02-19,2023-03-20,,,,27388.68,CAD,Overdue,Net 30,0
INV-00014,PO-15229,TX-00014,CA01,2023,RE,100003,S003,2023-11-04,2023-11-05,2023-11-19,2023-11-16,2023-11-16,PAY6331699,2165.4,CAD,Paid,Net 15,0
INV-01518,PO-71709,TX-01518,CA01,2023,RE,100033,S033,2023-04-29,2023-04-29,2023-05-29,2023-05-28,2023-05-28,PAY6449112,405496.52,CAD,Paid,Net 30,0
INV-02136,PO-18205,TX-02136,CA01,2025,RE,100024,S024,2025-11-25,2025-11-26,2025-12-25,2025-12-23,2025-12-23,PAY6176831,3756.66,CAD,Paid,Net 30,0
INV-01279,PO-51472,TX-01279,CA01,2023,RE,100035,S035,2023-11-09,2023-11-09,2023-12-24,2023-12-23,2023-12-23,PAY6005066,252790.16,CAD,Paid,Net 45,0
INV-01664,PO-97612,TX-01664,CA01,2023,RE,100030,S030,2023-09-24,2023-09-24,2023-10-24,2023-10-21,2023-10-21,PAY6328429,32112.74,CAD,Paid,Net 30,0
INV-00591,PO-52027,TX-00591,CA01,2025,RE,100018,S018,2025-07-24,2025-07-25,2025-08-23,2025-08-18,2025-08-18,PAY6258133,36373.46,CAD,Paid,Net 30,0
INV-01766,PO-69285,TX-01766,CA01,2024,RE,100025,S025,2024-12-24,2024-12-25,2025-01-23,2025-01-21,2025-01-21,PAY6823824,2227.79,CAD,Paid,Net 30,0
INV-02381,PO-10662,TX-02381,CA01,2024,RE,100037,S037,2024-11-05,2024-11-06,2024-12-05,2024-12-03,2024-12-03,PAY6232286,127539.87,CAD,Paid,Net 30,0
INV-00796,PO-47797,TX-00796,CA01,2025,RE,100033,S033,2025-08-01,2025-08-03,2025-08-31,2025-08-31,2025-08-31,PAY6746794,15912.39,CAD,Paid,Net 30,0
INV-01979,PO-17700,TX-01979,CA01,2025,RE,100034,S034,2025-08-08,2025-08-09,2025-09-22,2025-09-18,2025-09-18,PAY6775753,9564.43,CAD,Paid,Net 45,0
INV-02397,PO-60151,TX-02397,CA01,2024,RE,100032,S032,2024-09-18,2024-09-20,2024-11-17,,,,173949.82,CAD,Overdue,Net 60,0
INV-00025,PO-26683,TX-00025,CA01,2025,RE,100033,S033,2025-04-20,2025-04-20,2025-05-20,2025-05-18,2025-05-18,PAY6671967,128767.68,CAD,Paid,Net 30,0
INV-01565,PO-43666,TX-01565,CA01,2024,RE,100009,S009,2024-09-14,2024-09-16,2024-10-14,2024-10-14,2024-10-14,PAY6457309,9487.73,CAD,Paid,Net 30,0
INV-02152,PO-23318,TX-02152,CA01,2023,RE,100039,S039,2023-04-21,2023-04-22,2023-06-05,2023-06-01,2023-06-01,PAY6290119,5964.71,CAD,Paid,Net 45,0
INV-01904,PO-77307,TX-01904,CA01,2024,RE,100009,S009,2024-07-07,2024-07-07,2024-08-06,,,,198697.88,CAD,Overdue,Net 30,0
INV-02074,PO-47641,TX-02074,CA01,2023,RE,100032,S032,2023-11-05,2023-11-05,2024-01-04,2023-12-30,2023-12-30,PAY6880919,186709.07,CAD,Paid,Net 60,0
INV-00053,PO-46559,TX-00053,CA01,2024,RE,100030,S030,2024-07-04,2024-07-04,2024-08-03,2024-08-03,2024-08-03,PAY6376948,16132.21,CAD,Paid,Net 30,0
INV-01642,PO-11119,TX-01642,CA01,2024,RE,100004,S004,2024-08-26,2024-08-28,2024-09-25,2024-09-24,2024-09-24,PAY6140829,4183.86,CAD,Paid,Net 30,0
INV-00778,PO-54025,TX-00778,CA01,2024,RE,100034,S034,2024-02-07,2024-02-08,2024-03-23,2024-03-22,2024-03-22,PAY6712591,190443.37,CAD,Paid,Net 45,0
INV-01162,PO-13396,TX-01162,CA01,2023,RE,100036,S036,2023-11-18,2023-11-18,2023-12-18,2023-12-14,2023-12-14,PAY6768577,44922.74,CAD,Paid,Net 30,0
INV-01601,PO-77740,TX-01601,CA01,2023,RE,100032,S032,2023-01-26,2023-01-26,2023-03-27,,,,109389.41,CAD,Pending,Net 60,0
INV-00234,PO-60275,TX-00234,CA01,2025,RE,100008,S008,2025-09-10,2025-09-10,2025-10-10,2025-10-10,2025-10-10,PAY6347668,25583.63,CAD,Paid,Net 30,0
INV-00104,PO-25095,TX-00104,CA01,2025,RE,100032,S032,2025-09-14,2025-09-16,2025-11-13,,,,163486.19,CAD,Pending,Net 60,0
INV-00192,PO-26912,TX-00192,CA01,2023,RE,100040,S040,2023-09-25,2023-09-27,2023-11-24,,,,125879.66,CAD,Overdue,Net 60,0
INV-02281,PO-80137,TX-02281,CA01,2023,RE,100031,S031,2023-05-29,2023-05-30,2023-07-13,,,,517756.41,CAD,Overdue,Net 45,0
INV-01746,PO-59431,TX-01746,CA01,2024,RE,100032,S032,2024-07-15,2024-07-17,2024-09-13,2024-09-10,2024-09-10,PAY6920530,15262.78,CAD,Paid,Net 60,0
INV-01103,PO-63580,TX-01103,CA01,2025,RE,100039,S039,2025-10-01,2025-10-01,2025-11-15,2025-11-15,2025-11-15,PAY6503268,31814.24,CAD,Paid,Net 45,0
INV-02355,PO-15938,TX-02355,CA01,2025,RE,100001,S001,2025-12-12,2025-12-13,2026-01-11,,,,16503.15,CAD,Pending,Net 30,0
INV-02008,PO-94217,TX-02008,CA01,2025,RE,100029,S029,2025-10-12,2025-10-12,2025-11-11,2025-11-08,2025-11-08,PAY6485331,5489.63,CAD,Paid,Net 30,0
INV-00273,PO-93459,TX-00273,CA01,2023,RE,100031,S031,2023-03-09,2023-03-09,2023-04-23,2023-04-21,2023-04-21,PAY6466991,32383.02,CAD,Paid,Net 45,0
INV-01661,PO-30731,TX-01661,CA01,2025,RE,100038,S038,2025-02-14,2025-02-16,2025-03-16,,,,56342.02,CAD,Overdue,Net 30,0
INV-01431,PO-86007,TX-01431,CA01,2023,RE,100002,S002,2023-03-21,2023-03-22,2023-04-20,2023-04-18,2023-04-18,PAY6376167,10372.05,CAD,Paid,Net 30,0
INV-00349,PO-25473,TX-00349,CA01,2023,RE,100032,S032,2023-09-22,2023-09-24,2023-11-21,2023-11-19,2023-11-19,PAY6812402,335901.23,CAD,Paid,Net 60,0
INV-00095,PO-33600,TX-00095,CA01,2023,RE,100035,S035,2023-10-28,2023-10-30,2023-12-12,2023-12-12,2023-12-12,PAY6320310,35522.81,CAD,Paid,Net 45,0
INV-01105,PO-72616,TX-01105,CA01,2023,RE,100028,S028,2023-05-01,2023-05-02,2023-06-15,2023-06-11,2023-06-11,PAY6510626,112576.47,CAD,Paid,Net 45,0
INV-02219,PO-31176,TX-02219,CA01,2025,RE,100026,S026,2025-08-08,2025-08-08,2025-09-07,2025-09-04,2025-09-04,PAY6578469,160367.89,CAD,Paid,Net 30,0
INV-00771,PO-75210,TX-00771,CA01,2023,RE,100031,S031,2023-08-21,2023-08-21,2023-10-05,2023-10-05,2023-10-05,PAY6114119,326108.54,CAD,Paid,Net 45,0
INV-01444,PO-42105,TX-01444,CA01,2025,RE,100025,S025,2025-05-14,2025-05-15,2025-06-13,2025-06-11,2025-06-11,PAY6184308,4728.74,CAD,Paid,Net 30,0
INV-02246,PO-30469,TX-02246,CA01,2023,RE,100006,S006,2023-09-25,2023-09-25,2023-11-09,2023-11-08,2023-11-08,PAY6676909,3019.11,CAD,Paid,Net 45,0
INV-01907,PO-70645,TX-01907,CA01,2025,RE,100032,S032,2025-01-13,2025-01-14,2025-03-14,2025-03-12,2025-03-12,PAY6636095,210731.56,CAD,Paid,Net 60,0
INV-00238,PO-42435,TX-00238,CA01,2025,RE,100040,S040,2025-05-05,2025-05-06,2025-07-04,2025-06-30,2025-06-30,PAY6085955,119211.57,CAD,Paid,Net 60,0
INV-00648,PO-28102,TX-00648,CA01,2023,RE,100017,S017,2023-10-18,2023-10-20,2023-11-17,2023-11-15,2023-11-15,PAY6882683,67789.53,CAD,Paid,Net 30,0
INV-01770,PO-64017,TX-01770,CA01,2025,RE,100026,S026,2025-07-20,2025-07-21,2025-08-19,2025-08-14,2025-08-14,PAY6294247,45157.96,CAD,Paid,Net 30,0
INV-01597,PO-29401,TX-01597,CA01,2025,RE,100028,S028,2025-07-13,2025-07-15,2025-08-27,,,,75628.11,CAD,Overdue,Net 45,0
INV-00578,PO-96772,TX-00578,CA01,2024,RE,100030,S030,2024-01-17,2024-01-17,2024-02-16,2024-02-12,2024-02-12,PAY6900426,23265.67,CAD,Paid,Net 30,0
INV-01605,PO-78697,TX-01605,CA01,2024,RE,100031,S031,2024-02-15,2024-02-15,2024-03-31,2024-03-30,2024-03-30,PAY6866589,109269.82,CAD,Paid,Net 45,0
INV-02039,PO-58605,TX-02039,CA01,2025,RE,100030,S030,2025-11-13,2025-11-13,2025-12-13,2025-12-10,2025-12-10,PAY6146802,19795.51,CAD,Paid,Net 30,0
INV-01722,PO-50789,TX-01722,CA01,2025,RE,100039,S039,2025-09-04,2025-09-04,2025-10-19,,,,5765.21,CAD,Pending,Net 45,0
INV-01931,PO-90668,TX-01931,CA01,2024,RE,100033,S033,2024-04-19,2024-04-21,2024-05-19,,,,37274.91,CAD,Pending,Net 30,0
INV-01258,PO-66479,TX-01258,CA01,2023,RE,100006,S006,2023-10-02,2023-10-02,2023-11-16,,,,41163.14,CAD,Overdue,Net 45,0
INV-00342,PO-38277,TX-00342,CA01,2023,RE,100036,S036,2023-05-31,2023-06-01,2023-06-30,2023-06-28,2023-06-28,PAY6934592,1328.57,CAD,Paid,Net 30,0
INV-00467,PO-12329,TX-00467,CA01,2024,RE,100026,S026,2024-10-11,2024-10-12,2024-11-10,2024-11-06,2024-11-06,PAY6564781,20768.09,CAD,Paid,Net 30,0
INV-01086,PO-53922,TX-01086,CA01,2024,RE,100034,S034,2024-10-20,2024-10-21,2024-12-04,,,,197019.44,CAD,Pending,Net 45,0
INV-01468,PO-90113,TX-01468,CA01,2024,RE,100027,S027,2024-03-19,2024-03-21,2024-04-18,2024-04-15,2024-04-15,PAY6205973,1646.53,CAD,Paid,Net 30,0
INV-01775,PO-53451,TX-01775,CA01,2023,RE,100040,S040,2023-05-21,2023-05-21,2023-07-20,2023-07-19,2023-07-19,PAY6276021,265.66,CAD,Paid,Net 60,0
INV-DUP-021,PO-76077,TX-DUP-021,CA01,2023,RE,100009,S009,2023-05-08,2023-05-08,2023-06-07,,,,44660.9,CAD,Pending,Net 30,0
INV-00252,PO-85690,TX-00252,CA01,2024,RE,100037,S037,2024-04-27,2024-04-27,2024-05-27,2024-05-22,2024-05-22,PAY6769177,98775.27,CAD,Paid,Net 30,0
INV-00206,PO-62855,TX-00206,CA01,2023,RE,100028,S028,2023-01-23,2023-01-25,2023-03-09,2023-03-05,2023-03-05,PAY6929390,71752.8,CAD,Paid,Net 45,0
INV-00737,PO-22761,TX-00737,CA01,2024,RE,100030,S030,2024-10-15,2024-10-16,2024-11-14,,,,107716.6,CAD,Pending,Net 30,0
INV-00989,PO-40636,TX-00989,CA01,2025,RE,100031,S031,2025-08-14,2025-08-15,2025-09-28,,,,37838.89,CAD,Pending,Net 45,0
INV-00487,PO-39563,TX-00487,CA01,2024,RE,100001,S001,2024-06-02,2024-06-02,2024-07-02,2024-07-01,2024-07-01,PAY6657057,19033.61,CAD,Paid,Net 30,0
INV-00593,PO-38467,TX-00593,CA01,2023,RE,100036,S036,2023-01-21,2023-01-22,2023-02-20,2023-02-19,2023-02-19,PAY6080176,8835.3,CAD,Paid,Net 30,0
INV-01633,PO-51151,TX-01633,CA01,2023,RE,100033,S033,2023-02-17,2023-02-18,2023-03-19,,,,71905.54,CAD,Pending,Net 30,0
INV-00139,PO-51033,TX-00139,CA01,2023,RE,100033,S033,2023-03-29,2023-03-31,2023-04-28,2023-04-28,2023-04-28,PAY6762760,65070.5,CAD,Paid,Net 30,0
INV-01456,PO-31704,TX-01456,CA01,2024,RE,100025,S025,2024-07-27,2024-07-29,2024-08-26,,,,8058.03,CAD,Pending,Net 30,0
INV-00143,PO-94599,TX-00143,CA01,2024,RE,100027,S027,2024-02-07,2024-02-09,2024-03-08,,,,85823.73,CAD,Overdue,Net 30,0
INV-02038,PO-94570,TX-02038,CA01,2024,RE,100032,S032,2024-04-03,2024-04-05,2024-06-02,2024-05-30,2024-05-30,PAY6079062,43216.28,CAD,Paid,Net 60,0
INV-00367,PO-77300,TX-00367,CA01,2024,RE,100031,S031,2024-11-06,2024-11-06,2024-12-21,,,,79852.29,CAD,Pending,Net 45,0
INV-00397,PO-80795,TX-00397,CA01,2024,RE,100016,S016,2024-11-16,2024-11-18,2024-12-01,2024-12-01,2024-12-01,PAY6935440,10668.5,CAD,Paid,Net 15,0
INV-02258,PO-54920,TX-02258,CA01,2023,RE,100006,S006,2023-11-06,2023-11-07,2023-12-21,,,,160027.33,CAD,Pending,Net 45,0
INV-00838,PO-67627,TX-00838,CA01,2024,RE,100040,S040,2024-03-15,2024-03-15,2024-05-14,2024-05-13,2024-05-13,PAY6019535,79005.55,CAD,Paid,Net 60,0
INV-01701,PO-21853,TX-01701,CA01,2024,RE,100009,S009,2024-04-13,2024-04-14,2024-05-13,2024-05-09,2024-05-09,PAY6890856,29619.7,CAD,Paid,Net 30,0
INV-00065,PO-89471,TX-00065,CA01,2023,RE,100037,S037,2023-07-01,2023-07-02,2023-07-31,2023-07-29,2023-07-29,PAY6531815,27601.19,CAD,Paid,Net 30,0
INV-01480,PO-40059,TX-01480,CA01,2025,RE,100005,S005,2025-01-12,2025-01-13,2025-02-11,2025-02-06,2025-02-06,PAY6662308,49530.24,CAD,Paid,Net 30,0
INV-01588,PO-70187,TX-01588,CA01,2023,RE,100034,S034,2023-05-15,2023-05-17,2023-06-29,2023-06-24,2023-06-24,PAY6032709,58714.14,CAD,Paid,Net 45,0
INV-01043,PO-91412,TX-01043,CA01,2025,RE,100016,S016,2025-07-03,2025-07-05,2025-07-18,2025-07-18,2025-07-18,PAY6852117,26181.83,CAD,Paid,Net 15,0
INV-01853,PO-83065,TX-01853,CA01,2023,RE,100016,S016,2023-06-29,2023-06-29,2023-07-14,,,,66027.22,CAD,Overdue,Net 15,0
INV-01452,PO-20982,TX-01452,CA01,2024,RE,100027,S027,2024-01-13,2024-01-13,2024-02-12,,,,71989.44,CAD,Pending,Net 30,0
INV-01440,PO-78740,TX-01440,CA01,2025,RE,100038,S038,2025-12-18,2025-12-20,2026-01-17,2026-01-15,2026-01-15,PAY6610156,49950.16,CAD,Paid,Net 30,0
INV-02088,PO-30535,TX-02088,CA01,2025,RE,100026,S026,2025-03-17,2025-03-18,2025-04-16,2025-04-16,2025-04-16,PAY6607021,51435.66,CAD,Paid,Net 30,0
INV-00016,PO-13248,TX-00016,CA01,2023,RE,100017,S017,2023-11-30,2023-11-30,2023-12-30,,,,128654.44,CAD,Pending,Net 30,0
INV-02241,PO-29677,TX-02241,CA01,2023,RE,100038,S038,2023-01-19,2023-01-21,2023-02-18,2023-02-13,2023-02-13,PAY6424814,20648.78,CAD,Paid,Net 30,0
INV-00482,PO-17419,TX-00482,CA01,2023,RE,100038,S038,2023-08-08,2023-08-10,2023-09-07,2023-09-04,2023-09-04,PAY6806564,789.87,CAD,Paid,Net 30,0
INV-01740,PO-56106,TX-01740,CA01,2023,RE,100033,S033,2023-03-04,2023-03-06,2023-04-03,,,,8898.84,CAD,Overdue,Net 30,0
INV-01361,PO-10084,TX-01361,CA01,2024,RE,100007,S007,2024-09-21,2024-09-22,2024-10-21,2024-10-16,2024-10-16,PAY6618697,5219.79,CAD,Paid,Net 30,0
INV-00824,PO-48228,TX-00824,CA01,2025,RE,100016,S016,2025-01-16,2025-01-18,2025-01-31,2025-01-26,2025-01-26,PAY6223095,72755.4,CAD,Paid,Net 15,0
INV-01234,PO-65552,TX-01234,CA01,2024,RE,100009,S009,2024-01-12,2024-01-14,2024-02-11,,,,73992.85,CAD,Overdue,Net 30,0
INV-01799,PO-52127,TX-01799,CA01,2024,RE,100025,S025,2024-01-25,2024-01-27,2024-02-24,2024-02-22,2024-02-22,PAY6950328,10998.77,CAD,Paid,Net 30,0
INV-01540,PO-31499,TX-01540,CA01,2024,RE,100026,S026,2024-07-09,2024-07-11,2024-08-08,2024-08-08,2024-08-08,PAY6038436,101167.09,CAD,Paid,Net 30,0
INV-00496,PO-13238,TX-00496,CA01,2023,RE,100006,S006,2023-08-24,2023-08-24,2023-10-08,,,,68268.6,CAD,Pending,Net 45,0
INV-01865,PO-39724,TX-01865,CA01,2023,RE,100005,S005,2023-01-10,2023-01-10,2023-02-09,,,,14597.08,CAD,Overdue,Net 30,0
INV-02298,PO-42543,TX-02298,CA01,2023,RE,100007,S007,2023-06-02,2023-06-04,2023-07-02,2023-07-01,2023-07-01,PAY6578388,51169.48,CAD,Paid,Net 30,0
INV-02101,PO-53855,TX-02101,CA01,2023,RE,100017,S017,2023-02-26,2023-02-27,2023-03-28,,,,14373.78,CAD,Pending,Net 30,0
INV-00934,PO-31771,TX-00934,CA01,2025,RE,100024,S024,2025-08-09,2025-08-09,2025-09-08,,,,1496.57,CAD,Pending,Net 30,0
INV-00061,PO-80010,TX-00061,CA01,2024,RE,100031,S031,2024-02-07,2024-02-09,2024-03-23,2024-03-19,2024-03-19,PAY6273276,72866.02,CAD,Paid,Net 45,0
INV-01763,PO-80314,TX-01763,CA01,2025,RE,100033,S033,2025-07-26,2025-07-26,2025-08-25,2025-08-24,2025-08-24,PAY6569868,228427.15,CAD,Paid,Net 30,0
INV-00559,PO-36577,TX-00559,CA01,2024,RE,100025,S025,2024-02-17,2024-02-17,2024-03-18,2024-03-15,2024-03-15,PAY6937412,1537.75,CAD,Paid,Net 30,0
INV-00661,PO-17149,TX-00661,CA01,2024,RE,100030,S030,2024-08-11,2024-08-12,2024-09-10,,,,35276.64,CAD,Pending,Net 30,0
INV-01914,PO-26701,TX-01914,CA01,2023,RE,100001,S001,2023-05-25,2023-05-27,2023-06-24,2023-06-21,2023-06-21,PAY6565892,15617.19,CAD,Paid,Net 30,0
INV-02068,PO-65328,TX-02068,CA01,2023,RE,100017,S017,2023-07-09,2023-07-11,2023-08-08,2023-08-08,2023-08-08,PAY6495036,56219.49,CAD,Paid,Net 30,0
INV-01270,PO-72419,TX-01270,CA01,2023,RE,100025,S025,2023-05-19,2023-05-20,2023-06-18,2023-06-17,2023-06-17,PAY6685672,7327.82,CAD,Paid,Net 30,0
INV-01197,PO-42370,TX-01197,CA01,2024,RE,100003,S003,2024-07-11,2024-07-12,2024-07-26,2024-07-21,2024-07-21,PAY6812853,33588.55,CAD,Paid,Net 15,0
INV-00682,PO-82088,TX-00682,CA01,2024,RE,100029,S029,2024-06-10,2024-06-12,2024-07-10,2024-07-08,2024-07-08,PAY6155852,5436.91,CAD,Paid,Net 30,0
INV-00569,PO-75483,TX-00569,CA01,2023,RE,100024,S024,2023-11-06,2023-11-08,2023-12-06,2023-12-06,2023-12-06,PAY6383588,573.54,CAD,Paid,Net 30,0
INV-01109,PO-60172,TX-01109,CA01,2025,RE,100025,S025,2025-05-31,2025-06-01,2025-06-30,2025-06-30,2025-06-30,PAY6411564,2073.78,CAD,Paid,Net 30,0
INV-01548,PO-39057,TX-01548,CA01,2025,RE,100038,S038,2025-10-02,2025-10-02,2025-11-01,2025-10-31,2025-10-31,PAY6234153,65667.65,CAD,Paid,Net 30,0
INV-02343,PO-44295,TX-02343,CA01,2024,RE,100039,S039,2024-07-26,2024-07-26,2024-09-09,2024-09-05,2024-09-05,PAY6934740,24843.24,CAD,Paid,Net 45,0
INV-01496,PO-74904,TX-01496,CA01,2025,RE,100008,S008,2025-06-21,2025-06-22,2025-07-21,2025-07-18,2025-07-18,PAY6809652,36340.39,CAD,Paid,Net 30,0
INV-01626,PO-66033,TX-01626,CA01,2024,RE,100029,S029,2024-06-09,2024-06-09,2024-07-09,,,,2493.57,CAD,Overdue,Net 30,0
INV-01287,PO-91766,TX-01287,CA01,2023,RE,100007,S007,2023-02-05,2023-02-06,2023-03-07,2023-03-02,2023-03-02,PAY6618241,68714.45,CAD,Paid,Net 30,0
INV-00472,PO-63636,TX-00472,CA01,2023,RE,100033,S033,2023-12-06,2023-12-06,2024-01-05,2024-01-03,2024-01-03,PAY6768844,128082.86,CAD,Paid,Net 30,0
INV-00328,PO-26284,TX-00328,CA01,2023,RE,100033,S033,2023-07-27,2023-07-27,2023-08-26,2023-08-23,2023-08-23,PAY6898801,162323.15,CAD,Paid,Net 30,0
INV-00651,PO-45887,TX-00651,CA01,2024,RE,100006,S006,2024-09-19,2024-09-21,2024-11-03,,,,132066.23,CAD,Pending,Net 45,0
INV-01920,PO-67041,TX-01920,CA01,2024,RE,100017,S017,2024-07-30,2024-08-01,2024-08-29,2024-08-24,2024-08-24,PAY6305134,6963.97,CAD,Paid,Net 30,0
INV-01298,PO-93160,TX-01298,CA01,2023,RE,100016,S016,2023-06-15,2023-06-15,2023-06-30,,,,9254.24,CAD,Overdue,Net 15,0
INV-02260,PO-57332,TX-02260,CA01,2024,RE,100004,S004,2024-04-21,2024-04-21,2024-05-21,,,,31879.28,CAD,Overdue,Net 30,0
INV-01269,PO-66769,TX-01269,CA01,2023,RE,100008,S008,2023-08-14,2023-08-16,2023-09-13,2023-09-13,2023-09-13,PAY6140384,205160.92,CAD,Paid,Net 30,0
INV-01002,PO-46848,TX-01002,CA01,2024,RE,100026,S026,2024-02-02,2024-02-04,2024-03-03,2024-02-28,2024-02-28,PAY6487274,31005.73,CAD,Paid,Net 30,0
INV-02182,PO-23398,TX-02182,CA01,2024,RE,100029,S029,2024-12-08,2024-12-10,2025-01-07,,,,8560.08,CAD,Pending,Net 30,0
INV-02252,PO-91645,TX-02252,CA01,2025,RE,100006,S006,2025-07-20,2025-07-21,2025-09-03,2025-09-03,2025-09-03,PAY6525465,107336.24,CAD,Paid,Net 45,0
INV-02148,PO-77278,TX-02148,CA01,2023,RE,100016,S016,2023-12-04,2023-12-04,2023-12-19,2023-12-15,2023-12-15,PAY6535205,1538.08,CAD,Paid,Net 15,0
INV-01222,PO-15733,TX-01222,CA01,2023,RE,100016,S016,2023-07-31,2023-08-02,2023-08-15,,,,6099.99,CAD,Pending,Net 15,0
INV-01174,PO-26343,TX-01174,CA01,2025,RE,100036,S036,2025-11-26,2025-11-26,2025-12-26,2025-12-25,2025-12-25,PAY6094952,78172.86,CAD,Paid,Net 30,0
INV-01726,PO-52842,TX-01726,CA01,2023,RE,100033,S033,2023-01-06,2023-01-07,2023-02-05,2023-01-31,2023-01-31,PAY6416059,155078.42,CAD,Paid,Net 30,0
INV-01303,PO-59185,TX-01303,CA01,2025,RE,100004,S004,2025-09-24,2025-09-25,2025-10-24,2025-10-21,2025-10-21,PAY6381540,7491.82,CAD,Paid,Net 30,0
INV-02082,PO-61337,TX-02082,CA01,2023,RE,100017,S017,2023-05-10,2023-05-12,2023-06-09,2023-06-09,2023-06-09,PAY6526560,5191.12,CAD,Paid,Net 30,0
INV-02165,PO-26629,TX-02165,CA01,2024,RE,100032,S032,2024-08-16,2024-08-17,2024-10-15,2024-10-11,2024-10-11,PAY6011106,347769.14,CAD,Paid,Net 60,0
INV-01908,PO-33996,TX-01908,CA01,2024,RE,100016,S016,2024-08-24,2024-08-24,2024-09-08,2024-09-04,2024-09-04,PAY6694868,30453.85,CAD,Paid,Net 15,0
INV-00287,PO-18292,TX-00287,CA01,2023,RE,100036,S036,2023-10-18,2023-10-20,2023-11-17,2023-11-17,2023-11-17,PAY6250484,15354.74,CAD,Paid,Net 30,0
INV-02389,PO-78406,TX-02389,CA01,2024,RE,100033,S033,2024-08-24,2024-08-24,2024-09-23,2024-09-20,2024-09-20,PAY6889173,88558.59,CAD,Paid,Net 30,0
INV-00354,PO-20208,TX-00354,CA01,2024,RE,100038,S038,2024-05-25,2024-05-25,2024-06-24,2024-06-19,2024-06-19,PAY6845718,31307.13,CAD,Paid,Net 30,0
INV-01441,PO-57443,TX-01441,CA01,2024,RE,100028,S028,2024-02-08,2024-02-09,2024-03-24,2024-03-23,2024-03-23,PAY6643863,48654.24,CAD,Paid,Net 45,0
INV-00615,PO-35312,TX-00615,CA01,2023,RE,100029,S029,2023-07-29,2023-07-30,2023-08-28,2023-08-27,2023-08-27,PAY6717395,8104.1,CAD,Paid,Net 30,0
INV-02354,PO-33033,TX-02354,CA01,2023,RE,100017,S017,2023-04-04,2023-04-05,2023-05-04,,,,10100.32,CAD,Pending,Net 30,0
INV-01143,PO-98908,TX-01143,CA01,2023,RE,100029,S029,2023-01-20,2023-01-21,2023-02-19,2023-02-17,2023-02-17,PAY6173899,6457.67,CAD,Paid,Net 30,0
INV-01288,PO-37770,TX-01288,CA01,2025,RE,100028,S028,2025-11-03,2025-11-04,2025-12-18,,,,15440.22,CAD,Pending,Net 45,0
INV-00315,PO-74921,TX-00315,CA01,2024,RE,100031,S031,2024-04-09,2024-04-11,2024-05-24,,,,67974.08,CAD,Pending,Net 45,0
INV-01194,PO-29163,TX-01194,CA01,2023,RE,100017,S017,2023-10-02,2023-10-02,2023-11-01,,,,22015.14,CAD,Pending,Net 30,0
INV-01471,PO-22652,TX-01471,CA01,2025,RE,100034,S034,2025-03-15,2025-03-15,2025-04-29,2025-04-27,2025-04-27,PAY6793988,176379.8,CAD,Paid,Net 45,0
INV-00294,PO-19064,TX-00294,CA01,2025,RE,100037,S037,2025-08-05,2025-08-05,2025-09-04,2025-09-02,2025-09-02,PAY6539111,39209.05,CAD,Paid,Net 30,0
INV-02118,PO-90544,TX-02118,CA01,2025,RE,100025,S025,2025-12-23,2025-12-23,2026-01-22,2026-01-19,2026-01-19,PAY6147189,316.86,CAD,Paid,Net 30,0
INV-01296,PO-30847,TX-01296,CA01,2025,RE,100028,S028,2025-03-14,2025-03-15,2025-04-28,2025-04-23,2025-04-23,PAY6467896,146280.26,CAD,Paid,Net 45,0
INV-00950,PO-30582,TX-00950,CA01,2023,RE,100005,S005,2023-12-13,2023-12-13,2024-01-12,2024-01-07,2024-01-07,PAY6166956,50912.05,CAD,Paid,Net 30,0
INV-01715,PO-95233,TX-01715,CA01,2023,RE,100040,S040,2023-05-14,2023-05-16,2023-07-13,2023-07-11,2023-07-11,PAY6187847,36406.27,CAD,Paid,Net 60,0
INV-02090,PO-13049,TX-02090,CA01,2024,RE,100035,S035,2024-01-22,2024-01-24,2024-03-07,2024-03-05,2024-03-05,PAY6593868,94728.51,CAD,Paid,Net 45,0
INV-00211,PO-52987,TX-00211,CA01,2025,RE,100006,S006,2025-07-27,2025-07-27,2025-09-10,,,,51392.28,CAD,Overdue,Net 45,0
INV-01249,PO-17165,TX-01249,CA01,2025,RE,100028,S028,2025-09-09,2025-09-09,2025-10-24,,,,63182.1,CAD,Overdue,Net 45,0
INV-01812,PO-28543,TX-01812,CA01,2023,RE,100003,S003,2023-05-19,2023-05-21,2023-06-03,,,,60995.49,CAD,Pending,Net 15,0
INV-02122,PO-85927,TX-02122,CA01,2025,RE,100034,S034,2025-12-07,2025-12-09,2026-01-21,2026-01-18,2026-01-18,PAY6994796,93201.13,CAD,Paid,Net 45,0
INV-01552,PO-62194,TX-01552,CA01,2024,RE,100039,S039,2024-06-19,2024-06-20,2024-08-03,2024-08-01,2024-08-01,PAY6593297,42707.04,CAD,Paid,Net 45,0
INV-02108,PO-14781,TX-02108,CA01,2025,RE,100016,S016,2025-07-20,2025-07-22,2025-08-04,2025-08-03,2025-08-03,PAY6691444,20506.79,CAD,Paid,Net 15,0
INV-01220,PO-19103,TX-01220,CA01,2023,RE,100031,S031,2023-12-04,2023-12-05,2024-01-18,2024-01-18,2024-01-18,PAY6914562,416358.24,CAD,Paid,Net 45,0
INV-00826,PO-22561,TX-00826,CA01,2024,RE,100035,S035,2024-09-09,2024-09-10,2024-10-24,2024-10-23,2024-10-23,PAY6153300,64864.31,CAD,Paid,Net 45,0
INV-01569,PO-27008,TX-01569,CA01,2025,RE,100033,S033,2025-04-18,2025-04-19,2025-05-18,,,,98198.26,CAD,Pending,Net 30,0
INV-00153,PO-61374,TX-00153,CA01,2023,RE,100018,S018,2023-10-22,2023-10-23,2023-11-21,2023-11-20,2023-11-20,PAY6771667,58625.15,CAD,Paid,Net 30,0
INV-01559,PO-65797,TX-01559,CA01,2023,RE,100030,S030,2023-04-18,2023-04-19,2023-05-18,2023-05-14,2023-05-14,PAY6767562,100480.08,CAD,Paid,Net 30,0
INV-01108,PO-77965,TX-01108,CA01,2025,RE,100007,S007,2025-02-27,2025-02-27,2025-03-29,2025-03-29,2025-03-29,PAY6506990,63044.4,CAD,Paid,Net 30,0
INV-01053,PO-50051,TX-01053,CA01,2023,RE,100030,S030,2023-03-07,2023-03-09,2023-04-06,2023-04-05,2023-04-05,PAY6984796,38887.17,CAD,Paid,Net 30,0
INV-00997,PO-70266,TX-00997,CA01,2024,RE,100034,S034,2024-05-19,2024-05-20,2024-07-03,2024-07-03,2024-07-03,PAY6376224,123014.43,CAD,Paid,Net 45,0
INV-02228,PO-40970,TX-02228,CA01,2023,RE,100038,S038,2023-03-31,2023-04-02,2023-04-30,2023-04-29,2023-04-29,PAY6042383,6692.71,CAD,Paid,Net 30,0
INV-01604,PO-29672,TX-01604,CA01,2023,RE,100030,S030,2023-05-20,2023-05-22,2023-06-19,,,,20630.55,CAD,Overdue,Net 30,0
INV-02329,PO-42929,TX-02329,CA01,2023,RE,100038,S038,2023-08-23,2023-08-24,2023-09-22,2023-09-19,2023-09-19,PAY6229448,8420.63,CAD,Paid,Net 30,0
INV-01280,PO-26478,TX-01280,CA01,2024,RE,100028,S028,2024-06-26,2024-06-26,2024-08-10,,,,10182.15,CAD,Pending,Net 45,0
INV-00176,PO-16265,TX-00176,CA01,2023,RE,100039,S039,2023-03-20,2023-03-21,2023-05-04,2023-05-01,2023-05-01,PAY6798461,16938.27,CAD,Paid,Net 45,0
INV-00485,PO-47701,TX-00485,CA01,2025,RE,100029,S029,2025-03-09,2025-03-09,2025-04-08,2025-04-06,2025-04-06,PAY6511329,4007.3,CAD,Paid,Net 30,0
INV-00495,PO-15226,TX-00495,CA01,2024,RE,100001,S001,2024-12-10,2024-12-12,2025-01-09,2025-01-06,2025-01-06,PAY6243007,38590.34,CAD,Paid,Net 30,0
INV-01725,PO-17752,TX-01725,CA01,2023,RE,100027,S027,2023-02-12,2023-02-12,2023-03-14,2023-03-14,2023-03-14,PAY6065914,26247.81,CAD,Paid,Net 30,0
INV-01250,PO-53970,TX-01250,CA01,2024,RE,100006,S006,2024-07-09,2024-07-09,2024-08-23,2024-08-19,2024-08-19,PAY6277198,4135.8,CAD,Paid,Net 45,0
INV-01465,PO-34955,TX-01465,CA01,2023,RE,100033,S033,2023-07-26,2023-07-26,2023-08-25,,,,223661.59,CAD,Overdue,Net 30,0
INV-00858,PO-55238,TX-00858,CA01,2023,RE,100018,S018,2023-02-27,2023-03-01,2023-03-29,,,,89230.21,CAD,Pending,Net 30,0
INV-01583,PO-95603,TX-01583,CA01,2023,RE,100006,S006,2023-12-26,2023-12-28,2024-02-09,2024-02-07,2024-02-07,PAY6387380,23139.42,CAD,Paid,Net 45,0
INV-01272,PO-57381,TX-01272,CA01,2023,RE,100025,S025,2023-03-13,2023-03-13,2023-04-12,,,,16831.07,CAD,Pending,Net 30,0
INV-00525,PO-73813,TX-00525,CA01,2025,RE,100034,S034,2025-11-25,2025-11-25,2026-01-09,2026-01-08,2026-01-08,PAY6245386,180341.07,CAD,Paid,Net 45,0
INV-00071,PO-67560,TX-00071,CA01,2024,RE,100007,S007,2024-09-23,2024-09-24,2024-10-23,2024-10-20,2024-10-20,PAY6044887,123487.64,CAD,Paid,Net 30,0
INV-01132,PO-85617,TX-01132,CA01,2025,RE,100029,S029,2025-01-27,2025-01-27,2025-02-26,2025-02-24,2025-02-24,PAY6701062,1001.38,CAD,Paid,Net 30,0
INV-02366,PO-84003,TX-02366,CA01,2024,RE,100025,S025,2024-02-22,2024-02-23,2024-03-23,2024-03-20,2024-03-20,PAY6216818,1264.96,CAD,Paid,Net 30,0
INV-00507,PO-37532,TX-00507,CA01,2025,RE,100001,S001,2025-03-23,2025-03-23,2025-04-22,2025-04-20,2025-04-20,PAY6543042,47800.11,CAD,Paid,Net 30,0
INV-00493,PO-96944,TX-00493,CA01,2025,RE,100036,S036,2025-04-07,2025-04-08,2025-05-07,2025-05-07,2025-05-07,PAY6951819,5937.22,CAD,Paid,Net 30,0
INV-00757,PO-17347,TX-00757,CA01,2025,RE,100034,S034,2025-07-15,2025-07-17,2025-08-29,,,,36509.67,CAD,Overdue,Net 45,0
INV-02250,PO-92802,TX-02250,CA01,2024,RE,100009,S009,2024-06-24,2024-06-24,2024-07-24,,,,49233.09,CAD,Pending,Net 30,0
INV-00362,PO-19808,TX-00362,CA01,2023,RE,100026,S026,2023-07-20,2023-07-20,2023-08-19,2023-08-19,2023-08-19,PAY6829906,55574.1,CAD,Paid,Net 30,0
INV-02031,PO-94929,TX-02031,CA01,2025,RE,100028,S028,2025-05-02,2025-05-02,2025-06-16,,,,10275.49,CAD,Pending,Net 45,0
INV-00189,PO-13445,TX-00189,CA01,2024,RE,100018,S018,2024-04-11,2024-04-11,2024-05-11,,,,7240.46,CAD,Pending,Net 30,0
INV-02313,PO-85925,TX-02313,CA01,2024,RE,100025,S025,2024-05-26,2024-05-27,2024-06-25,2024-06-24,2024-06-24,PAY6378799,6652.2,CAD,Paid,Net 30,0
INV-00756,PO-80851,TX-00756,CA01,2023,RE,100016,S016,2023-02-22,2023-02-22,2023-03-09,2023-03-04,2023-03-04,PAY6406945,80920.27,CAD,Paid,Net 15,0
INV-02299,PO-72273,TX-02299,CA01,2024,RE,100034,S034,2024-02-25,2024-02-27,2024-04-10,2024-04-08,2024-04-08,PAY6492489,26212.07,CAD,Paid,Net 45,0
INV-00611,PO-96235,TX-00611,CA01,2025,RE,100002,S002,2025-09-27,2025-09-29,2025-10-27,2025-10-22,2025-10-22,PAY6962489,888.98,CAD,Paid,Net 30,0
INV-01544,PO-99746,TX-01544,CA01,2024,RE,100031,S031,2024-04-29,2024-04-29,2024-06-13,2024-06-08,2024-06-08,PAY6476728,230014.92,CAD,Paid,Net 45,0
INV-00092,PO-40771,TX-00092,CA01,2025,RE,100006,S006,2025-09-28,2025-09-30,2025-11-12,2025-11-08,2025-11-08,PAY6924374,12856.43,CAD,Paid,Net 45,0
INV-00255,PO-80507,TX-00255,CA01,2025,RE,100039,S039,2025-05-03,2025-05-03,2025-06-17,2025-06-17,2025-06-17,PAY6048693,13771.59,CAD,Paid,Net 45,0
INV-02217,PO-57669,TX-02217,CA01,2023,RE,100032,S032,2023-10-27,2023-10-27,2023-12-26,,,,29724.23,CAD,Pending,Net 60,0
INV-01251,PO-50516,TX-01251,CA01,2023,RE,100002,S002,2023-12-06,2023-12-08,2024-01-05,2024-01-04,2024-01-04,PAY6041843,3846.16,CAD,Paid,Net 30,0
INV-00776,PO-86689,TX-00776,CA01,2024,RE,100029,S029,2024-02-20,2024-02-20,2024-03-21,2024-03-19,2024-03-19,PAY6680027,2014.69,CAD,Paid,Net 30,0
INV-01804,PO-72973,TX-01804,CA01,2024,RE,100033,S033,2024-06-24,2024-06-26,2024-07-24,,,,72946.26,CAD,Pending,Net 30,0
INV-00920,PO-72447,TX-00920,CA01,2023,RE,100018,S018,2023-07-19,2023-07-20,2023-08-18,2023-08-17,2023-08-17,PAY6339813,81384.1,CAD,Paid,Net 30,0
INV-01396,PO-94178,TX-01396,CA01,2025,RE,100016,S016,2025-04-18,2025-04-18,2025-05-03,2025-05-03,2025-05-03,PAY6108239,90965.37,CAD,Paid,Net 15,0
INV-00873,PO-30887,TX-00873,CA01,2025,RE,100030,S030,2025-06-13,2025-06-14,2025-07-13,2025-07-08,2025-07-08,PAY6737920,65692.48,CAD,Paid,Net 30,0
INV-00912,PO-42264,TX-00912,CA01,2025,RE,100029,S029,2025-12-14,2025-12-16,2026-01-13,2026-01-12,2026-01-12,PAY6546699,3420.73,CAD,Paid,Net 30,0
INV-01078,PO-54186,TX-01078,CA01,2023,RE,100034,S034,2023-07-08,2023-07-09,2023-08-22,2023-08-20,2023-08-20,PAY6664343,797.64,CAD,Paid,Net 45,0
INV-01212,PO-37521,TX-01212,CA01,2024,RE,100040,S040,2024-07-27,2024-07-28,2024-09-25,2024-09-22,2024-09-22,PAY6869948,26497.75,CAD,Paid,Net 60,0
INV-00574,PO-59947,TX-00574,CA01,2024,RE,100018,S018,2024-11-03,2024-11-05,2024-12-03,2024-11-29,2024-11-29,PAY6286780,64854.09,CAD,Paid,Net 30,0
INV-02024,PO-34582,TX-02024,CA01,2025,RE,100025,S025,2025-12-14,2025-12-15,2026-01-13,2026-01-13,2026-01-13,PAY6875427,11874.51,CAD,Paid,Net 30,0
INV-01757,PO-28790,TX-01757,CA01,2024,RE,100004,S004,2024-05-22,2024-05-23,2024-06-21,,,,16541.1,CAD,Overdue,Net 30,0
INV-00982,PO-62664,TX-00982,CA01,2025,RE,100024,S024,2025-07-04,2025-07-06,2025-08-03,2025-07-29,2025-07-29,PAY6777948,1136.02,CAD,Paid,Net 30,0
INV-01299,PO-59559,TX-01299,CA01,2024,RE,100034,S034,2024-04-04,2024-04-05,2024-05-19,,,,53944.49,CAD,Pending,Net 45,0
INV-01011,PO-42765,TX-01011,CA01,2023,RE,100025,S025,2023-02-25,2023-02-27,2023-03-27,2023-03-25,2023-03-25,PAY6276106,5905.35,CAD,Paid,Net 30,0
INV-02085,PO-62439,TX-02085,CA01,2024,RE,100026,S026,2024-05-16,2024-05-17,2024-06-15,2024-06-13,2024-06-13,PAY6606739,6043.72,CAD,Paid,Net 30,0
INV-01837,PO-13081,TX-01837,CA01,2025,RE,100035,S035,2025-03-26,2025-03-28,2025-05-10,2025-05-09,2025-05-09,PAY6570792,15796.02,CAD,Paid,Net 45,0
INV-00228,PO-32946,TX-00228,CA01,2024,RE,100001,S001,2024-04-22,2024-04-24,2024-05-22,2024-05-22,2024-05-22,PAY6597856,36502.11,CAD,Paid,Net 30,0
INV-00311,PO-93296,TX-00311,CA01,2023,RE,100039,S039,2023-10-14,2023-10-15,2023-11-28,,,,26053.12,CAD,Overdue,Net 45,0
INV-00240,PO-78202,TX-00240,CA01,2024,RE,100005,S005,2024-02-20,2024-02-21,2024-03-21,2024-03-18,2024-03-18,PAY6182294,8516.06,CAD,Paid,Net 30,0
INV-00562,PO-26809,TX-00562,CA01,2025,RE,100027,S027,2025-11-15,2025-11-16,2025-12-15,2025-12-12,2025-12-12,PAY6394956,13216.47,CAD,Paid,Net 30,0
INV-00579,PO-81884,TX-00579,CA01,2023,RE,100031,S031,2023-12-11,2023-12-11,2024-01-25,2024-01-21,2024-01-21,PAY6685428,36643.09,CAD,Paid,Net 45,0
INV-00663,PO-36467,TX-00663,CA01,2024,RE,100036,S036,2024-10-30,2024-10-30,2024-11-29,2024-11-24,2024-11-24,PAY6396905,17624.02,CAD,Paid,Net 30,0
INV-01353,PO-29385,TX-01353,CA01,2024,RE,100006,S006,2024-07-13,2024-07-13,2024-08-27,2024-08-23,2024-08-23,PAY6383041,154015.59,CAD,Paid,Net 45,0
INV-00598,PO-82034,TX-00598,CA01,2024,RE,100025,S025,2024-10-02,2024-10-04,2024-11-01,,,,4257.58,CAD,Overdue,Net 30,0
INV-00516,PO-19882,TX-00516,CA01,2024,RE,100037,S037,2024-06-24,2024-06-25,2024-07-24,2024-07-23,2024-07-23,PAY6616225,77682.62,CAD,Paid,Net 30,0
INV-00821,PO-57416,TX-00821,CA01,2024,RE,100024,S024,2024-07-25,2024-07-27,2024-08-24,2024-08-24,2024-08-24,PAY6685073,9798.77,CAD,Paid,Net 30,0
INV-00268,PO-17923,TX-00268,CA01,2023,RE,100017,S017,2023-11-13,2023-11-13,2023-12-13,2023-12-10,2023-12-10,PAY6941858,5022.81,CAD,Paid,Net 30,0
INV-02016,PO-24860,TX-02016,CA01,2023,RE,100016,S016,2023-10-10,2023-10-11,2023-10-25,2023-10-25,2023-10-25,PAY6876052,107018.04,CAD,Paid,Net 15,0
INV-00590,PO-33908,TX-00590,CA01,2025,RE,100033,S033,2025-12-26,2025-12-28,2026-01-25,2026-01-24,2026-01-24,PAY6081618,183397.04,CAD,Paid,Net 30,0
INV-02138,PO-46601,TX-02138,CA01,2023,RE,100033,S033,2023-05-21,2023-05-22,2023-06-20,,,,8362.52,CAD,Pending,Net 30,0
INV-00631,PO-27088,TX-00631,CA01,2023,RE,100040,S040,2023-04-18,2023-04-20,2023-06-17,2023-06-17,2023-06-17,PAY6541760,30281.0,CAD,Paid,Net 60,0
INV-01523,PO-18513,TX-01523,CA01,2025,RE,100033,S033,2025-04-12,2025-04-13,2025-05-12,,,,89833.2,CAD,Pending,Net 30,0
INV-00706,PO-52712,TX-00706,CA01,2023,RE,100034,S034,2023-08-01,2023-08-01,2023-09-15,2023-09-15,2023-09-15,PAY6263807,93817.5,CAD,Paid,Net 45,0
INV-00371,PO-53456,TX-00371,CA01,2023,RE,100031,S031,2023-05-19,2023-05-19,2023-07-03,2023-07-03,2023-07-03,PAY6394609,90250.17,CAD,Paid,Net 45,0
INV-00979,PO-50481,TX-00979,CA01,2023,RE,100031,S031,2023-12-13,2023-12-14,2024-01-27,2024-01-26,2024-01-26,PAY6951312,245046.22,CAD,Paid,Net 45,0
INV-00654,PO-74414,TX-00654,CA01,2025,RE,100037,S037,2025-08-21,2025-08-23,2025-09-20,,,,48017.29,CAD,Overdue,Net 30,0
INV-00217,PO-18163,TX-00217,CA01,2025,RE,100038,S038,2025-10-27,2025-10-27,2025-11-26,2025-11-25,2025-11-25,PAY6233726,72048.6,CAD,Paid,Net 30,0
INV-02178,PO-99591,TX-02178,CA01,2024,RE,100024,S024,2024-08-30,2024-08-30,2024-09-29,2024-09-28,2024-09-28,PAY6541455,1148.57,CAD,Paid,Net 30,0
INV-00334,PO-27973,TX-00334,CA01,2023,RE,100038,S038,2023-08-02,2023-08-02,2023-09-01,,,,4792.89,CAD,Overdue,Net 30,0
INV-01085,PO-27423,TX-01085,CA01,2024,RE,100018,S018,2024-10-27,2024-10-28,2024-11-26,2024-11-23,2024-11-23,PAY6425556,126775.9,CAD,Paid,Net 30,0
INV-01059,PO-11447,TX-01059,CA01,2025,RE,100024,S024,2025-12-10,2025-12-11,2026-01-09,2026-01-07,2026-01-07,PAY6370040,184.05,CAD,Paid,Net 30,0
INV-01652,PO-12116,TX-01652,CA01,2025,RE,100027,S027,2025-09-10,2025-09-12,2025-10-10,2025-10-05,2025-10-05,PAY6856934,12017.71,CAD,Paid,Net 30,0
INV-01761,PO-84906,TX-01761,CA01,2023,RE,100005,S005,2023-06-04,2023-06-06,2023-07-04,2023-06-29,2023-06-29,PAY6909869,5129.17,CAD,Paid,Net 30,0
INV-01645,PO-15171,TX-01645,CA01,2024,RE,100024,S024,2024-09-25,2024-09-27,2024-10-25,,,,296.7,CAD,Pending,Net 30,0
INV-00736,PO-47852,TX-00736,CA01,2024,RE,100039,S039,2024-06-22,2024-06-23,2024-08-06,2024-08-01,2024-08-01,PAY6361792,14182.53,CAD,Paid,Net 45,0
INV-00359,PO-53911,TX-00359,CA01,2023,RE,100016,S016,2023-02-20,2023-02-21,2023-03-07,2023-03-07,2023-03-07,PAY6510511,19157.64,CAD,Paid,Net 15,0
INV-00377,PO-60905,TX-00377,CA01,2025,RE,100039,S039,2025-09-25,2025-09-27,2025-11-09,2025-11-05,2025-11-05,PAY6831161,20872.29,CAD,Paid,Net 45,0
INV-00764,PO-82536,TX-00764,CA01,2023,RE,100018,S018,2023-09-11,2023-09-13,2023-10-11,2023-10-07,2023-10-07,PAY6505529,41843.06,CAD,Paid,Net 30,0
INV-01857,PO-10255,TX-01857,CA01,2024,RE,100025,S025,2024-07-11,2024-07-12,2024-08-10,2024-08-08,2024-08-08,PAY6930267,4974.24,CAD,Paid,Net 30,0
INV-02206,PO-94560,TX-02206,CA01,2024,RE,100028,S028,2024-01-28,2024-01-30,2024-03-13,2024-03-13,2024-03-13,PAY6633561,41983.47,CAD,Paid,Net 45,0
INV-00245,PO-65097,TX-00245,CA01,2023,RE,100034,S034,2023-10-07,2023-10-07,2023-11-21,,,,380832.41,CAD,Pending,Net 45,0
INV-02015,PO-52959,TX-02015,CA01,2024,RE,100026,S026,2024-09-07,2024-09-08,2024-10-07,2024-10-07,2024-10-07,PAY6006918,9540.67,CAD,Paid,Net 30,0
INV-02309,PO-96495,TX-02309,CA01,2023,RE,100039,S039,2023-07-05,2023-07-07,2023-08-19,2023-08-19,2023-08-19,PAY6526214,20563.88,CAD,Paid,Net 45,0
INV-02297,PO-12890,TX-02297,CA01,2025,RE,100027,S027,2025-12-19,2025-12-20,2026-01-18,2026-01-17,2026-01-17,PAY6924879,45178.12,CAD,Paid,Net 30,0
INV-00308,PO-88246,TX-00308,CA01,2024,RE,100025,S025,2024-06-24,2024-06-24,2024-07-24,,,,8014.3,CAD,Pending,Net 30,0
INV-00684,PO-14660,TX-00684,CA01,2024,RE,100017,S017,2024-11-27,2024-11-28,2024-12-27,2024-12-22,2024-12-22,PAY6145718,75808.1,CAD,Paid,Net 30,0
INV-00963,PO-92180,TX-00963,CA01,2023,RE,100034,S034,2023-08-20,2023-08-21,2023-10-04,2023-10-01,2023-10-01,PAY6461267,317243.2,CAD,Paid,Net 45,0
INV-01694,PO-85448,TX-01694,CA01,2023,RE,100038,S038,2023-08-10,2023-08-11,2023-09-09,2023-09-08,2023-09-08,PAY6173650,47950.93,CAD,Paid,Net 30,0
INV-01779,PO-24858,TX-01779,CA01,2025,RE,100037,S037,2025-08-24,2025-08-25,2025-09-23,2025-09-23,2025-09-23,PAY6241162,37312.42,CAD,Paid,Net 30,0
INV-00603,PO-73942,TX-00603,CA01,2023,RE,100001,S001,2023-11-19,2023-11-19,2023-12-19,2023-12-17,2023-12-17,PAY6080832,51187.05,CAD,Paid,Net 30,0
INV-02255,PO-15076,TX-02255,CA01,2023,RE,100001,S001,2023-05-03,2023-05-04,2023-06-02,2023-06-02,2023-06-02,PAY6539535,56161.66,CAD,Paid,Net 30,0
INV-00786,PO-70199,TX-00786,CA01,2023,RE,100035,S035,2023-07-06,2023-07-07,2023-08-20,2023-08-20,2023-08-20,PAY6674734,13132.25,CAD,Paid,Net 45,0
INV-02325,PO-79914,TX-02325,CA01,2023,RE,100018,S018,2023-07-25,2023-07-27,2023-08-24,2023-08-21,2023-08-21,PAY6294450,22973.22,CAD,Paid,Net 30,0
INV-01581,PO-74858,TX-01581,CA01,2024,RE,100028,S028,2024-10-19,2024-10-20,2024-12-03,,,,78120.37,CAD,Pending,Net 45,0
INV-00927,PO-49013,TX-00927,CA01,2024,RE,100027,S027,2024-01-13,2024-01-15,2024-02-12,2024-02-12,2024-02-12,PAY6221791,12662.37,CAD,Paid,Net 30,0
INV-01195,PO-78809,TX-01195,CA01,2024,RE,100038,S038,2024-02-19,2024-02-19,2024-03-20,2024-03-19,2024-03-19,PAY6157538,978.07,CAD,Paid,Net 30,0
INV-01674,PO-39769,TX-01674,CA01,2025,RE,100031,S031,2025-01-25,2025-01-25,2025-03-11,2025-03-07,2025-03-07,PAY6195984,21337.41,CAD,Paid,Net 45,0
INV-00724,PO-46624,TX-00724,CA01,2023,RE,100027,S027,2023-06-19,2023-06-19,2023-07-19,2023-07-16,2023-07-16,PAY6165001,33264.78,CAD,Paid,Net 30,0
INV-02042,PO-82597,TX-02042,CA01,2023,RE,100036,S036,2023-01-11,2023-01-11,2023-02-10,,,,2477.17,CAD,Pending,Net 30,0
INV-00839,PO-39825,TX-00839,CA01,2025,RE,100008,S008,2025-01-01,2025-01-03,2025-01-31,2025-01-26,2025-01-26,PAY6379818,108998.66,CAD,Paid,Net 30,0
INV-01754,PO-54741,TX-01754,CA01,2024,RE,100024,S024,2024-10-20,2024-10-21,2024-11-19,2024-11-16,2024-11-16,PAY6631264,78.74,CAD,Paid,Net 30,0
INV-00522,PO-71561,TX-00522,CA01,2024,RE,100034,S034,2024-03-03,2024-03-03,2024-04-17,,,,129143.53,CAD,Pending,Net 45,0
INV-02334,PO-20053,TX-02334,CA01,2025,RE,100035,S035,2025-08-19,2025-08-20,2025-10-03,2025-09-30,2025-09-30,PAY6752146,17501.36,CAD,Paid,Net 45,0
INV-00340,PO-79243,TX-00340,CA01,2025,RE,100002,S002,2025-03-02,2025-03-04,2025-04-01,2025-04-01,2025-04-01,PAY6856639,7137.66,CAD,Paid,Net 30,0
INV-01557,PO-87352,TX-01557,CA01,2023,RE,100039,S039,2023-06-19,2023-06-21,2023-08-03,2023-07-31,2023-07-31,PAY6124078,6108.98,CAD,Paid,Net 45,0
INV-02191,PO-60191,TX-02191,CA01,2023,RE,100009,S009,2023-07-03,2023-07-05,2023-08-02,,,,7954.59,CAD,Overdue,Net 30,0
INV-01071,PO-27888,TX-01071,CA01,2024,RE,100006,S006,2024-02-04,2024-02-04,2024-03-20,,,,3065.09,CAD,Overdue,Net 45,0
INV-01332,PO-17899,TX-01332,CA01,2024,RE,100029,S029,2024-03-04,2024-03-05,2024-04-03,,,,1704.11,CAD,Overdue,Net 30,0
INV-00056,PO-72402,TX-00056,CA01,2023,RE,100005,S005,2023-06-29,2023-06-30,2023-07-29,2023-07-24,2023-07-24,PAY6693223,10389.63,CAD,Paid,Net 30,0
INV-00583,PO-88326,TX-00583,CA01,2025,RE,100040,S040,2025-07-03,2025-07-04,2025-09-01,2025-08-29,2025-08-29,PAY6241535,30360.67,CAD,Paid,Net 60,0
INV-00157,PO-67366,TX-00157,CA01,2023,RE,100040,S040,2023-09-27,2023-09-29,2023-11-26,2023-11-25,2023-11-25,PAY6434753,9937.55,CAD,Paid,Net 60,0
INV-00283,PO-45358,TX-00283,CA01,2023,RE,100035,S035,2023-07-12,2023-07-12,2023-08-26,,,,5238.6,CAD,Pending,Net 45,0
INV-01110,PO-28705,TX-01110,CA01,2023,RE,100034,S034,2023-07-07,2023-07-09,2023-08-21,2023-08-19,2023-08-19,PAY6850576,46065.62,CAD,Paid,Net 45,0
INV-01697,PO-53117,TX-01697,CA01,2023,RE,100039,S039,2023-02-28,2023-03-02,2023-04-14,2023-04-13,2023-04-13,PAY6346265,4953.43,CAD,Paid,Net 45,0
INV-01068,PO-58330,TX-01068,CA01,2024,RE,100031,S031,2024-03-24,2024-03-25,2024-05-08,2024-05-07,2024-05-07,PAY6755242,231182.73,CAD,Paid,Net 45,0
INV-01205,PO-57973,TX-01205,CA01,2025,RE,100002,S002,2025-05-07,2025-05-09,2025-06-06,,,,13451.06,CAD,Pending,Net 30,0
INV-02084,PO-79248,TX-02084,CA01,2025,RE,100030,S030,2025-11-24,2025-11-25,2025-12-24,,,,27416.28,CAD,Overdue,Net 30,0
INV-01102,PO-64502,TX-01102,CA01,2025,RE,100001,S001,2025-10-23,2025-10-23,2025-11-22,,,,25525.9,CAD,Overdue,Net 30,0
INV-02184,PO-99142,TX-02184,CA01,2024,RE,100034,S034,2024-10-31,2024-11-01,2024-12-15,,,,11739.48,CAD,Pending,Net 45,0
INV-02099,PO-22492,TX-02099,CA01,2025,RE,100007,S007,2025-11-03,2025-11-03,2025-12-03,2025-12-01,2025-12-01,PAY6118844,120801.76,CAD,Paid,Net 30,0
INV-01439,PO-81857,TX-01439,CA01,2024,RE,100038,S038,2024-04-09,2024-04-10,2024-05-09,2024-05-07,2024-05-07,PAY6504906,57279.46,CAD,Paid,Net 30,0
INV-01493,PO-83716,TX-01493,CA01,2025,RE,100003,S003,2025-04-15,2025-04-17,2025-04-30,2025-04-27,2025-04-27,PAY6708029,21831.29,CAD,Paid,Net 15,0
INV-02251,PO-90758,TX-02251,CA01,2024,RE,100002,S002,2024-08-10,2024-08-12,2024-09-09,2024-09-08,2024-09-08,PAY6502073,503.79,CAD,Paid,Net 30,0
INV-00917,PO-62286,TX-00917,CA01,2025,RE,100027,S027,2025-02-27,2025-02-27,2025-03-29,2025-03-29,2025-03-29,PAY6502290,10095.64,CAD,Paid,Net 30,0
INV-00669,PO-41179,TX-00669,CA01,2025,RE,100031,S031,2025-10-23,2025-10-23,2025-12-07,2025-12-03,2025-12-03,PAY6220939,265991.72,CAD,Paid,Net 45,0
INV-02009,PO-12244,TX-02009,CA01,2023,RE,100034,S034,2023-03-17,2023-03-17,2023-05-01,2023-04-27,2023-04-27,PAY6619489,2451.32,CAD,Paid,Net 45,0
INV-00685,PO-70616,TX-00685,CA01,2025,RE,100036,S036,2025-08-04,2025-08-05,2025-09-03,,,,81264.32,CAD,Pending,Net 30,0
INV-00531,PO-73133,TX-00531,CA01,2024,RE,100040,S040,2024-08-09,2024-08-10,2024-10-08,2024-10-04,2024-10-04,PAY6169078,21621.81,CAD,Paid,Net 60,0
INV-00259,PO-98008,TX-00259,CA01,2023,RE,100034,S034,2023-03-25,2023-03-25,2023-05-09,2023-05-08,2023-05-08,PAY6678700,104224.38,CAD,Paid,Net 45,0
INV-01758,PO-32271,TX-01758,CA01,2023,RE,100033,S033,2023-05-21,2023-05-23,2023-06-20,2023-06-15,2023-06-15,PAY6873846,71262.73,CAD,Paid,Net 30,0
INV-01273,PO-65433,TX-01273,CA01,2023,RE,100039,S039,2023-04-25,2023-04-26,2023-06-09,2023-06-07,2023-06-07,PAY6430859,1414.17,CAD,Paid,Net 45,0
INV-00209,PO-57920,TX-00209,CA01,2025,RE,100008,S008,2025-03-21,2025-03-22,2025-04-20,2025-04-17,2025-04-17,PAY6023536,95882.84,CAD,Paid,Net 30,0
INV-01313,PO-48466,TX-01313,CA01,2023,RE,100026,S026,2023-03-16,2023-03-17,2023-04-15,2023-04-12,2023-04-12,PAY6255506,69778.75,CAD,Paid,Net 30,0
INV-01119,PO-51317,TX-01119,CA01,2024,RE,100030,S030,2024-11-24,2024-11-24,2024-12-24,2024-12-20,2024-12-20,PAY6045240,36913.09,CAD,Paid,Net 30,0
INV-00642,PO-83490,TX-00642,CA01,2025,RE,100006,S006,2025-12-30,2025-12-30,2026-02-13,2026-02-10,2026-02-10,PAY6134097,8392.74,CAD,Paid,Net 45,0
INV-00793,PO-76003,TX-00793,CA01,2024,RE,100040,S040,2024-03-09,2024-03-09,2024-05-08,2024-05-08,2024-05-08,PAY6601344,104353.57,CAD,Paid,Net 60,0
INV-00471,PO-81786,TX-00471,CA01,2024,RE,100024,S024,2024-12-30,2024-12-30,2025-01-29,,,,16116.22,CAD,Pending,Net 30,0
INV-00405,PO-14551,TX-00405,CA01,2024,RE,100039,S039,2024-04-28,2024-04-28,2024-06-12,2024-06-12,2024-06-12,PAY6621121,5627.64,CAD,Paid,Net 45,0
INV-02293,PO-83509,TX-02293,CA01,2024,RE,100034,S034,2024-10-03,2024-10-05,2024-11-17,2024-11-15,2024-11-15,PAY6168956,46299.03,CAD,Paid,Net 45,0
INV-02261,PO-35762,TX-02261,CA01,2024,RE,100034,S034,2024-02-19,2024-02-21,2024-04-04,,,,91027.29,CAD,Pending,Net 45,0
INV-02103,PO-25689,TX-02103,CA01,2025,RE,100039,S039,2025-10-22,2025-10-22,2025-12-06,2025-12-03,2025-12-03,PAY6141268,8682.08,CAD,Paid,Net 45,0
INV-00563,PO-61605,TX-00563,CA01,2025,RE,100005,S005,2025-05-23,2025-05-24,2025-06-22,2025-06-21,2025-06-21,PAY6660120,24785.28,CAD,Paid,Net 30,0
INV-00257,PO-53288,TX-00257,CA01,2025,RE,100039,S039,2025-12-22,2025-12-22,2026-02-05,2026-02-02,2026-02-02,PAY6537544,4151.8,CAD,Paid,Net 45,0
INV-00604,PO-59514,TX-00604,CA01,2024,RE,100025,S025,2024-12-14,2024-12-16,2025-01-13,,,,8268.89,CAD,Overdue,Net 30,0
INV-01917,PO-38819,TX-01917,CA01,2024,RE,100033,S033,2024-05-05,2024-05-07,2024-06-04,2024-06-03,2024-06-03,PAY6041094,56307.3,CAD,Paid,Net 30,0
INV-00106,PO-58311,TX-00106,CA01,2025,RE,100033,S033,2025-03-23,2025-03-24,2025-04-22,2025-04-17,2025-04-17,PAY6934069,10258.0,CAD,Paid,Net 30,0
INV-01546,PO-60800,TX-01546,CA01,2025,RE,100025,S025,2025-02-16,2025-02-18,2025-03-18,2025-03-14,2025-03-14,PAY6600067,13629.23,CAD,Paid,Net 30,0
INV-01428,PO-63557,TX-01428,CA01,2025,RE,100004,S004,2025-08-14,2025-08-14,2025-09-13,2025-09-12,2025-09-12,PAY6153999,2798.74,CAD,Paid,Net 30,0
INV-01855,PO-32940,TX-01855,CA01,2023,RE,100039,S039,2023-03-22,2023-03-23,2023-05-06,2023-05-01,2023-05-01,PAY6058627,42531.54,CAD,Paid,Net 45,0
INV-00091,PO-20527,TX-00091,CA01,2024,RE,100026,S026,2024-07-01,2024-07-01,2024-07-31,2024-07-27,2024-07-27,PAY6174421,63588.09,CAD,Paid,Net 30,0
INV-00117,PO-87182,TX-00117,CA01,2023,RE,100032,S032,2023-02-23,2023-02-23,2023-04-24,2023-04-24,2023-04-24,PAY6270804,34715.42,CAD,Paid,Net 60,0
INV-00440,PO-79603,TX-00440,CA01,2024,RE,100001,S001,2024-02-19,2024-02-20,2024-03-20,2024-03-17,2024-03-17,PAY6967255,63653.81,CAD,Paid,Net 30,0
INV-00125,PO-18799,TX-00125,CA01,2024,RE,100006,S006,2024-06-08,2024-06-08,2024-07-23,2024-07-18,2024-07-18,PAY6188783,19942.98,CAD,Paid,Net 45,0
INV-01966,PO-67098,TX-01966,CA01,2023,RE,100037,S037,2023-05-23,2023-05-25,2023-06-22,,,,117050.02,CAD,Overdue,Net 30,0
INV-00828,PO-83224,TX-00828,CA01,2024,RE,100034,S034,2024-03-28,2024-03-28,2024-05-12,,,,13681.57,CAD,Overdue,Net 45,0
INV-01685,PO-52922,TX-01685,CA01,2023,RE,100036,S036,2023-11-11,2023-11-12,2023-12-11,2023-12-09,2023-12-09,PAY6541737,7699.17,CAD,Paid,Net 30,0
INV-01627,PO-45908,TX-01627,CA01,2024,RE,100039,S039,2024-02-15,2024-02-16,2024-03-31,2024-03-28,2024-03-28,PAY6425151,50754.97,CAD,Paid,Net 45,0
INV-02271,PO-89443,TX-02271,CA01,2024,RE,100031,S031,2024-09-05,2024-09-06,2024-10-20,2024-10-16,2024-10-16,PAY6628471,230401.82,CAD,Paid,Net 45,0
INV-00084,PO-46208,TX-00084,CA01,2025,RE,100038,S038,2025-11-09,2025-11-09,2025-12-09,2025-12-06,2025-12-06,PAY6590982,12862.96,CAD,Paid,Net 30,0
INV-01593,PO-57628,TX-01593,CA01,2023,RE,100004,S004,2023-05-08,2023-05-09,2023-06-07,2023-06-05,2023-06-05,PAY6668595,11976.26,CAD,Paid,Net 30,0
INV-01490,PO-22502,TX-01490,CA01,2023,RE,100028,S028,2023-08-19,2023-08-20,2023-10-03,2023-09-29,2023-09-29,PAY6019524,43943.07,CAD,Paid,Net 45,0
INV-01027,PO-15530,TX-01027,CA01,2024,RE,100035,S035,2024-09-07,2024-09-07,2024-10-22,2024-10-18,2024-10-18,PAY6921183,23311.59,CAD,Paid,Net 45,0
INV-00680,PO-90649,TX-00680,CA01,2025,RE,100001,S001,2025-08-13,2025-08-15,2025-09-12,2025-09-10,2025-09-10,PAY6754500,7403.04,CAD,Paid,Net 30,0
INV-01193,PO-87489,TX-01193,CA01,2023,RE,100025,S025,2023-08-01,2023-08-01,2023-08-31,2023-08-28,2023-08-28,PAY6763336,8157.58,CAD,Paid,Net 30,0
INV-01385,PO-18226,TX-01385,CA01,2025,RE,100018,S018,2025-10-28,2025-10-29,2025-11-27,2025-11-25,2025-11-25,PAY6693889,40589.15,CAD,Paid,Net 30,0
INV-00032,PO-77889,TX-00032,CA01,2023,RE,100016,S016,2023-08-14,2023-08-15,2023-08-29,2023-08-28,2023-08-28,PAY6861198,38419.28,CAD,Paid,Net 15,0
INV-01478,PO-12767,TX-01478,CA01,2024,RE,100029,S029,2024-11-09,2024-11-09,2024-12-09,2024-12-09,2024-12-09,PAY6297223,1643.3,CAD,Paid,Net 30,0
INV-00393,PO-95323,TX-00393,CA01,2025,RE,100030,S030,2025-02-08,2025-02-10,2025-03-10,2025-03-08,2025-03-08,PAY6993267,11849.27,CAD,Paid,Net 30,0
INV-01124,PO-55656,TX-01124,CA01,2025,RE,100027,S027,2025-09-26,2025-09-27,2025-10-26,,,,43479.02,CAD,Pending,Net 30,0
INV-02352,PO-37536,TX-02352,CA01,2025,RE,100016,S016,2025-10-21,2025-10-22,2025-11-05,,,,12674.58,CAD,Pending,Net 15,0
INV-01355,PO-24146,TX-01355,CA01,2023,RE,100034,S034,2023-07-03,2023-07-04,2023-08-17,2023-08-13,2023-08-13,PAY6089913,67070.25,CAD,Paid,Net 45,0
INV-02132,PO-73167,TX-02132,CA01,2023,RE,100006,S006,2023-06-01,2023-06-01,2023-07-16,2023-07-15,2023-07-15,PAY6227114,63184.27,CAD,Paid,Net 45,0
INV-02066,PO-44228,TX-02066,CA01,2023,RE,100008,S008,2023-06-24,2023-06-25,2023-07-24,2023-07-24,2023-07-24,PAY6471023,50746.31,CAD,Paid,Net 30,0
INV-01929,PO-72721,TX-01929,CA01,2024,RE,100039,S039,2024-04-14,2024-04-16,2024-05-29,2024-05-27,2024-05-27,PAY6635988,25989.83,CAD,Paid,Net 45,0
INV-00432,PO-83273,TX-00432,CA01,2024,RE,100037,S037,2024-08-26,2024-08-27,2024-09-25,2024-09-25,2024-09-25,PAY6494312,4159.8,CAD,Paid,Net 30,0
INV-01776,PO-18653,TX-01776,CA01,2024,RE,100009,S009,2024-02-25,2024-02-26,2024-03-26,2024-03-23,2024-03-23,PAY6909432,174435.43,CAD,Paid,Net 30,0
INV-00910,PO-26207,TX-00910,CA01,2025,RE,100006,S006,2025-10-07,2025-10-09,2025-11-21,2025-11-17,2025-11-17,PAY6505065,34076.88,CAD,Paid,Net 45,0
INV-01412,PO-27002,TX-01412,CA01,2024,RE,100018,S018,2024-10-11,2024-10-12,2024-11-10,,,,45379.77,CAD,Pending,Net 30,0
INV-00353,PO-82465,TX-00353,CA01,2025,RE,100004,S004,2025-02-25,2025-02-25,2025-03-27,2025-03-25,2025-03-25,PAY6178852,15641.1,CAD,Paid,Net 30,0
INV-00284,PO-63483,TX-00284,CA01,2024,RE,100008,S008,2024-01-21,2024-01-21,2024-02-20,2024-02-16,2024-02-16,PAY6230019,64681.33,CAD,Paid,Net 30,0
INV-02204,PO-31981,TX-02204,CA01,2023,RE,100038,S038,2023-01-20,2023-01-20,2023-02-19,2023-02-18,2023-02-18,PAY6870699,12611.45,CAD,Paid,Net 30,0
INV-01025,PO-35612,TX-01025,CA01,2025,RE,100016,S016,2025-11-07,2025-11-09,2025-11-22,2025-11-21,2025-11-21,PAY6430720,84281.95,CAD,Paid,Net 15,0
INV-00609,PO-52283,TX-00609,CA01,2025,RE,100038,S038,2025-10-16,2025-10-17,2025-11-15,2025-11-15,2025-11-15,PAY6630025,14473.31,CAD,Paid,Net 30,0
INV-00864,PO-62694,TX-00864,CA01,2024,RE,100026,S026,2024-03-17,2024-03-17,2024-04-16,,,,4917.61,CAD,Overdue,Net 30,0
INV-01240,PO-28061,TX-01240,CA01,2025,RE,100027,S027,2025-05-18,2025-05-20,2025-06-17,2025-06-16,2025-06-16,PAY6149644,37539.03,CAD,Paid,Net 30,0
INV-01051,PO-82432,TX-01051,CA01,2024,RE,100029,S029,2024-03-09,2024-03-10,2024-04-08,,,,5227.44,CAD,Pending,Net 30,0
INV-01117,PO-15486,TX-01117,CA01,2024,RE,100007,S007,2024-07-02,2024-07-04,2024-08-01,,,,13460.76,CAD,Pending,Net 30,0
INV-02211,PO-52655,TX-02211,CA01,2025,RE,100034,S034,2025-02-17,2025-02-17,2025-04-03,,,,58799.14,CAD,Overdue,Net 45,0
INV-00568,PO-59923,TX-00568,CA01,2024,RE,100024,S024,2024-07-13,2024-07-13,2024-08-12,,,,9333.61,CAD,Pending,Net 30,0
INV-DUP-030,PO-14282,TX-DUP-030,CA01,2025,RE,100033,S033,2025-05-06,2025-05-06,2025-06-05,2025-05-31,2025-05-31,PAY6833215,22032.28,CAD,Paid,Net 30,0
INV-01118,PO-44843,TX-01118,CA01,2023,RE,100008,S008,2023-01-19,2023-01-21,2023-02-18,,,,53926.12,CAD,Pending,Net 30,0
INV-02089,PO-40025,TX-02089,CA01,2024,RE,100035,S035,2024-08-21,2024-08-23,2024-10-05,2024-10-04,2024-10-04,PAY6610948,14427.55,CAD,Paid,Net 45,0
INV-00004,PO-84085,TX-00004,CA01,2023,RE,100029,S029,2023-03-25,2023-03-25,2023-04-24,,,,5612.4,CAD,Overdue,Net 30,0
INV-01213,PO-20911,TX-01213,CA01,2024,RE,100007,S007,2024-12-16,2024-12-18,2025-01-15,,,,152188.83,CAD,Overdue,Net 30,0
INV-00194,PO-45972,TX-00194,CA01,2024,RE,100025,S025,2024-08-11,2024-08-11,2024-09-10,2024-09-08,2024-09-08,PAY6860307,5506.72,CAD,Paid,Net 30,0
INV-01638,PO-24723,TX-01638,CA01,2024,RE,100028,S028,2024-11-18,2024-11-18,2025-01-02,,,,87395.07,CAD,Pending,Net 45,0
INV-00199,PO-28830,TX-00199,CA01,2023,RE,100028,S028,2023-11-21,2023-11-22,2024-01-05,2024-01-01,2024-01-01,PAY6804771,63677.05,CAD,Paid,Net 45,0
INV-02055,PO-35671,TX-02055,CA01,2024,RE,100040,S040,2024-01-31,2024-02-02,2024-03-31,2024-03-26,2024-03-26,PAY6190719,3616.52,CAD,Paid,Net 60,0
INV-00166,PO-79176,TX-00166,CA01,2023,RE,100040,S040,2023-06-13,2023-06-13,2023-08-12,2023-08-12,2023-08-12,PAY6653484,3023.88,CAD,Paid,Net 60,0
INV-00202,PO-52917,TX-00202,CA01,2025,RE,100003,S003,2025-05-12,2025-05-12,2025-05-27,,,,22311.55,CAD,Pending,Net 15,0
INV-02306,PO-52788,TX-02306,CA01,2024,RE,100031,S031,2024-07-14,2024-07-16,2024-08-28,,,,206382.89,CAD,Overdue,Net 45,0
INV-00006,PO-23104,TX-00006,CA01,2023,RE,100034,S034,2023-06-04,2023-06-05,2023-07-19,2023-07-18,2023-07-18,PAY6691691,18994.74,CAD,Paid,Net 45,0
INV-01316,PO-52147,TX-01316,CA01,2023,RE,100007,S007,2023-01-30,2023-01-31,2023-03-01,2023-02-25,2023-02-25,PAY6535617,46699.93,CAD,Paid,Net 30,0
INV-01692,PO-66854,TX-01692,CA01,2025,RE,100007,S007,2025-09-23,2025-09-23,2025-10-23,2025-10-20,2025-10-20,PAY6277370,35588.33,CAD,Paid,Net 30,0
INV-00173,PO-99742,TX-00173,CA01,2024,RE,100034,S034,2024-12-26,2024-12-28,2025-02-09,2025-02-07,2025-02-07,PAY6175868,139168.0,CAD,Paid,Net 45,0
INV-00738,PO-43468,TX-00738,CA01,2024,RE,100006,S006,2024-07-16,2024-07-17,2024-08-30,2024-08-29,2024-08-29,PAY6759364,30565.34,CAD,Paid,Net 45,0
INV-01890,PO-61211,TX-01890,CA01,2024,RE,100027,S027,2024-04-22,2024-04-24,2024-05-22,,,,20194.62,CAD,Overdue,Net 30,0
INV-01489,PO-40423,TX-01489,CA01,2024,RE,100033,S033,2024-04-10,2024-04-12,2024-05-10,2024-05-09,2024-05-09,PAY6718894,6809.43,CAD,Paid,Net 30,0
INV-00443,PO-27536,TX-00443,CA01,2025,RE,100033,S033,2025-12-07,2025-12-07,2026-01-06,2026-01-05,2026-01-05,PAY6359316,116384.47,CAD,Paid,Net 30,0
INV-01009,PO-77797,TX-01009,CA01,2023,RE,100039,S039,2023-09-11,2023-09-12,2023-10-26,2023-10-22,2023-10-22,PAY6967156,33471.65,CAD,Paid,Net 45,0
INV-00975,PO-50593,TX-00975,CA01,2023,RE,100027,S027,2023-05-21,2023-05-21,2023-06-20,2023-06-18,2023-06-18,PAY6475497,96063.77,CAD,Paid,Net 30,0
INV-01136,PO-85231,TX-01136,CA01,2024,RE,100005,S005,2024-09-25,2024-09-26,2024-10-25,2024-10-20,2024-10-20,PAY6625510,32855.55,CAD,Paid,Net 30,0
INV-02043,PO-65685,TX-02043,CA01,2025,RE,100039,S039,2025-09-19,2025-09-20,2025-11-03,2025-10-29,2025-10-29,PAY6619284,3026.73,CAD,Paid,Net 45,0
INV-00204,PO-86460,TX-00204,CA01,2025,RE,100026,S026,2025-03-23,2025-03-24,2025-04-22,2025-04-20,2025-04-20,PAY6072187,82116.29,CAD,Paid,Net 30,0
INV-01790,PO-20919,TX-01790,CA01,2024,RE,100034,S034,2024-06-22,2024-06-23,2024-08-06,,,,85498.93,CAD,Overdue,Net 45,0
INV-00165,PO-71487,TX-00165,CA01,2024,RE,100017,S017,2024-08-17,2024-08-18,2024-09-16,2024-09-12,2024-09-12,PAY6240977,74520.05,CAD,Paid,Net 30,0
INV-01724,PO-69208,TX-01724,CA01,2024,RE,100038,S038,2024-12-22,2024-12-24,2025-01-21,,,,63861.74,CAD,Pending,Net 30,0
INV-01315,PO-51215,TX-01315,CA01,2024,RE,100034,S034,2024-03-19,2024-03-19,2024-05-03,,,,76904.34,CAD,Overdue,Net 45,0
INV-00973,PO-28630,TX-00973,CA01,2024,RE,100035,S035,2024-09-18,2024-09-20,2024-11-02,,,,4046.72,CAD,Pending,Net 45,0
INV-00417,PO-27779,TX-00417,CA01,2023,RE,100033,S033,2023-11-26,2023-11-27,2023-12-26,,,,24078.67,CAD,Pending,Net 30,0
INV-01047,PO-35774,TX-01047,CA01,2023,RE,100024,S024,2023-05-31,2023-05-31,2023-06-30,2023-06-30,2023-06-30,PAY6396583,4254.06,CAD,Paid,Net 30,0
INV-01127,PO-23824,TX-01127,CA01,2024,RE,100026,S026,2024-05-15,2024-05-16,2024-06-14,2024-06-09,2024-06-09,PAY6404186,9527.53,CAD,Paid,Net 30,0
INV-00483,PO-48684,TX-00483,CA01,2023,RE,100025,S025,2023-12-01,2023-12-01,2023-12-31,2023-12-26,2023-12-26,PAY6138635,15002.56,CAD,Paid,Net 30,0
INV-01432,PO-43743,TX-01432,CA01,2024,RE,100033,S033,2024-04-15,2024-04-17,2024-05-15,,,,23274.71,CAD,Pending,Net 30,0
INV-00572,PO-43779,TX-00572,CA01,2024,RE,100026,S026,2024-11-22,2024-11-22,2024-12-22,2024-12-20,2024-12-20,PAY6113844,28722.45,CAD,Paid,Net 30,0
INV-00623,PO-42749,TX-00623,CA01,2025,RE,100016,S016,2025-08-01,2025-08-01,2025-08-16,2025-08-12,2025-08-12,PAY6017367,13196.89,CAD,Paid,Net 15,0
INV-00849,PO-13895,TX-00849,CA01,2025,RE,100007,S007,2025-10-02,2025-10-02,2025-11-01,2025-10-28,2025-10-28,PAY6212177,81904.59,CAD,Paid,Net 30,0
INV-00698,PO-47128,TX-00698,CA01,2024,RE,100008,S008,2024-12-22,2024-12-22,2025-01-21,,,,43881.32,CAD,Overdue,Net 30,0
INV-00622,PO-84922,TX-00622,CA01,2024,RE,100033,S033,2024-07-20,2024-07-20,2024-08-19,,,,143375.5,CAD,Pending,Net 30,0
INV-01037,PO-76619,TX-01037,CA01,2024,RE,100032,S032,2024-05-24,2024-05-25,2024-07-23,2024-07-22,2024-07-22,PAY6548102,40595.73,CAD,Paid,Net 60,0
INV-01811,PO-73876,TX-01811,CA01,2025,RE,100024,S024,2025-10-23,2025-10-23,2025-11-22,,,,8435.78,CAD,Overdue,Net 30,0
INV-01554,PO-11518,TX-01554,CA01,2023,RE,100002,S002,2023-09-23,2023-09-23,2023-10-23,2023-10-19,2023-10-19,PAY6901347,20964.42,CAD,Paid,Net 30,0
INV-00780,PO-32273,TX-00780,CA01,2023,RE,100034,S034,2023-11-21,2023-11-23,2024-01-05,,,,154278.24,CAD,Pending,Net 45,0
INV-00292,PO-41775,TX-00292,CA01,2024,RE,100036,S036,2024-08-26,2024-08-26,2024-09-25,2024-09-24,2024-09-24,PAY6953511,78491.68,CAD,Paid,Net 30,0
INV-00047,PO-24168,TX-00047,CA01,2023,RE,100033,S033,2023-08-24,2023-08-26,2023-09-23,2023-09-20,2023-09-20,PAY6528859,84399.33,CAD,Paid,Net 30,0
INV-00632,PO-83553,TX-00632,CA01,2024,RE,100036,S036,2024-02-14,2024-02-15,2024-03-15,,,,55374.4,CAD,Pending,Net 30,0
INV-01561,PO-14798,TX-01561,CA01,2024,RE,100004,S004,2024-09-08,2024-09-08,2024-10-08,2024-10-04,2024-10-04,PAY6717611,35331.96,CAD,Paid,Net 30,0
INV-01405,PO-75089,TX-01405,CA01,2023,RE,100027,S027,2023-09-25,2023-09-27,2023-10-25,,,,7782.45,CAD,Overdue,Net 30,0
INV-00890,PO-95089,TX-00890,CA01,2023,RE,100033,S033,2023-06-20,2023-06-22,2023-07-20,2023-07-18,2023-07-18,PAY6440186,22907.26,CAD,Paid,Net 30,0
INV-02387,PO-87810,TX-02387,CA01,2023,RE,100025,S025,2023-10-13,2023-10-14,2023-11-12,2023-11-11,2023-11-11,PAY6866662,380.48,CAD,Paid,Net 30,0
INV-01567,PO-67271,TX-01567,CA01,2023,RE,100029,S029,2023-04-18,2023-04-18,2023-05-18,2023-05-15,2023-05-15,PAY6156826,3854.4,CAD,Paid,Net 30,0
INV-01056,PO-34685,TX-01056,CA01,2024,RE,100006,S006,2024-02-29,2024-02-29,2024-04-14,,,,21749.39,CAD,Pending,Net 45,0
INV-01093,PO-10792,TX-01093,CA01,2025,RE,100029,S029,2025-02-22,2025-02-24,2025-03-24,2025-03-24,2025-03-24,PAY6634924,2387.35,CAD,Paid,Net 30,0
INV-01527,PO-87483,TX-01527,CA01,2023,RE,100026,S026,2023-07-10,2023-07-10,2023-08-09,,,,4723.76,CAD,Pending,Net 30,0
INV-00145,PO-68838,TX-00145,CA01,2025,RE,100008,S008,2025-10-09,2025-10-11,2025-11-08,,,,69857.91,CAD,Overdue,Net 30,0
INV-01785,PO-44486,TX-01785,CA01,2024,RE,100031,S031,2024-10-20,2024-10-20,2024-12-04,2024-12-04,2024-12-04,PAY6100976,54366.87,CAD,Paid,Net 45,0
INV-01993,PO-43310,TX-01993,CA01,2023,RE,100033,S033,2023-03-28,2023-03-30,2023-04-27,2023-04-27,2023-04-27,PAY6186040,284278.8,CAD,Paid,Net 30,0
INV-02080,PO-41508,TX-02080,CA01,2023,RE,100038,S038,2023-03-29,2023-03-29,2023-04-28,2023-04-27,2023-04-27,PAY6498985,5745.83,CAD,Paid,Net 30,0
INV-00223,PO-72793,TX-00223,CA01,2023,RE,100003,S003,2023-06-12,2023-06-13,2023-06-27,2023-06-23,2023-06-23,PAY6945404,15300.76,CAD,Paid,Net 15,0
INV-00133,PO-16895,TX-00133,CA01,2024,RE,100035,S035,2024-11-01,2024-11-01,2024-12-16,2024-12-15,2024-12-15,PAY6644610,135541.99,CAD,Paid,Net 45,0
INV-01149,PO-60326,TX-01149,CA01,2025,RE,100005,S005,2025-09-16,2025-09-16,2025-10-16,2025-10-16,2025-10-16,PAY6628950,20874.47,CAD,Paid,Net 30,0
INV-00122,PO-69469,TX-00122,CA01,2024,RE,100008,S008,2024-11-01,2024-11-02,2024-12-01,2024-11-27,2024-11-27,PAY6040932,61724.11,CAD,Paid,Net 30,0
INV-02231,PO-77027,TX-02231,CA01,2024,RE,100033,S033,2024-09-14,2024-09-14,2024-10-14,2024-10-11,2024-10-11,PAY6920390,20565.14,CAD,Paid,Net 30,0
INV-01066,PO-84529,TX-01066,CA01,2025,RE,100037,S037,2025-06-04,2025-06-05,2025-07-04,,,,71113.12,CAD,Pending,Net 30,0
INV-00857,PO-15913,TX-00857,CA01,2024,RE,100040,S040,2024-12-27,2024-12-27,2025-02-25,2025-02-25,2025-02-25,PAY6821945,43220.7,CAD,Paid,Net 60,0
INV-00841,PO-47173,TX-00841,CA01,2023,RE,100035,S035,2023-03-27,2023-03-29,2023-05-11,2023-05-09,2023-05-09,PAY6557244,19217.79,CAD,Paid,Net 45,0
INV-02308,PO-76417,TX-02308,CA01,2025,RE,100029,S029,2025-03-26,2025-03-28,2025-04-25,,,,8031.93,CAD,Pending,Net 30,0
INV-02142,PO-62850,TX-02142,CA01,2023,RE,100034,S034,2023-05-05,2023-05-05,2023-06-19,,,,175598.95,CAD,Pending,Net 45,0
INV-01930,PO-59996,TX-01930,CA01,2025,RE,100017,S017,2025-11-30,2025-11-30,2025-12-30,,,,81411.75,CAD,Pending,Net 30,0
INV-00322,PO-42725,TX-00322,CA01,2024,RE,100036,S036,2024-07-27,2024-07-27,2024-08-26,2024-08-22,2024-08-22,PAY6527778,25360.5,CAD,Paid,Net 30,0
INV-01960,PO-90844,TX-01960,CA01,2025,RE,100027,S027,2025-10-12,2025-10-14,2025-11-11,2025-11-10,2025-11-10,PAY6788930,17395.6,CAD,Paid,Net 30,0
INV-01879,PO-80210,TX-01879,CA01,2023,RE,100005,S005,2023-05-29,2023-05-29,2023-06-28,2023-06-27,2023-06-27,PAY6123224,22251.52,CAD,Paid,Net 30,0
INV-01525,PO-10422,TX-01525,CA01,2025,RE,100029,S029,2025-04-19,2025-04-21,2025-05-19,,,,2886.01,CAD,Overdue,Net 30,0
INV-00453,PO-94454,TX-00453,CA01,2025,RE,100027,S027,2025-11-17,2025-11-18,2025-12-17,2025-12-15,2025-12-15,PAY6097716,14335.01,CAD,Paid,Net 30,0
INV-01998,PO-94783,TX-01998,CA01,2024,RE,100034,S034,2024-02-22,2024-02-24,2024-04-07,2024-04-02,2024-04-02,PAY6505666,8326.89,CAD,Paid,Net 45,0
INV-00909,PO-67870,TX-00909,CA01,2023,RE,100036,S036,2023-09-02,2023-09-04,2023-10-02,2023-10-01,2023-10-01,PAY6691423,148410.14,CAD,Paid,Net 30,0
INV-01187,PO-99356,TX-01187,CA01,2024,RE,100017,S017,2024-06-29,2024-06-30,2024-07-29,,,,13587.71,CAD,Overdue,Net 30,0
INV-01198,PO-37784,TX-01198,CA01,2023,RE,100033,S033,2023-03-27,2023-03-29,2023-04-26,2023-04-24,2023-04-24,PAY6136659,10074.12,CAD,Paid,Net 30,0
INV-00843,PO-58161,TX-00843,CA01,2023,RE,100038,S038,2023-05-30,2023-05-30,2023-06-29,,,,72606.46,CAD,Pending,Net 30,0
INV-02180,PO-34458,TX-02180,CA01,2024,RE,100006,S006,2024-06-20,2024-06-20,2024-08-04,2024-08-04,2024-08-04,PAY6945799,25782.32,CAD,Paid,Net 45,0
INV-00001,PO-17989,TX-00001,CA01,2024,RE,100027,S027,2024-09-05,2024-09-07,2024-10-05,2024-10-05,2024-10-05,PAY6632789,4340.58,CAD,Paid,Net 30,0
INV-02327,PO-68207,TX-02327,CA01,2024,RE,100040,S040,2024-02-13,2024-02-13,2024-04-13,,,,33874.98,CAD,Pending,Net 60,0
INV-01438,PO-29670,TX-01438,CA01,2025,RE,100035,S035,2025-02-16,2025-02-18,2025-04-02,,,,11451.85,CAD,Pending,Net 45,0
INV-00317,PO-49021,TX-00317,CA01,2024,RE,100040,S040,2024-03-24,2024-03-24,2024-05-23,,,,11402.64,CAD,Pending,Net 60,0
INV-00399,PO-72957,TX-00399,CA01,2023,RE,100016,S016,2023-01-09,2023-01-09,2023-01-24,2023-01-23,2023-01-23,PAY6565482,27828.68,CAD,Paid,Net 15,0
INV-01402,PO-28256,TX-01402,CA01,2023,RE,100028,S028,2023-03-09,2023-03-11,2023-04-23,,,,6345.75,CAD,Overdue,Net 45,0
INV-01899,PO-14051,TX-01899,CA01,2024,RE,100029,S029,2024-08-16,2024-08-16,2024-09-15,2024-09-11,2024-09-11,PAY6867719,1232.41,CAD,Paid,Net 30,0
INV-00960,PO-53842,TX-00960,CA01,2025,RE,100028,S028,2025-04-10,2025-04-12,2025-05-25,2025-05-20,2025-05-20,PAY6001258,121198.08,CAD,Paid,Net 45,0
INV-01524,PO-89761,TX-01524,CA01,2024,RE,100029,S029,2024-07-01,2024-07-01,2024-07-31,,,,961.3,CAD,Pending,Net 30,0
INV-01577,PO-74324,TX-01577,CA01,2023,RE,100039,S039,2023-02-23,2023-02-23,2023-04-09,,,,23627.27,CAD,Pending,Net 45,0
INV-01074,PO-98000,TX-01074,CA01,2023,RE,100008,S008,2023-09-16,2023-09-17,2023-10-16,2023-10-15,2023-10-15,PAY6940540,57781.01,CAD,Paid,Net 30,0
INV-00908,PO-44108,TX-00908,CA01,2023,RE,100026,S026,2023-11-02,2023-11-03,2023-12-02,2023-12-02,2023-12-02,PAY6983286,3655.41,CAD,Paid,Net 30,0
INV-00597,PO-78306,TX-00597,CA01,2023,RE,100039,S039,2023-03-11,2023-03-13,2023-04-25,,,,16111.66,CAD,Overdue,Net 45,0
INV-00807,PO-85199,TX-00807,CA01,2025,RE,100040,S040,2025-11-07,2025-11-08,2026-01-06,2026-01-02,2026-01-02,PAY6812510,25880.96,CAD,Paid,Net 60,0
INV-00009,PO-25129,TX-00009,CA01,2024,RE,100040,S040,2024-09-09,2024-09-11,2024-11-08,2024-11-06,2024-11-06,PAY6711521,10906.59,CAD,Paid,Net 60,0
INV-00306,PO-38153,TX-00306,CA01,2024,RE,100039,S039,2024-02-14,2024-02-15,2024-03-30,2024-03-30,2024-03-30,PAY6680768,20809.02,CAD,Paid,Net 45,0
INV-01716,PO-84678,TX-01716,CA01,2023,RE,100003,S003,2023-10-31,2023-10-31,2023-11-15,2023-11-13,2023-11-13,PAY6452457,3595.96,CAD,Paid,Net 15,0
INV-00746,PO-67747,TX-00746,CA01,2023,RE,100039,S039,2023-05-11,2023-05-13,2023-06-25,2023-06-20,2023-06-20,PAY6547403,22475.95,CAD,Paid,Net 45,0
INV-01419,PO-74927,TX-01419,CA01,2023,RE,100039,S039,2023-06-24,2023-06-26,2023-08-08,2023-08-03,2023-08-03,PAY6441119,6711.04,CAD,Paid,Net 45,0
INV-01862,PO-99173,TX-01862,CA01,2025,RE,100032,S032,2025-01-08,2025-01-08,2025-03-09,,,,160354.11,CAD,Pending,Net 60,0
INV-02106,PO-86881,TX-02106,CA01,2025,RE,100032,S032,2025-03-26,2025-03-28,2025-05-25,2025-05-22,2025-05-22,PAY6388368,105821.78,CAD,Paid,Net 60,0
INV-01650,PO-31349,TX-01650,CA01,2025,RE,100007,S007,2025-11-09,2025-11-11,2025-12-09,2025-12-05,2025-12-05,PAY6917319,163583.09,CAD,Paid,Net 30,0
INV-02054,PO-22780,TX-02054,CA01,2025,RE,100039,S039,2025-07-16,2025-07-17,2025-08-30,2025-08-30,2025-08-30,PAY6045548,11191.24,CAD,Paid,Net 45,0
INV-00640,PO-57214,TX-00640,CA01,2023,RE,100031,S031,2023-01-22,2023-01-24,2023-03-08,,,,43516.08,CAD,Pending,Net 45,0
INV-01292,PO-53920,TX-01292,CA01,2025,RE,100001,S001,2025-02-10,2025-02-10,2025-03-12,2025-03-10,2025-03-10,PAY6731531,40038.85,CAD,Paid,Net 30,0
INV-00774,PO-85990,TX-00774,CA01,2025,RE,100016,S016,2025-11-27,2025-11-28,2025-12-12,,,,26175.59,CAD,Pending,Net 15,0
INV-02126,PO-14000,TX-02126,CA01,2023,RE,100005,S005,2023-11-20,2023-11-21,2023-12-20,,,,4912.07,CAD,Pending,Net 30,0
INV-01511,PO-51546,TX-01511,CA01,2025,RE,100039,S039,2025-03-02,2025-03-02,2025-04-16,,,,27112.25,CAD,Pending,Net 45,0
INV-01247,PO-26401,TX-01247,CA01,2023,RE,100032,S032,2023-11-21,2023-11-21,2024-01-20,2024-01-18,2024-01-18,PAY6555552,22548.74,CAD,Paid,Net 60,0
INV-02071,PO-22879,TX-02071,CA01,2023,RE,100034,S034,2023-06-21,2023-06-22,2023-08-05,,,,7756.9,CAD,Overdue,Net 45,0
INV-00967,PO-65690,TX-00967,CA01,2025,RE,100026,S026,2025-05-22,2025-05-24,2025-06-21,,,,17121.67,CAD,Pending,Net 30,0
INV-01040,PO-86543,TX-01040,CA01,2025,RE,100006,S006,2025-10-13,2025-10-14,2025-11-27,2025-11-25,2025-11-25,PAY6449793,88015.6,CAD,Paid,Net 45,0
INV-00672,PO-85771,TX-00672,CA01,2024,RE,100017,S017,2024-12-21,2024-12-21,2025-01-20,2025-01-19,2025-01-19,PAY6240633,11736.32,CAD,Paid,Net 30,0
INV-02315,PO-48445,TX-02315,CA01,2025,RE,100032,S032,2025-12-28,2025-12-29,2026-02-26,2026-02-25,2026-02-25,PAY6984006,143543.33,CAD,Paid,Net 60,0
INV-01031,PO-32843,TX-01031,CA01,2024,RE,100033,S033,2024-02-17,2024-02-17,2024-03-18,2024-03-13,2024-03-13,PAY6841272,13220.28,CAD,Paid,Net 30,0
INV-01660,PO-28919,TX-01660,CA01,2023,RE,100033,S033,2023-02-25,2023-02-26,2023-03-27,,,,97488.14,CAD,Overdue,Net 30,0
INV-01232,PO-61196,TX-01232,CA01,2023,RE,100007,S007,2023-11-07,2023-11-09,2023-12-07,2023-12-04,2023-12-04,PAY6505543,38531.6,CAD,Paid,Net 30,0
INV-00230,PO-94058,TX-00230,CA01,2023,RE,100001,S001,2023-08-10,2023-08-11,2023-09-09,,,,28723.12,CAD,Overdue,Net 30,0
INV-00548,PO-47487,TX-00548,CA01,2024,RE,100030,S030,2024-02-21,2024-02-22,2024-03-22,2024-03-17,2024-03-17,PAY6827909,128249.72,CAD,Paid,Net 30,0
INV-00844,PO-21141,TX-00844,CA01,2025,RE,100016,S016,2025-10-08,2025-10-08,2025-10-23,2025-10-20,2025-10-20,PAY6806010,53395.24,CAD,Paid,Net 15,0
INV-02262,PO-68565,TX-02262,CA01,2025,RE,100001,S001,2025-06-11,2025-06-11,2025-07-11,2025-07-06,2025-07-06,PAY6399755,10751.33,CAD,Paid,Net 30,0
INV-00045,PO-12671,TX-00045,CA01,2023,RE,100029,S029,2023-03-26,2023-03-26,2023-04-25,2023-04-23,2023-04-23,PAY6367544,14472.3,CAD,Paid,Net 30,0
INV-01580,PO-57602,TX-01580,CA01,2024,RE,100039,S039,2024-03-27,2024-03-28,2024-05-11,,,,26457.04,CAD,Pending,Net 45,0
INV-00552,PO-62947,TX-00552,CA01,2024,RE,100033,S033,2024-07-24,2024-07-26,2024-08-23,2024-08-22,2024-08-22,PAY6617661,127898.75,CAD,Paid,Net 30,0
INV-01699,PO-93205,TX-01699,CA01,2024,RE,100035,S035,2024-07-21,2024-07-21,2024-09-04,2024-08-30,2024-08-30,PAY6843706,8593.36,CAD,Paid,Net 45,0
INV-00110,PO-80804,TX-00110,CA01,2023,RE,100008,S008,2023-10-12,2023-10-12,2023-11-11,2023-11-07,2023-11-07,PAY6777407,41525.67,CAD,Paid,Net 30,0
INV-01014,PO-88638,TX-01014,CA01,2024,RE,100033,S033,2024-11-21,2024-11-22,2024-12-21,2024-12-16,2024-12-16,PAY6951959,40260.41,CAD,Paid,Net 30,0
INV-01621,PO-96847,TX-01621,CA01,2025,RE,100034,S034,2025-03-24,2025-03-24,2025-05-08,2025-05-04,2025-05-04,PAY6798531,204141.2,CAD,Paid,Net 45,0
INV-01732,PO-68711,TX-01732,CA01,2025,RE,100037,S037,2025-07-24,2025-07-26,2025-08-23,2025-08-21,2025-08-21,PAY6877857,85927.6,CAD,Paid,Net 30,0
INV-01219,PO-33646,TX-01219,CA01,2023,RE,100036,S036,2023-12-28,2023-12-30,2024-01-27,2024-01-26,2024-01-26,PAY6730550,19181.11,CAD,Paid,Net 30,0
INV-01188,PO-27225,TX-01188,CA01,2025,RE,100018,S018,2025-04-03,2025-04-03,2025-05-03,2025-04-28,2025-04-28,PAY6604106,89159.23,CAD,Paid,Net 30,0
INV-01455,PO-15496,TX-01455,CA01,2025,RE,100039,S039,2025-03-02,2025-03-02,2025-04-16,2025-04-12,2025-04-12,PAY6102463,7014.5,CAD,Paid,Net 45,0
INV-01264,PO-67780,TX-01264,CA01,2025,RE,100035,S035,2025-04-24,2025-04-25,2025-06-08,2025-06-07,2025-06-07,PAY6446157,238009.02,CAD,Paid,Net 45,0
INV-00720,PO-89223,TX-00720,CA01,2023,RE,100030,S030,2023-06-25,2023-06-27,2023-07-25,2023-07-22,2023-07-22,PAY6140386,23555.83,CAD,Paid,Net 30,0
INV-00914,PO-96447,TX-00914,CA01,2024,RE,100033,S033,2024-10-31,2024-11-02,2024-11-30,2024-11-28,2024-11-28,PAY6266881,5486.98,CAD,Paid,Net 30,0
INV-00344,PO-36633,TX-00344,CA01,2023,RE,100038,S038,2023-11-13,2023-11-13,2023-12-13,2023-12-08,2023-12-08,PAY6500318,9855.29,CAD,Paid,Net 30,0
INV-01253,PO-11111,TX-01253,CA01,2025,RE,100005,S005,2025-09-21,2025-09-22,2025-10-21,,,,2711.28,CAD,Pending,Net 30,0
INV-01690,PO-46726,TX-01690,CA01,2025,RE,100029,S029,2025-06-09,2025-06-11,2025-07-09,2025-07-04,2025-07-04,PAY6803061,5695.38,CAD,Paid,Net 30,0
INV-02065,PO-76639,TX-02065,CA01,2024,RE,100016,S016,2024-01-07,2024-01-09,2024-01-22,,,,27396.26,CAD,Pending,Net 15,0
INV-01172,PO-31641,TX-01172,CA01,2023,RE,100033,S033,2023-06-13,2023-06-14,2023-07-13,2023-07-11,2023-07-11,PAY6243807,9231.25,CAD,Paid,Net 30,0
INV-02302,PO-35329,TX-02302,CA01,2023,RE,100027,S027,2023-09-17,2023-09-18,2023-10-17,2023-10-16,2023-10-16,PAY6954293,46515.68,CAD,Paid,Net 30,0
INV-01342,PO-25097,TX-01342,CA01,2023,RE,100038,S038,2023-04-14,2023-04-16,2023-05-14,,,,62824.22,CAD,Pending,Net 30,0
INV-02314,PO-87872,TX-02314,CA01,2023,RE,100033,S033,2023-04-26,2023-04-28,2023-05-26,2023-05-25,2023-05-25,PAY6900782,13779.61,CAD,Paid,Net 30,0
INV-01871,PO-96715,TX-01871,CA01,2025,RE,100007,S007,2025-07-18,2025-07-19,2025-08-17,2025-08-12,2025-08-12,PAY6087889,105370.9,CAD,Paid,Net 30,0
INV-01006,PO-78561,TX-01006,CA01,2023,RE,100016,S016,2023-09-26,2023-09-28,2023-10-11,,,,25293.24,CAD,Pending,Net 15,0
INV-00697,PO-11999,TX-00697,CA01,2023,RE,100006,S006,2023-09-03,2023-09-03,2023-10-18,2023-10-18,2023-10-18,PAY6297026,15641.21,CAD,Paid,Net 45,0
INV-00475,PO-16366,TX-00475,CA01,2025,RE,100030,S030,2025-11-01,2025-11-01,2025-12-01,2025-11-26,2025-11-26,PAY6627354,14920.32,CAD,Paid,Net 30,0
INV-01808,PO-96739,TX-01808,CA01,2023,RE,100006,S006,2023-11-07,2023-11-08,2023-12-22,2023-12-18,2023-12-18,PAY6919356,3491.49,CAD,Paid,Net 45,0
INV-00447,PO-81733,TX-00447,CA01,2023,RE,100028,S028,2023-02-12,2023-02-13,2023-03-29,2023-03-26,2023-03-26,PAY6570143,4473.24,CAD,Paid,Net 45,0
INV-00902,PO-10702,TX-00902,CA01,2024,RE,100001,S001,2024-05-01,2024-05-02,2024-05-31,,,,16185.07,CAD,Pending,Net 30,0
INV-01028,PO-41328,TX-01028,CA01,2024,RE,100027,S027,2024-04-03,2024-04-03,2024-05-03,,,,55910.29,CAD,Pending,Net 30,0
INV-00939,PO-94696,TX-00939,CA01,2025,RE,100009,S009,2025-05-06,2025-05-08,2025-06-05,2025-06-01,2025-06-01,PAY6428497,37743.25,CAD,Paid,Net 30,0
INV-DUP-014,PO-32313,TX-DUP-014,CA01,2024,RE,100018,S018,2024-04-15,2024-04-15,2024-05-15,,,,70256.15,CAD,Overdue,Net 30,0
INV-01487,PO-63258,TX-01487,CA01,2025,RE,100009,S009,2025-08-25,2025-08-27,2025-09-24,,,,45784.05,CAD,Overdue,Net 30,0
INV-01912,PO-88023,TX-01912,CA01,2024,RE,100034,S034,2024-06-29,2024-06-29,2024-08-13,2024-08-13,2024-08-13,PAY6270328,22755.71,CAD,Paid,Net 45,0
INV-00156,PO-76543,TX-00156,CA01,2023,RE,100027,S027,2023-10-10,2023-10-12,2023-11-09,,,,10433.2,CAD,Pending,Net 30,0
INV-DUP-018,PO-88326,TX-DUP-018,CA01,2025,RE,100040,S040,2025-07-04,2025-07-04,2025-09-02,2025-09-01,2025-09-01,PAY6198202,30360.67,CAD,Paid,Net 60,0
INV-00224,PO-24316,TX-00224,CA01,2024,RE,100024,S024,2024-07-16,2024-07-17,2024-08-15,2024-08-11,2024-08-11,PAY6005735,13288.49,CAD,Paid,Net 30,0
INV-00421,PO-13597,TX-00421,CA01,2024,RE,100035,S035,2024-06-16,2024-06-16,2024-07-31,,,,158315.7,CAD,Pending,Net 45,0
INV-01225,PO-45056,TX-01225,CA01,2024,RE,100027,S027,2024-11-13,2024-11-15,2024-12-13,2024-12-11,2024-12-11,PAY6743596,22754.79,CAD,Paid,Net 30,0
INV-02160,PO-33651,TX-02160,CA01,2023,RE,100016,S016,2023-01-09,2023-01-09,2023-01-24,2023-01-20,2023-01-20,PAY6779769,14475.54,CAD,Paid,Net 15,0
INV-02048,PO-67839,TX-02048,CA01,2023,RE,100030,S030,2023-06-05,2023-06-05,2023-07-05,2023-07-04,2023-07-04,PAY6827769,23370.76,CAD,Paid,Net 30,0
INV-01836,PO-28045,TX-01836,CA01,2024,RE,100040,S040,2024-04-12,2024-04-12,2024-06-11,2024-06-06,2024-06-06,PAY6007459,2720.03,CAD,Paid,Net 60,0
INV-00607,PO-10094,TX-00607,CA01,2023,RE,100016,S016,2023-11-18,2023-11-19,2023-12-03,2023-11-29,2023-11-29,PAY6606063,70874.95,CAD,Paid,Net 15,0
INV-00809,PO-68454,TX-00809,CA01,2024,RE,100037,S037,2024-09-23,2024-09-23,2024-10-23,2024-10-23,2024-10-23,PAY6547923,7543.17,CAD,Paid,Net 30,0
INV-01106,PO-89355,TX-01106,CA01,2023,RE,100003,S003,2023-03-06,2023-03-07,2023-03-21,,,,41634.65,CAD,Overdue,Net 15,0
INV-00587,PO-58974,TX-00587,CA01,2025,RE,100028,S028,2025-06-03,2025-06-04,2025-07-18,2025-07-15,2025-07-15,PAY6123552,90618.49,CAD,Paid,Net 45,0
INV-01498,PO-90622,TX-01498,CA01,2024,RE,100031,S031,2024-08-27,2024-08-27,2024-10-11,2024-10-10,2024-10-10,PAY6545009,357915.58,CAD,Paid,Net 45,0
INV-01177,PO-65407,TX-01177,CA01,2025,RE,100024,S024,2025-01-22,2025-01-22,2025-02-21,,,,9059.92,CAD,Pending,Net 30,0
INV-02301,PO-49595,TX-02301,CA01,2023,RE,100026,S026,2023-02-21,2023-02-21,2023-03-23,2023-03-21,2023-03-21,PAY6007543,88442.03,CAD,Paid,Net 30,0
INV-01733,PO-74325,TX-01733,CA01,2023,RE,100028,S028,2023-05-18,2023-05-20,2023-07-02,,,,39895.31,CAD,Pending,Net 45,0
INV-02027,PO-87429,TX-02027,CA01,2024,RE,100028,S028,2024-06-10,2024-06-10,2024-07-25,2024-07-20,2024-07-20,PAY6393247,97504.93,CAD,Paid,Net 45,0
INV-01294,PO-32769,TX-01294,CA01,2025,RE,100038,S038,2025-06-01,2025-06-02,2025-07-01,,,,9502.05,CAD,Overdue,Net 30,0
INV-00086,PO-59441,TX-00086,CA01,2025,RE,100027,S027,2025-09-20,2025-09-20,2025-10-20,2025-10-20,2025-10-20,PAY6686341,34734.95,CAD,Paid,Net 30,0
INV-00556,PO-77699,TX-00556,CA01,2024,RE,100031,S031,2024-03-28,2024-03-30,2024-05-12,,,,105449.65,CAD,Overdue,Net 45,0
INV-01123,PO-52667,TX-01123,CA01,2024,RE,100038,S038,2024-10-28,2024-10-28,2024-11-27,2024-11-26,2024-11-26,PAY6215397,1388.86,CAD,Paid,Net 30,0
INV-01881,PO-36099,TX-01881,CA01,2024,RE,100016,S016,2024-11-16,2024-11-18,2024-12-01,2024-11-29,2024-11-29,PAY6721175,59090.01,CAD,Paid,Net 15,0
INV-00083,PO-28958,TX-00083,CA01,2025,RE,100033,S033,2025-09-22,2025-09-24,2025-10-22,2025-10-20,2025-10-20,PAY6843356,141807.08,CAD,Paid,Net 30,0
INV-01750,PO-25650,TX-01750,CA01,2024,RE,100039,S039,2024-08-16,2024-08-16,2024-09-30,2024-09-29,2024-09-29,PAY6331246,17619.15,CAD,Paid,Net 45,0
INV-02028,PO-25725,TX-02028,CA01,2023,RE,100029,S029,2023-09-26,2023-09-27,2023-10-26,2023-10-21,2023-10-21,PAY6428705,9654.06,CAD,Paid,Net 30,0
INV-00880,PO-51482,TX-00880,CA01,2023,RE,100039,S039,2023-04-30,2023-05-02,2023-06-14,2023-06-14,2023-06-14,PAY6379867,19985.75,CAD,Paid,Net 45,0
INV-00581,PO-26569,TX-00581,CA01,2025,RE,100016,S016,2025-03-11,2025-03-11,2025-03-26,2025-03-21,2025-03-21,PAY6111760,17824.43,CAD,Paid,Net 15,0
INV-02364,PO-23182,TX-02364,CA01,2024,RE,100028,S028,2024-04-08,2024-04-08,2024-05-23,2024-05-18,2024-05-18,PAY6162297,17948.21,CAD,Paid,Net 45,0
INV-02041,PO-85289,TX-02041,CA01,2024,RE,100025,S025,2024-05-18,2024-05-19,2024-06-17,2024-06-12,2024-06-12,PAY6446768,11681.08,CAD,Paid,Net 30,0
INV-01625,PO-36504,TX-01625,CA01,2023,RE,100004,S004,2023-10-16,2023-10-18,2023-11-15,2023-11-10,2023-11-10,PAY6683226,67604.98,CAD,Paid,Net 30,0
INV-01867,PO-39597,TX-01867,CA01,2024,RE,100038,S038,2024-12-23,2024-12-25,2025-01-22,,,,52801.87,CAD,Overdue,Net 30,0
INV-01331,PO-56269,TX-01331,CA01,2023,RE,100006,S006,2023-07-14,2023-07-14,2023-08-28,2023-08-26,2023-08-26,PAY6613805,27551.46,CAD,Paid,Net 45,0
INV-01081,PO-23878,TX-01081,CA01,2025,RE,100029,S029,2025-03-27,2025-03-27,2025-04-26,,,,3097.77,CAD,Pending,Net 30,0
INV-02322,PO-31006,TX-02322,CA01,2023,RE,100035,S035,2023-04-27,2023-04-28,2023-06-11,2023-06-08,2023-06-08,PAY6265953,16371.05,CAD,Paid,Net 45,0
INV-02371,PO-84925,TX-02371,CA01,2024,RE,100040,S040,2024-01-25,2024-01-26,2024-03-25,2024-03-25,2024-03-25,PAY6273995,24098.16,CAD,Paid,Net 60,0
INV-01945,PO-38255,TX-01945,CA01,2025,RE,100039,S039,2025-02-06,2025-02-08,2025-03-23,2025-03-21,2025-03-21,PAY6896508,2234.03,CAD,Paid,Net 45,0
INV-DUP-023,PO-48070,TX-DUP-023,CA01,2025,RE,100031,S031,2025-02-17,2025-02-19,2025-04-03,2025-04-02,2025-04-02,PAY6562146,214320.15,CAD,Paid,Net 45,0
INV-00425,PO-71171,TX-00425,CA01,2025,RE,100033,S033,2025-02-16,2025-02-16,2025-03-18,2025-03-17,2025-03-17,PAY6444136,211081.21,CAD,Paid,Net 30,0
INV-00869,PO-92150,TX-00869,CA01,2026,RE,100028,S028,2026-01-03,2026-01-05,2026-02-17,,,,128805.38,CAD,Pending,Net 45,0
INV-00799,PO-63961,TX-00799,CA01,2024,RE,100024,S024,2024-04-24,2024-04-25,2024-05-24,2024-05-19,2024-05-19,PAY6592099,9111.57,CAD,Paid,Net 30,0
INV-01350,PO-39922,TX-01350,CA01,2023,RE,100007,S007,2023-02-09,2023-02-10,2023-03-11,,,,140095.18,CAD,Pending,Net 30,0
INV-02033,PO-96809,TX-02033,CA01,2024,RE,100029,S029,2024-03-01,2024-03-01,2024-03-31,2024-03-31,2024-03-31,PAY6383405,1837.94,CAD,Paid,Net 30,0
INV-01319,PO-69347,TX-01319,CA01,2023,RE,100004,S004,2023-04-13,2023-04-14,2023-05-13,,,,38124.54,CAD,Overdue,Net 30,0
INV-00650,PO-13864,TX-00650,CA01,2023,RE,100027,S027,2023-09-07,2023-09-08,2023-10-07,2023-10-05,2023-10-05,PAY6641603,45911.92,CAD,Paid,Net 30,0
INV-00988,PO-25083,TX-00988,CA01,2024,RE,100024,S024,2024-05-02,2024-05-03,2024-06-01,2024-05-30,2024-05-30,PAY6288946,7708.93,CAD,Paid,Net 30,0
INV-01640,PO-95254,TX-01640,CA01,2024,RE,100028,S028,2024-07-22,2024-07-23,2024-09-05,2024-09-05,2024-09-05,PAY6713666,121850.8,CAD,Paid,Net 45,0
INV-01839,PO-62059,TX-01839,CA01,2023,RE,100003,S003,2023-06-16,2023-06-16,2023-07-01,,,,20341.97,CAD,Pending,Net 15,0
INV-01741,PO-99277,TX-01741,CA01,2025,RE,100040,S040,2025-06-14,2025-06-14,2025-08-13,2025-08-08,2025-08-08,PAY6416760,39107.91,CAD,Paid,Net 60,0
INV-00639,PO-36305,TX-00639,CA01,2025,RE,100004,S004,2025-12-18,2025-12-20,2026-01-17,2026-01-17,2026-01-17,PAY6791645,1478.49,CAD,Paid,Net 30,0
INV-02367,PO-66813,TX-02367,CA01,2025,RE,100038,S038,2025-08-05,2025-08-06,2025-09-04,,,,43199.97,CAD,Overdue,Net 30,0
INV-00509,PO-70458,TX-00509,CA01,2023,RE,100024,S024,2023-04-26,2023-04-28,2023-05-26,2023-05-26,2023-05-26,PAY6213588,15982.61,CAD,Paid,Net 30,0
INV-00459,PO-90127,TX-00459,CA01,2025,RE,100026,S026,2025-09-22,2025-09-22,2025-10-22,2025-10-19,2025-10-19,PAY6433301,136383.52,CAD,Paid,Net 30,0
INV-00699,PO-16648,TX-00699,CA01,2024,RE,100024,S024,2024-10-03,2024-10-03,2024-11-02,,,,4610.32,CAD,Pending,Net 30,0
INV-00195,PO-30210,TX-00195,CA01,2025,RE,100018,S018,2025-12-29,2025-12-29,2026-01-28,2026-01-25,2026-01-25,PAY6578923,16546.2,CAD,Paid,Net 30,0
INV-01751,PO-71467,TX-01751,CA01,2025,RE,100038,S038,2025-10-18,2025-10-18,2025-11-17,2025-11-12,2025-11-12,PAY6821861,11609.89,CAD,Paid,Net 30,0
INV-02056,PO-91087,TX-02056,CA01,2024,RE,100024,S024,2024-08-30,2024-08-30,2024-09-29,,,,6405.75,CAD,Pending,Net 30,0
INV-00074,PO-85529,TX-00074,CA01,2023,RE,100001,S001,2023-02-19,2023-02-19,2023-03-21,2023-03-18,2023-03-18,PAY6584646,60802.58,CAD,Paid,Net 30,0
INV-02392,PO-19269,TX-02392,CA01,2024,RE,100036,S036,2024-10-03,2024-10-03,2024-11-02,,,,18376.25,CAD,Pending,Net 30,0
INV-01414,PO-48362,TX-01414,CA01,2024,RE,100028,S028,2024-03-31,2024-04-01,2024-05-15,,,,28158.73,CAD,Overdue,Net 45,0
INV-02030,PO-37551,TX-02030,CA01,2024,RE,100038,S038,2024-07-23,2024-07-25,2024-08-22,,,,56792.64,CAD,Pending,Net 30,0
INV-02034,PO-18048,TX-02034,CA01,2024,RE,100025,S025,2024-07-16,2024-07-16,2024-08-15,2024-08-14,2024-08-14,PAY6505904,2880.19,CAD,Paid,Net 30,0
INV-01885,PO-93208,TX-01885,CA01,2025,RE,100004,S004,2025-01-23,2025-01-24,2025-02-22,,,,31590.78,CAD,Pending,Net 30,0
INV-02146,PO-36557,TX-02146,CA01,2023,RE,100027,S027,2023-10-03,2023-10-04,2023-11-02,2023-10-30,2023-10-30,PAY6187401,53332.91,CAD,Paid,Net 30,0
INV-01566,PO-77376,TX-01566,CA01,2024,RE,100026,S026,2024-01-31,2024-02-02,2024-03-01,2024-02-27,2024-02-27,PAY6388196,141525.62,CAD,Paid,Net 30,0
INV-01424,PO-41224,TX-01424,CA01,2025,RE,100034,S034,2025-11-30,2025-11-30,2026-01-14,2026-01-11,2026-01-11,PAY6586252,142958.99,CAD,Paid,Net 45,0
INV-00171,PO-43246,TX-00171,CA01,2025,RE,100004,S004,2025-08-26,2025-08-28,2025-09-25,2025-09-23,2025-09-23,PAY6581866,3242.06,CAD,Paid,Net 30,0
INV-01658,PO-57850,TX-01658,CA01,2023,RE,100017,S017,2023-11-13,2023-11-13,2023-12-13,,,,99318.74,CAD,Pending,Net 30,0
INV-01069,PO-76330,TX-01069,CA01,2024,RE,100007,S007,2024-11-02,2024-11-03,2024-12-02,2024-11-28,2024-11-28,PAY6507259,23260.1,CAD,Paid,Net 30,0
INV-01285,PO-31319,TX-01285,CA01,2025,RE,100033,S033,2025-08-03,2025-08-04,2025-09-02,2025-08-30,2025-08-30,PAY6266105,25756.98,CAD,Paid,Net 30,0
INV-01467,PO-36027,TX-01467,CA01,2023,RE,100025,S025,2023-11-09,2023-11-10,2023-12-09,2023-12-09,2023-12-09,PAY6321549,2508.53,CAD,Paid,Net 30,0
INV-01948,PO-23275,TX-01948,CA01,2025,RE,100025,S025,2025-05-04,2025-05-05,2025-06-03,2025-05-31,2025-05-31,PAY6605711,5925.6,CAD,Paid,Net 30,0
INV-00595,PO-81197,TX-00595,CA01,2023,RE,100033,S033,2023-11-02,2023-11-04,2023-12-02,,,,24060.1,CAD,Pending,Net 30,0
INV-00868,PO-37912,TX-00868,CA01,2023,RE,100040,S040,2023-02-11,2023-02-11,2023-04-12,,,,61102.27,CAD,Pending,Net 60,0
INV-02124,PO-39232,TX-02124,CA01,2023,RE,100024,S024,2023-08-14,2023-08-14,2023-09-13,,,,3196.95,CAD,Pending,Net 30,0
INV-00512,PO-57774,TX-00512,CA01,2024,RE,100030,S030,2024-09-22,2024-09-24,2024-10-22,2024-10-18,2024-10-18,PAY6361083,22095.28,CAD,Paid,Net 30,0
INV-01099,PO-88011,TX-01099,CA01,2025,RE,100036,S036,2025-02-23,2025-02-23,2025-03-25,2025-03-20,2025-03-20,PAY6811801,10253.16,CAD,Paid,Net 30,0
INV-01851,PO-49590,TX-01851,CA01,2023,RE,100034,S034,2023-02-16,2023-02-17,2023-04-02,2023-03-28,2023-03-28,PAY6739764,15443.49,CAD,Paid,Net 45,0
INV-01519,PO-23616,TX-01519,CA01,2025,RE,100030,S030,2025-08-29,2025-08-29,2025-09-28,2025-09-27,2025-09-27,PAY6417469,81150.89,CAD,Paid,Net 30,0
INV-00019,PO-53025,TX-00019,CA01,2024,RE,100035,S035,2024-04-16,2024-04-17,2024-05-31,2024-05-30,2024-05-30,PAY6771523,52234.89,CAD,Paid,Net 45,0
INV-01095,PO-71220,TX-01095,CA01,2024,RE,100008,S008,2024-02-26,2024-02-28,2024-03-27,2024-03-24,2024-03-24,PAY6144775,9198.17,CAD,Paid,Net 30,0
INV-01990,PO-69826,TX-01990,CA01,2023,RE,100025,S025,2023-03-25,2023-03-25,2023-04-24,,,,7641.23,CAD,Pending,Net 30,0
INV-02336,PO-41836,TX-02336,CA01,2023,RE,100040,S040,2023-06-27,2023-06-29,2023-08-26,2023-08-26,2023-08-26,PAY6896531,76774.73,CAD,Paid,Net 60,0
INV-00859,PO-50907,TX-00859,CA01,2023,RE,100006,S006,2023-05-02,2023-05-02,2023-06-16,,,,52405.2,CAD,Pending,Net 45,0
INV-01989,PO-90276,TX-01989,CA01,2025,RE,100018,S018,2025-11-04,2025-11-05,2025-12-04,2025-12-04,2025-12-04,PAY6905791,23755.61,CAD,Paid,Net 30,0
INV-01972,PO-98963,TX-01972,CA01,2025,RE,100016,S016,2025-08-24,2025-08-26,2025-09-08,2025-09-06,2025-09-06,PAY6691308,7536.41,CAD,Paid,Net 15,0
INV-01164,PO-39591,TX-01164,CA01,2024,RE,100033,S033,2024-11-18,2024-11-18,2024-12-18,2024-12-18,2024-12-18,PAY6124870,37330.43,CAD,Paid,Net 30,0
INV-02274,PO-52247,TX-02274,CA01,2025,RE,100028,S028,2025-09-22,2025-09-23,2025-11-06,2025-11-04,2025-11-04,PAY6784140,26881.96,CAD,Paid,Net 45,0
INV-01393,PO-82937,TX-01393,CA01,2025,RE,100033,S033,2025-07-16,2025-07-18,2025-08-15,2025-08-13,2025-08-13,PAY6240932,121204.32,CAD,Paid,Net 30,0
INV-01228,PO-56833,TX-01228,CA01,2023,RE,100038,S038,2023-12-18,2023-12-20,2024-01-17,2024-01-17,2024-01-17,PAY6468288,25298.46,CAD,Paid,Net 30,0
INV-00906,PO-77760,TX-00906,CA01,2024,RE,100006,S006,2024-06-24,2024-06-24,2024-08-08,,,,145110.05,CAD,Pending,Net 45,0
INV-00200,PO-77499,TX-00200,CA01,2024,RE,100035,S035,2024-12-13,2024-12-13,2025-01-27,,,,41703.19,CAD,Pending,Net 45,0
INV-01991,PO-72195,TX-01991,CA01,2023,RE,100003,S003,2023-02-12,2023-02-12,2023-02-27,2023-02-27,2023-02-27,PAY6821149,24824.57,CAD,Paid,Net 15,0
INV-00392,PO-64266,TX-00392,CA01,2023,RE,100031,S031,2023-01-05,2023-01-06,2023-02-19,2023-02-17,2023-02-17,PAY6733281,24999.23,CAD,Paid,Net 45,0
INV-01835,PO-13175,TX-01835,CA01,2024,RE,100027,S027,2024-06-20,2024-06-20,2024-07-20,2024-07-19,2024-07-19,PAY6995355,4412.99,CAD,Paid,Net 30,0
INV-02010,PO-27574,TX-02010,CA01,2023,RE,100035,S035,2023-01-19,2023-01-21,2023-03-05,2023-03-02,2023-03-02,PAY6169654,251638.53,CAD,Paid,Net 45,0
INV-01054,PO-80464,TX-01054,CA01,2025,RE,100004,S004,2025-01-03,2025-01-05,2025-02-02,2025-02-01,2025-02-01,PAY6105149,14287.47,CAD,Paid,Net 30,0
INV-00702,PO-50683,TX-00702,CA01,2023,RE,100040,S040,2023-07-15,2023-07-15,2023-09-13,2023-09-08,2023-09-08,PAY6224875,135186.78,CAD,Paid,Net 60,0
INV-01636,PO-17901,TX-01636,CA01,2025,RE,100028,S028,2025-05-27,2025-05-27,2025-07-11,,,,57730.87,CAD,Pending,Net 45,0
INV-00696,PO-46261,TX-00696,CA01,2024,RE,100031,S031,2024-10-03,2024-10-05,2024-11-17,2024-11-17,2024-11-17,PAY6533036,92455.27,CAD,Paid,Net 45,0
INV-01049,PO-86015,TX-01049,CA01,2024,RE,100031,S031,2024-09-12,2024-09-13,2024-10-27,2024-10-23,2024-10-23,PAY6420018,70536.28,CAD,Paid,Net 45,0
INV-02330,PO-87167,TX-02330,CA01,2025,RE,100029,S029,2025-09-08,2025-09-08,2025-10-08,2025-10-08,2025-10-08,PAY6824265,3265.05,CAD,Paid,Net 30,0
INV-02363,PO-49202,TX-02363,CA01,2023,RE,100039,S039,2023-06-05,2023-06-05,2023-07-20,2023-07-18,2023-07-18,PAY6354877,2116.53,CAD,Paid,Net 45,0
INV-00116,PO-80807,TX-00116,CA01,2024,RE,100037,S037,2024-07-22,2024-07-24,2024-08-21,2024-08-17,2024-08-17,PAY6839756,27439.12,CAD,Paid,Net 30,0
INV-01654,PO-71782,TX-01654,CA01,2024,RE,100031,S031,2024-09-11,2024-09-11,2024-10-26,2024-10-22,2024-10-22,PAY6577321,108461.64,CAD,Paid,Net 45,0
INV-00154,PO-26750,TX-00154,CA01,2023,RE,100037,S037,2023-06-25,2023-06-26,2023-07-25,2023-07-22,2023-07-22,PAY6643852,22876.62,CAD,Paid,Net 30,0
INV-01308,PO-95449,TX-01308,CA01,2024,RE,100033,S033,2024-02-14,2024-02-16,2024-03-15,,,,185195.01,CAD,Pending,Net 30,0
INV-00370,PO-21015,TX-00370,CA01,2025,RE,100024,S024,2025-04-06,2025-04-06,2025-05-06,2025-05-01,2025-05-01,PAY6730917,4982.59,CAD,Paid,Net 30,0
INV-00022,PO-60488,TX-00022,CA01,2024,RE,100039,S039,2024-10-07,2024-10-09,2024-11-21,2024-11-21,2024-11-21,PAY6717817,44121.95,CAD,Paid,Net 45,0
INV-01939,PO-89818,TX-01939,CA01,2023,RE,100038,S038,2023-04-15,2023-04-15,2023-05-15,,,,40928.4,CAD,Overdue,Net 30,0
INV-02370,PO-56990,TX-02370,CA01,2023,RE,100024,S024,2023-07-02,2023-07-02,2023-08-01,2023-07-29,2023-07-29,PAY6741122,2661.38,CAD,Paid,Net 30,0
INV-01443,PO-89327,TX-01443,CA01,2025,RE,100009,S009,2025-11-07,2025-11-07,2025-12-07,2025-12-02,2025-12-02,PAY6054581,11901.44,CAD,Paid,Net 30,0
INV-02000,PO-47850,TX-02000,CA01,2025,RE,100034,S034,2025-05-28,2025-05-29,2025-07-12,2025-07-11,2025-07-11,PAY6168546,26116.88,CAD,Paid,Net 45,0
INV-01226,PO-64432,TX-01226,CA01,2023,RE,100007,S007,2023-04-07,2023-04-08,2023-05-07,2023-05-03,2023-05-03,PAY6408004,12164.24,CAD,Paid,Net 30,0
INV-01252,PO-84029,TX-01252,CA01,2023,RE,100029,S029,2023-03-13,2023-03-15,2023-04-12,,,,669.57,CAD,Pending,Net 30,0
INV-00855,PO-84560,TX-00855,CA01,2024,RE,100030,S030,2024-10-06,2024-10-06,2024-11-05,2024-11-02,2024-11-02,PAY6666764,59928.04,CAD,Paid,Net 30,0
INV-01598,PO-30749,TX-01598,CA01,2025,RE,100031,S031,2025-02-04,2025-02-04,2025-03-21,2025-03-20,2025-03-20,PAY6005547,235705.91,CAD,Paid,Net 45,0
INV-01737,PO-52141,TX-01737,CA01,2025,RE,100039,S039,2025-02-18,2025-02-19,2025-04-04,2025-04-04,2025-04-04,PAY6843442,628.8,CAD,Paid,Net 45,0
INV-01617,PO-71670,TX-01617,CA01,2024,RE,100034,S034,2024-01-14,2024-01-14,2024-02-28,,,,92354.16,CAD,Overdue,Net 45,0
INV-00987,PO-16799,TX-00987,CA01,2024,RE,100034,S034,2024-10-30,2024-10-31,2024-12-14,2024-12-14,2024-12-14,PAY6095513,83398.57,CAD,Paid,Net 45,0
INV-01843,PO-36946,TX-01843,CA01,2023,RE,100038,S038,2023-08-21,2023-08-21,2023-09-20,2023-09-18,2023-09-18,PAY6863245,4874.7,CAD,Paid,Net 30,0
INV-00177,PO-60678,TX-00177,CA01,2025,RE,100035,S035,2025-01-26,2025-01-28,2025-03-12,,,,56918.98,CAD,Pending,Net 45,0
INV-01526,PO-21284,TX-01526,CA01,2024,RE,100033,S033,2024-12-26,2024-12-26,2025-01-25,2025-01-24,2025-01-24,PAY6152387,40360.45,CAD,Paid,Net 30,0
INV-00506,PO-26152,TX-00506,CA01,2025,RE,100018,S018,2025-02-04,2025-02-04,2025-03-06,2025-03-05,2025-03-05,PAY6494580,12781.69,CAD,Paid,Net 30,0
INV-00113,PO-69600,TX-00113,CA01,2025,RE,100035,S035,2025-03-27,2025-03-28,2025-05-11,2025-05-08,2025-05-08,PAY6970836,90663.83,CAD,Paid,Net 45,0
INV-01320,PO-94366,TX-01320,CA01,2025,RE,100037,S037,2025-03-02,2025-03-02,2025-04-01,2025-03-27,2025-03-27,PAY6629402,3620.76,CAD,Paid,Net 30,0
INV-01574,PO-92756,TX-01574,CA01,2025,RE,100036,S036,2025-04-07,2025-04-07,2025-05-07,2025-05-03,2025-05-03,PAY6456526,11096.43,CAD,Paid,Net 30,0
INV-00326,PO-74843,TX-00326,CA01,2023,RE,100028,S028,2023-05-15,2023-05-16,2023-06-29,2023-06-24,2023-06-24,PAY6092422,63325.81,CAD,Paid,Net 45,0
INV-00810,PO-39116,TX-00810,CA01,2023,RE,100033,S033,2023-04-24,2023-04-26,2023-05-24,,,,38757.16,CAD,Overdue,Net 30,0
INV-02254,PO-66909,TX-02254,CA01,2023,RE,100034,S034,2023-08-09,2023-08-11,2023-09-23,2023-09-18,2023-09-18,PAY6067193,73933.42,CAD,Paid,Net 45,0
INV-02151,PO-22388,TX-02151,CA01,2024,RE,100040,S040,2024-10-27,2024-10-28,2024-12-26,2024-12-22,2024-12-22,PAY6275871,8188.46,CAD,Paid,Net 60,0
INV-01846,PO-75482,TX-01846,CA01,2024,RE,100003,S003,2024-03-22,2024-03-23,2024-04-06,,,,65005.17,CAD,Pending,Net 15,0
INV-01139,PO-65369,TX-01139,CA01,2023,RE,100030,S030,2023-11-26,2023-11-27,2023-12-26,2023-12-24,2023-12-24,PAY6232542,90511.46,CAD,Paid,Net 30,0
INV-01318,PO-35837,TX-01318,CA01,2025,RE,100031,S031,2025-05-19,2025-05-20,2025-07-03,,,,186132.03,CAD,Pending,Net 45,0
INV-01079,PO-97046,TX-01079,CA01,2023,RE,100029,S029,2023-05-14,2023-05-15,2023-06-13,2023-06-08,2023-06-08,PAY6388848,4192.19,CAD,Paid,Net 30,0
INV-00602,PO-91937,TX-00602,CA01,2023,RE,100018,S018,2023-07-09,2023-07-11,2023-08-08,2023-08-06,2023-08-06,PAY6083927,27466.07,CAD,Paid,Net 30,0
INV-00107,PO-91205,TX-00107,CA01,2025,RE,100034,S034,2025-02-04,2025-02-06,2025-03-21,,,,21404.12,CAD,Pending,Net 45,0
INV-01628,PO-87717,TX-01628,CA01,2023,RE,100007,S007,2023-11-29,2023-11-30,2023-12-29,,,,44318.19,CAD,Pending,Net 30,0
INV-00155,PO-54791,TX-00155,CA01,2025,RE,100028,S028,2025-05-20,2025-05-20,2025-07-04,2025-07-02,2025-07-02,PAY6638613,11792.41,CAD,Paid,Net 45,0
INV-02287,PO-97108,TX-02287,CA01,2025,RE,100036,S036,2025-03-18,2025-03-19,2025-04-17,,,,95834.39,CAD,Pending,Net 30,0
INV-01731,PO-89102,TX-01731,CA01,2025,RE,100034,S034,2025-12-02,2025-12-02,2026-01-16,,,,7005.18,CAD,Pending,Net 45,0
INV-02159,PO-63095,TX-02159,CA01,2023,RE,100026,S026,2023-05-07,2023-05-08,2023-06-06,2023-06-05,2023-06-05,PAY6039589,97812.3,CAD,Paid,Net 30,0
INV-00037,PO-64377,TX-00037,CA01,2025,RE,100017,S017,2025-03-02,2025-03-03,2025-04-01,2025-04-01,2025-04-01,PAY6759687,82275.61,CAD,Paid,Net 30,0
INV-00711,PO-52914,TX-00711,CA01,2023,RE,100034,S034,2023-08-13,2023-08-15,2023-09-27,,,,217527.73,CAD,Pending,Net 45,0
INV-02304,PO-92639,TX-02304,CA01,2024,RE,100027,S027,2024-06-17,2024-06-17,2024-07-17,2024-07-17,2024-07-17,PAY6402995,88808.83,CAD,Paid,Net 30,0
INV-01190,PO-66928,TX-01190,CA01,2024,RE,100024,S024,2024-12-05,2024-12-05,2025-01-04,,,,5456.27,CAD,Pending,Net 30,0
INV-01683,PO-61280,TX-01683,CA01,2023,RE,100004,S004,2023-10-24,2023-10-26,2023-11-23,2023-11-20,2023-11-20,PAY6975893,7738.14,CAD,Paid,Net 30,0
INV-00932,PO-13514,TX-00932,CA01,2024,RE,100017,S017,2024-01-28,2024-01-30,2024-02-27,2024-02-23,2024-02-23,PAY6420106,1937.91,CAD,Paid,Net 30,0
INV-00076,PO-23710,TX-00076,CA01,2025,RE,100039,S039,2025-08-26,2025-08-28,2025-10-10,2025-10-06,2025-10-06,PAY6643789,13031.1,CAD,Paid,Net 45,0
INV-01312,PO-92929,TX-01312,CA01,2025,RE,100033,S033,2025-03-01,2025-03-03,2025-03-31,2025-03-28,2025-03-28,PAY6688049,78718.29,CAD,Paid,Net 30,0
INV-00888,PO-13584,TX-00888,CA01,2025,RE,100031,S031,2025-05-12,2025-05-12,2025-06-26,2025-06-25,2025-06-25,PAY6546313,290218.98,CAD,Paid,Net 45,0
INV-00629,PO-76155,TX-00629,CA01,2025,RE,100024,S024,2025-03-16,2025-03-16,2025-04-15,,,,14875.49,CAD,Pending,Net 30,0
INV-01891,PO-86752,TX-01891,CA01,2025,RE,100003,S003,2025-11-17,2025-11-18,2025-12-02,2025-12-02,2025-12-02,PAY6300384,8811.45,CAD,Paid,Net 15,0
INV-01046,PO-46231,TX-01046,CA01,2025,RE,100009,S009,2025-10-28,2025-10-29,2025-11-27,2025-11-25,2025-11-25,PAY6746172,86015.91,CAD,Paid,Net 30,0
INV-01434,PO-99262,TX-01434,CA01,2023,RE,100026,S026,2023-06-09,2023-06-11,2023-07-09,,,,15818.0,CAD,Overdue,Net 30,0
INV-00863,PO-36444,TX-00863,CA01,2024,RE,100006,S006,2024-11-27,2024-11-29,2025-01-11,2025-01-11,2025-01-11,PAY6626495,19319.23,CAD,Paid,Net 45,0
INV-01901,PO-49779,TX-01901,CA01,2024,RE,100035,S035,2024-07-30,2024-08-01,2024-09-13,,,,119344.16,CAD,Pending,Net 45,0
INV-02360,PO-62989,TX-02360,CA01,2024,RE,100007,S007,2024-02-13,2024-02-14,2024-03-14,2024-03-11,2024-03-11,PAY6060254,178254.5,CAD,Paid,Net 30,0
INV-00242,PO-98181,TX-00242,CA01,2025,RE,100004,S004,2025-11-22,2025-11-23,2025-12-22,2025-12-22,2025-12-22,PAY6991654,22753.07,CAD,Paid,Net 30,0
INV-00043,PO-46471,TX-00043,CA01,2025,RE,100039,S039,2025-07-23,2025-07-24,2025-09-06,2025-09-04,2025-09-04,PAY6811187,26206.52,CAD,Paid,Net 45,0
INV-00526,PO-94341,TX-00526,CA01,2025,RE,100040,S040,2025-10-29,2025-10-30,2025-12-28,2025-12-23,2025-12-23,PAY6860072,72868.39,CAD,Paid,Net 60,0
INV-00469,PO-39218,TX-00469,CA01,2025,RE,100032,S032,2025-07-28,2025-07-29,2025-09-26,2025-09-21,2025-09-21,PAY6183785,191334.76,CAD,Paid,Net 60,0
INV-00544,PO-76629,TX-00544,CA01,2024,RE,100016,S016,2024-04-18,2024-04-19,2024-05-03,2024-04-29,2024-04-29,PAY6671394,59497.46,CAD,Paid,Net 15,0
INV-00123,PO-38183,TX-00123,CA01,2023,RE,100038,S038,2023-08-24,2023-08-25,2023-09-23,,,,56913.73,CAD,Pending,Net 30,0
INV-01301,PO-22160,TX-01301,CA01,2023,RE,100026,S026,2023-09-14,2023-09-16,2023-10-14,2023-10-11,2023-10-11,PAY6518382,12009.68,CAD,Paid,Net 30,0
INV-01152,PO-10697,TX-01152,CA01,2023,RE,100008,S008,2023-09-03,2023-09-05,2023-10-03,,,,33269.08,CAD,Pending,Net 30,0
INV-00087,PO-15720,TX-00087,CA01,2024,RE,100028,S028,2024-01-24,2024-01-26,2024-03-09,2024-03-08,2024-03-08,PAY6460295,48122.75,CAD,Paid,Net 45,0
INV-00134,PO-65576,TX-00134,CA01,2023,RE,100017,S017,2023-04-14,2023-04-16,2023-05-14,,,,35088.03,CAD,Pending,Net 30,0
INV-01058,PO-47200,TX-01058,CA01,2025,RE,100016,S016,2025-10-02,2025-10-03,2025-10-17,,,,3441.29,CAD,Pending,Net 15,0
INV-02338,PO-95859,TX-02338,CA01,2023,RE,100038,S038,2023-05-31,2023-05-31,2023-06-30,2023-06-30,2023-06-30,PAY6011230,34153.65,CAD,Paid,Net 30,0
INV-02263,PO-10716,TX-02263,CA01,2024,RE,100039,S039,2024-06-06,2024-06-07,2024-07-21,2024-07-21,2024-07-21,PAY6211505,11960.83,CAD,Paid,Net 45,0
INV-02341,PO-93148,TX-02341,CA01,2024,RE,100032,S032,2024-04-19,2024-04-19,2024-06-18,2024-06-17,2024-06-17,PAY6891884,31535.69,CAD,Paid,Net 60,0
INV-00788,PO-14287,TX-00788,CA01,2023,RE,100026,S026,2023-06-01,2023-06-03,2023-07-01,2023-06-30,2023-06-30,PAY6688793,46949.01,CAD,Paid,Net 30,0
INV-01672,PO-54204,TX-01672,CA01,2024,RE,100026,S026,2024-07-30,2024-07-31,2024-08-29,2024-08-24,2024-08-24,PAY6975970,57971.25,CAD,Paid,Net 30,0
INV-02202,PO-91259,TX-02202,CA01,2025,RE,100033,S033,2025-12-07,2025-12-09,2026-01-06,2026-01-04,2026-01-04,PAY6842960,115207.93,CAD,Paid,Net 30,0
INV-02113,PO-23100,TX-02113,CA01,2025,RE,100038,S038,2025-07-26,2025-07-27,2025-08-25,,,,8672.79,CAD,Pending,Net 30,0
INV-01896,PO-13626,TX-01896,CA01,2025,RE,100034,S034,2025-06-10,2025-06-12,2025-07-25,2025-07-25,2025-07-25,PAY6543323,16437.26,CAD,Paid,Net 45,0
INV-01736,PO-92095,TX-01736,CA01,2024,RE,100038,S038,2024-10-20,2024-10-20,2024-11-19,,,,11749.3,CAD,Pending,Net 30,0
INV-00498,PO-92511,TX-00498,CA01,2025,RE,100007,S007,2025-12-29,2025-12-29,2026-01-28,2026-01-25,2026-01-25,PAY6299899,1747.94,CAD,Paid,Net 30,0
INV-00254,PO-94320,TX-00254,CA01,2023,RE,100031,S031,2023-12-27,2023-12-27,2024-02-10,2024-02-10,2024-02-10,PAY6204206,165799.95,CAD,Paid,Net 45,0
INV-01974,PO-61231,TX-01974,CA01,2023,RE,100007,S007,2023-01-08,2023-01-09,2023-02-07,2023-02-05,2023-02-05,PAY6035241,49052.32,CAD,Paid,Net 30,0
INV-01854,PO-18540,TX-01854,CA01,2025,RE,100033,S033,2025-09-12,2025-09-12,2025-10-12,2025-10-09,2025-10-09,PAY6822041,39066.15,CAD,Paid,Net 30,0
INV-01749,PO-43619,TX-01749,CA01,2024,RE,100036,S036,2024-01-12,2024-01-13,2024-02-11,2024-02-08,2024-02-08,PAY6628636,19658.8,CAD,Paid,Net 30,0
INV-01390,PO-41013,TX-01390,CA01,2025,RE,100026,S026,2025-09-04,2025-09-04,2025-10-04,2025-10-01,2025-10-01,PAY6535348,24261.31,CAD,Paid,Net 30,0
INV-00261,PO-47101,TX-00261,CA01,2024,RE,100027,S027,2024-02-27,2024-02-27,2024-03-28,,,,18949.58,CAD,Pending,Net 30,0
INV-01115,PO-21233,TX-01115,CA01,2023,RE,100039,S039,2023-08-14,2023-08-15,2023-09-28,2023-09-23,2023-09-23,PAY6540869,17354.76,CAD,Paid,Net 45,0
INV-01061,PO-97135,TX-01061,CA01,2024,RE,100026,S026,2024-03-01,2024-03-02,2024-03-31,2024-03-29,2024-03-29,PAY6732377,10769.42,CAD,Paid,Net 30,0
INV-01918,PO-90495,TX-01918,CA01,2023,RE,100036,S036,2023-02-07,2023-02-07,2023-03-09,,,,22646.67,CAD,Pending,Net 30,0
INV-00777,PO-60768,TX-00777,CA01,2023,RE,100026,S026,2023-10-31,2023-11-01,2023-11-30,,,,25711.94,CAD,Pending,Net 30,0
INV-00404,PO-78495,TX-00404,CA01,2024,RE,100006,S006,2024-04-12,2024-04-12,2024-05-27,2024-05-27,2024-05-27,PAY6242924,145656.58,CAD,Paid,Net 45,0
INV-01146,PO-95563,TX-01146,CA01,2025,RE,100001,S001,2025-03-30,2025-03-31,2025-04-29,2025-04-24,2025-04-24,PAY6645073,31986.53,CAD,Paid,Net 30,0
INV-00352,PO-42053,TX-00352,CA01,2025,RE,100008,S008,2025-11-10,2025-11-12,2025-12-10,,,,10938.19,CAD,Overdue,Net 30,0
INV-01616,PO-75937,TX-01616,CA01,2025,RE,100033,S033,2025-12-26,2025-12-28,2026-01-25,2026-01-21,2026-01-21,PAY6177715,45663.97,CAD,Paid,Net 30,0
INV-01035,PO-59054,TX-01035,CA01,2023,RE,100007,S007,2023-09-30,2023-10-02,2023-10-30,2023-10-27,2023-10-27,PAY6706765,47443.96,CAD,Paid,Net 30,0
INV-01200,PO-27079,TX-01200,CA01,2023,RE,100035,S035,2023-07-22,2023-07-24,2023-09-05,,,,141320.35,CAD,Pending,Net 45,0
INV-01278,PO-28955,TX-01278,CA01,2024,RE,100038,S038,2024-02-14,2024-02-16,2024-03-15,2024-03-14,2024-03-14,PAY6037812,6539.95,CAD,Paid,Net 30,0
INV-02139,PO-63449,TX-02139,CA01,2023,RE,100009,S009,2023-06-01,2023-06-01,2023-07-01,,,,76113.08,CAD,Pending,Net 30,0
INV-01869,PO-81036,TX-01869,CA01,2024,RE,100027,S027,2024-09-24,2024-09-26,2024-10-24,,,,19489.59,CAD,Pending,Net 30,0
INV-01680,PO-48862,TX-01680,CA01,2025,RE,100029,S029,2025-05-25,2025-05-27,2025-06-24,,,,5421.98,CAD,Overdue,Net 30,0
INV-00160,PO-89254,TX-00160,CA01,2025,RE,100028,S028,2025-02-24,2025-02-26,2025-04-10,2025-04-08,2025-04-08,PAY6377214,41279.04,CAD,Paid,Net 45,0
INV-00185,PO-25435,TX-00185,CA01,2024,RE,100007,S007,2024-01-22,2024-01-24,2024-02-21,2024-02-18,2024-02-18,PAY6250878,53807.04,CAD,Paid,Net 30,0
INV-00066,PO-66207,TX-00066,CA01,2025,RE,100029,S029,2025-07-16,2025-07-17,2025-08-15,2025-08-13,2025-08-13,PAY6686837,6051.05,CAD,Paid,Net 30,0
INV-00518,PO-48141,TX-00518,CA01,2023,RE,100034,S034,2023-11-05,2023-11-05,2023-12-20,,,,53644.29,CAD,Pending,Net 45,0
INV-00348,PO-77793,TX-00348,CA01,2023,RE,100016,S016,2023-10-16,2023-10-18,2023-10-31,2023-10-30,2023-10-30,PAY6000301,28407.36,CAD,Paid,Net 15,0
INV-01378,PO-73402,TX-01378,CA01,2025,RE,100005,S005,2025-03-16,2025-03-18,2025-04-15,,,,1219.64,CAD,Pending,Net 30,0
INV-02321,PO-61968,TX-02321,CA01,2025,RE,100017,S017,2025-05-09,2025-05-11,2025-06-08,,,,19723.39,CAD,Pending,Net 30,0
INV-01976,PO-89493,TX-01976,CA01,2024,RE,100016,S016,2024-06-17,2024-06-17,2024-07-02,,,,28145.5,CAD,Pending,Net 15,0
INV-01949,PO-66804,TX-01949,CA01,2024,RE,100033,S033,2024-12-20,2024-12-21,2025-01-19,2025-01-16,2025-01-16,PAY6165092,104147.45,CAD,Paid,Net 30,0
INV-02109,PO-92638,TX-02109,CA01,2025,RE,100032,S032,2025-04-15,2025-04-15,2025-06-14,2025-06-14,2025-06-14,PAY6091061,47308.22,CAD,Paid,Net 60,0
INV-00158,PO-40671,TX-00158,CA01,2024,RE,100004,S004,2024-05-08,2024-05-09,2024-06-07,2024-06-05,2024-06-05,PAY6289340,53738.05,CAD,Paid,Net 30,0
INV-01004,PO-24541,TX-01004,CA01,2024,RE,100003,S003,2024-03-08,2024-03-10,2024-03-23,2024-03-20,2024-03-20,PAY6817546,5050.17,CAD,Paid,Net 15,0
INV-01888,PO-96489,TX-01888,CA01,2023,RE,100007,S007,2023-07-03,2023-07-05,2023-08-02,2023-07-30,2023-07-30,PAY6418836,97608.72,CAD,Paid,Net 30,0
INV-00233,PO-62538,TX-00233,CA01,2025,RE,100024,S024,2025-04-14,2025-04-14,2025-05-14,2025-05-12,2025-05-12,PAY6370281,8956.11,CAD,Paid,Net 30,0
INV-01873,PO-14068,TX-01873,CA01,2023,RE,100040,S040,2023-04-02,2023-04-02,2023-06-01,2023-05-31,2023-05-31,PAY6702191,121280.42,CAD,Paid,Net 60,0
INV-00656,PO-90879,TX-00656,CA01,2024,RE,100038,S038,2024-02-22,2024-02-23,2024-03-23,2024-03-21,2024-03-21,PAY6414337,7885.94,CAD,Paid,Net 30,0
INV-00369,PO-18083,TX-00369,CA01,2023,RE,100024,S024,2023-07-30,2023-07-31,2023-08-29,2023-08-25,2023-08-25,PAY6425146,2954.05,CAD,Paid,Net 30,0
INV-00396,PO-66911,TX-00396,CA01,2023,RE,100006,S006,2023-03-08,2023-03-08,2023-04-22,2023-04-22,2023-04-22,PAY6614549,90838.96,CAD,Paid,Net 45,0
INV-01675,PO-67168,TX-01675,CA01,2024,RE,100026,S026,2024-08-30,2024-08-31,2024-09-29,2024-09-28,2024-09-28,PAY6210040,10342.6,CAD,Paid,Net 30,0
INV-01140,PO-81828,TX-01140,CA01,2025,RE,100028,S028,2025-03-15,2025-03-15,2025-04-29,2025-04-24,2025-04-24,PAY6542892,40902.02,CAD,Paid,Net 45,0
INV-01322,PO-46002,TX-01322,CA01,2023,RE,100001,S001,2023-07-20,2023-07-21,2023-08-19,2023-08-14,2023-08-14,PAY6016112,31814.37,CAD,Paid,Net 30,0
INV-01863,PO-80806,TX-01863,CA01,2025,RE,100016,S016,2025-11-04,2025-11-04,2025-11-19,2025-11-19,2025-11-19,PAY6772722,158299.15,CAD,Paid,Net 15,0
INV-02047,PO-36864,TX-02047,CA01,2023,RE,100040,S040,2023-08-01,2023-08-01,2023-09-30,2023-09-30,2023-09-30,PAY6737801,8586.28,CAD,Paid,Net 60,0
INV-00853,PO-68006,TX-00853,CA01,2023,RE,100001,S001,2023-09-06,2023-09-06,2023-10-06,2023-10-01,2023-10-01,PAY6071950,12018.76,CAD,Paid,Net 30,0
INV-01281,PO-31771,TX-01281,CA01,2023,RE,100040,S040,2023-03-23,2023-03-24,2023-05-22,2023-05-20,2023-05-20,PAY6963827,44797.28,CAD,Paid,Net 60,0
INV-01963,PO-82746,TX-01963,CA01,2024,RE,100030,S030,2024-09-13,2024-09-14,2024-10-13,2024-10-09,2024-10-09,PAY6094545,38271.64,CAD,Paid,Net 30,0
INV-00109,PO-25220,TX-00109,CA01,2023,RE,100038,S038,2023-04-06,2023-04-07,2023-05-06,,,,31491.61,CAD,Pending,Net 30,0
INV-00916,PO-17279,TX-00916,CA01,2023,RE,100028,S028,2023-09-29,2023-09-29,2023-11-13,,,,4348.73,CAD,Pending,Net 45,0
INV-00267,PO-64053,TX-00267,CA01,2023,RE,100005,S005,2023-06-04,2023-06-05,2023-07-04,2023-07-01,2023-07-01,PAY6576289,57326.7,CAD,Paid,Net 30,0
INV-00845,PO-32114,TX-00845,CA01,2025,RE,100008,S008,2025-04-01,2025-04-02,2025-05-01,2025-04-27,2025-04-27,PAY6298313,166950.31,CAD,Paid,Net 30,0
INV-00329,PO-27290,TX-00329,CA01,2023,RE,100036,S036,2023-01-03,2023-01-03,2023-02-02,2023-02-01,2023-02-01,PAY6761411,73576.44,CAD,Paid,Net 30,0
INV-01204,PO-30142,TX-01204,CA01,2025,RE,100035,S035,2025-09-05,2025-09-07,2025-10-20,,,,63153.88,CAD,Pending,Net 45,0
INV-00708,PO-66511,TX-00708,CA01,2023,RE,100036,S036,2023-05-21,2023-05-21,2023-06-20,2023-06-16,2023-06-16,PAY6870071,49334.64,CAD,Paid,Net 30,0
INV-01752,PO-18834,TX-01752,CA01,2024,RE,100026,S026,2024-04-15,2024-04-16,2024-05-15,,,,5760.78,CAD,Pending,Net 30,0
INV-01358,PO-47802,TX-01358,CA01,2025,RE,100026,S026,2025-07-23,2025-07-23,2025-08-22,,,,113889.93,CAD,Pending,Net 30,0
INV-00488,PO-19760,TX-00488,CA01,2024,RE,100034,S034,2024-02-04,2024-02-06,2024-03-20,,,,18622.68,CAD,Pending,Net 45,0
INV-01874,PO-86955,TX-01874,CA01,2025,RE,100034,S034,2025-02-26,2025-02-26,2025-04-12,2025-04-12,2025-04-12,PAY6586273,299922.9,CAD,Paid,Net 45,0
INV-00105,PO-83048,TX-00105,CA01,2024,RE,100026,S026,2024-04-10,2024-04-11,2024-05-10,2024-05-07,2024-05-07,PAY6959456,102376.23,CAD,Paid,Net 30,0
INV-00986,PO-22942,TX-00986,CA01,2024,RE,100005,S005,2024-01-12,2024-01-14,2024-02-11,,,,471.7,CAD,Overdue,Net 30,0
INV-00748,PO-14569,TX-00748,CA01,2023,RE,100038,S038,2023-08-11,2023-08-12,2023-09-10,2023-09-06,2023-09-06,PAY6611248,66428.15,CAD,Paid,Net 30,0
INV-02005,PO-80098,TX-02005,CA01,2023,RE,100007,S007,2023-10-28,2023-10-30,2023-11-27,2023-11-24,2023-11-24,PAY6365004,49855.28,CAD,Paid,Net 30,0
INV-00560,PO-98580,TX-00560,CA01,2023,RE,100029,S029,2023-11-18,2023-11-20,2023-12-18,2023-12-14,2023-12-14,PAY6364354,2569.56,CAD,Paid,Net 30,0
INV-00905,PO-46831,TX-00905,CA01,2023,RE,100038,S038,2023-08-30,2023-08-30,2023-09-29,2023-09-24,2023-09-24,PAY6855129,32123.5,CAD,Paid,Net 30,0
INV-02229,PO-37531,TX-02229,CA01,2024,RE,100038,S038,2024-10-20,2024-10-20,2024-11-19,2024-11-16,2024-11-16,PAY6289939,1328.0,CAD,Paid,Net 30,0
INV-02020,PO-22362,TX-02020,CA01,2024,RE,100034,S034,2024-11-14,2024-11-15,2024-12-29,2024-12-25,2024-12-25,PAY6237288,16639.12,CAD,Paid,Net 45,0
INV-01067,PO-92324,TX-01067,CA01,2023,RE,100026,S026,2023-04-07,2023-04-07,2023-05-07,2023-05-06,2023-05-06,PAY6635818,58552.72,CAD,Paid,Net 30,0
INV-00424,PO-89736,TX-00424,CA01,2023,RE,100027,S027,2023-12-27,2023-12-27,2024-01-26,,,,5766.85,CAD,Pending,Net 30,0
INV-00740,PO-63903,TX-00740,CA01,2023,RE,100034,S034,2023-01-25,2023-01-27,2023-03-11,,,,172374.02,CAD,Pending,Net 45,0
INV-01686,PO-40432,TX-01686,CA01,2025,RE,100040,S040,2025-12-03,2025-12-03,2026-02-01,2026-01-29,2026-01-29,PAY6203974,3934.83,CAD,Paid,Net 60,0
INV-01529,PO-33331,TX-01529,CA01,2023,RE,100032,S032,2023-10-05,2023-10-07,2023-12-04,2023-12-02,2023-12-02,PAY6476849,71855.22,CAD,Paid,Net 60,0
INV-02144,PO-44543,TX-02144,CA01,2023,RE,100030,S030,2023-11-29,2023-12-01,2023-12-29,2023-12-29,2023-12-29,PAY6974875,87896.09,CAD,Paid,Net 30,0
INV-00060,PO-78765,TX-00060,CA01,2024,RE,100028,S028,2024-01-22,2024-01-24,2024-03-07,,,,46278.25,CAD,Pending,Net 45,0
INV-01942,PO-78819,TX-01942,CA01,2025,RE,100040,S040,2025-10-01,2025-10-02,2025-11-30,2025-11-27,2025-11-27,PAY6423579,52751.08,CAD,Paid,Net 60,0
INV-00903,PO-15390,TX-00903,CA01,2025,RE,100034,S034,2025-03-23,2025-03-24,2025-05-07,2025-05-02,2025-05-02,PAY6602833,63354.5,CAD,Paid,Net 45,0
INV-02137,PO-90201,TX-02137,CA01,2025,RE,100001,S001,2025-03-10,2025-03-11,2025-04-09,2025-04-09,2025-04-09,PAY6004877,4058.88,CAD,Paid,Net 30,0
INV-01655,PO-84000,TX-01655,CA01,2024,RE,100003,S003,2024-10-29,2024-10-31,2024-11-13,2024-11-09,2024-11-09,PAY6273791,7107.06,CAD,Paid,Net 15,0
INV-00136,PO-17180,TX-00136,CA01,2024,RE,100034,S034,2024-09-30,2024-10-01,2024-11-14,2024-11-10,2024-11-10,PAY6183537,20066.96,CAD,Paid,Net 45,0
INV-00936,PO-66595,TX-00936,CA01,2024,RE,100034,S034,2024-11-16,2024-11-17,2024-12-31,,,,18761.82,CAD,Pending,Net 45,0
INV-01111,PO-74451,TX-01111,CA01,2025,RE,100032,S032,2025-03-28,2025-03-28,2025-05-27,2025-05-23,2025-05-23,PAY6426911,23574.57,CAD,Paid,Net 60,0
INV-02087,PO-20769,TX-02087,CA01,2025,RE,100018,S018,2025-12-20,2025-12-21,2026-01-19,2026-01-15,2026-01-15,PAY6530829,13502.78,CAD,Paid,Net 30,0
INV-02060,PO-98754,TX-02060,CA01,2023,RE,100029,S029,2023-12-09,2023-12-10,2024-01-08,2024-01-03,2024-01-03,PAY6111636,3047.8,CAD,Paid,Net 30,0
INV-00735,PO-40626,TX-00735,CA01,2025,RE,100036,S036,2025-09-04,2025-09-06,2025-10-04,2025-09-30,2025-09-30,PAY6585766,41026.95,CAD,Paid,Net 30,0
INV-00466,PO-68733,TX-00466,CA01,2024,RE,100039,S039,2024-04-28,2024-04-30,2024-06-12,2024-06-11,2024-06-11,PAY6075902,4570.92,CAD,Paid,Net 45,0
INV-01307,PO-26591,TX-01307,CA01,2024,RE,100008,S008,2024-11-06,2024-11-08,2024-12-06,2024-12-06,2024-12-06,PAY6527611,6296.45,CAD,Paid,Net 30,0
INV-01022,PO-17928,TX-01022,CA01,2025,RE,100006,S006,2025-07-04,2025-07-06,2025-08-18,,,,10136.15,CAD,Pending,Net 45,0
INV-01268,PO-24302,TX-01268,CA01,2025,RE,100026,S026,2025-08-17,2025-08-19,2025-09-16,,,,44222.11,CAD,Overdue,Net 30,0
INV-00817,PO-82851,TX-00817,CA01,2025,RE,100038,S038,2025-04-20,2025-04-22,2025-05-20,2025-05-17,2025-05-17,PAY6308545,19534.72,CAD,Paid,Net 30,0
INV-01091,PO-40016,TX-01091,CA01,2025,RE,100005,S005,2025-05-06,2025-05-07,2025-06-05,,,,17750.62,CAD,Overdue,Net 30,0
INV-00829,PO-72851,TX-00829,CA01,2023,RE,100026,S026,2023-06-09,2023-06-11,2023-07-09,,,,7286.06,CAD,Pending,Net 30,0
INV-00961,PO-78332,TX-00961,CA01,2024,RE,100038,S038,2024-08-05,2024-08-07,2024-09-04,2024-09-03,2024-09-03,PAY6356480,12217.72,CAD,Paid,Net 30,0
INV-00819,PO-44429,TX-00819,CA01,2025,RE,100033,S033,2025-08-12,2025-08-12,2025-09-11,2025-09-10,2025-09-10,PAY6993017,105893.59,CAD,Paid,Net 30,0
INV-01003,PO-57579,TX-01003,CA01,2024,RE,100034,S034,2024-09-19,2024-09-20,2024-11-03,2024-11-02,2024-11-02,PAY6122692,56818.12,CAD,Paid,Net 45,0
INV-01442,PO-57432,TX-01442,CA01,2023,RE,100025,S025,2023-08-30,2023-08-31,2023-09-29,2023-09-28,2023-09-28,PAY6841945,7591.5,CAD,Paid,Net 30,0
INV-01128,PO-43767,TX-01128,CA01,2024,RE,100038,S038,2024-11-06,2024-11-07,2024-12-06,2024-12-05,2024-12-05,PAY6538220,70119.21,CAD,Paid,Net 30,0
INV-DUP-025,PO-51222,TX-DUP-025,CA01,2023,RE,100038,S038,2023-09-02,2023-09-04,2023-10-02,2023-10-02,2023-10-02,PAY6270211,66096.46,CAD,Paid,Net 30,0
INV-01864,PO-24664,TX-01864,CA01,2024,RE,100037,S037,2024-02-27,2024-02-29,2024-03-28,2024-03-25,2024-03-25,PAY6918671,57888.74,CAD,Paid,Net 30,0
INV-01612,PO-88419,TX-01612,CA01,2025,RE,100026,S026,2025-09-03,2025-09-05,2025-10-03,,,,32654.02,CAD,Overdue,Net 30,0
INV-02112,PO-13574,TX-02112,CA01,2025,RE,100005,S005,2025-01-13,2025-01-13,2025-02-12,2025-02-12,2025-02-12,PAY6564032,33563.8,CAD,Paid,Net 30,0
INV-01065,PO-42654,TX-01065,CA01,2024,RE,100028,S028,2024-09-05,2024-09-07,2024-10-20,2024-10-15,2024-10-15,PAY6852646,63956.72,CAD,Paid,Net 45,0
INV-00940,PO-71504,TX-00940,CA01,2025,RE,100006,S006,2025-06-17,2025-06-17,2025-08-01,2025-07-29,2025-07-29,PAY6831928,6247.58,CAD,Paid,Net 45,0
INV-01241,PO-17088,TX-01241,CA01,2023,RE,100028,S028,2023-10-23,2023-10-24,2023-12-07,2023-12-06,2023-12-06,PAY6602819,10266.91,CAD,Paid,Net 45,0
INV-01114,PO-43993,TX-01114,CA01,2023,RE,100024,S024,2023-05-02,2023-05-04,2023-06-01,2023-05-27,2023-05-27,PAY6262292,12346.37,CAD,Paid,Net 30,0
INV-02161,PO-98964,TX-02161,CA01,2024,RE,100029,S029,2024-11-07,2024-11-07,2024-12-07,,,,1793.5,CAD,Pending,Net 30,0
INV-00030,PO-90120,TX-00030,CA01,2024,RE,100032,S032,2024-02-15,2024-02-15,2024-04-15,2024-04-14,2024-04-14,PAY6727912,9826.88,CAD,Paid,Net 60,0
INV-02012,PO-50902,TX-02012,CA01,2023,RE,100033,S033,2023-03-13,2023-03-15,2023-04-12,2023-04-08,2023-04-08,PAY6464276,153718.82,CAD,Paid,Net 30,0
INV-00175,PO-77552,TX-00175,CA01,2024,RE,100032,S032,2024-02-17,2024-02-18,2024-04-17,2024-04-15,2024-04-15,PAY6395397,158981.19,CAD,Paid,Net 60,0
INV-00500,PO-17113,TX-00500,CA01,2023,RE,100028,S028,2023-11-18,2023-11-19,2024-01-02,2023-12-31,2023-12-31,PAY6590525,13860.04,CAD,Paid,Net 45,0
INV-00992,PO-10131,TX-00992,CA01,2025,RE,100017,S017,2025-05-19,2025-05-20,2025-06-18,2025-06-13,2025-06-13,PAY6507122,89868.34,CAD,Paid,Net 30,0
INV-01157,PO-38208,TX-01157,CA01,2023,RE,100029,S029,2023-04-06,2023-04-06,2023-05-06,2023-05-06,2023-05-06,PAY6807369,1152.52,CAD,Paid,Net 30,0
INV-01809,PO-29647,TX-01809,CA01,2024,RE,100017,S017,2024-01-14,2024-01-14,2024-02-13,2024-02-13,2024-02-13,PAY6255090,3189.35,CAD,Paid,Net 30,0
INV-01133,PO-57844,TX-01133,CA01,2024,RE,100003,S003,2024-01-27,2024-01-27,2024-02-11,2024-02-08,2024-02-08,PAY6794268,75416.64,CAD,Paid,Net 15,0
INV-00596,PO-42631,TX-00596,CA01,2024,RE,100027,S027,2024-05-31,2024-05-31,2024-06-30,2024-06-26,2024-06-26,PAY6356160,110663.72,CAD,Paid,Net 30,0
INV-01682,PO-18757,TX-01682,CA01,2024,RE,100009,S009,2024-10-04,2024-10-05,2024-11-03,,,,44803.36,CAD,Pending,Net 30,0
INV-01324,PO-59008,TX-01324,CA01,2025,RE,100039,S039,2025-07-22,2025-07-24,2025-09-05,2025-09-02,2025-09-02,PAY6813274,33034.93,CAD,Paid,Net 45,0
INV-00933,PO-80593,TX-00933,CA01,2023,RE,100025,S025,2023-10-27,2023-10-27,2023-11-26,2023-11-22,2023-11-22,PAY6481137,6841.42,CAD,Paid,Net 30,0
INV-01345,PO-47745,TX-01345,CA01,2024,RE,100027,S027,2024-02-26,2024-02-26,2024-03-27,2024-03-25,2024-03-25,PAY6714703,19700.31,CAD,Paid,Net 30,0
INV-00926,PO-24933,TX-00926,CA01,2024,RE,100040,S040,2024-06-06,2024-06-07,2024-08-05,2024-08-03,2024-08-03,PAY6483100,42619.73,CAD,Paid,Net 60,0
INV-00965,PO-47294,TX-00965,CA01,2025,RE,100034,S034,2025-12-29,2025-12-31,2026-02-12,,,,62416.64,CAD,Pending,Net 45,0
INV-01981,PO-97591,TX-01981,CA01,2025,RE,100034,S034,2025-09-15,2025-09-17,2025-10-30,,,,18676.73,CAD,Pending,Net 45,0
INV-01679,PO-93218,TX-01679,CA01,2023,RE,100029,S029,2023-12-13,2023-12-14,2024-01-12,2024-01-08,2024-01-08,PAY6940073,1120.37,CAD,Paid,Net 30,0
INV-00216,PO-29848,TX-00216,CA01,2023,RE,100017,S017,2023-08-18,2023-08-19,2023-09-17,,,,17591.99,CAD,Pending,Net 30,0
INV-01747,PO-61834,TX-01747,CA01,2025,RE,100032,S032,2025-09-28,2025-09-30,2025-11-27,2025-11-24,2025-11-24,PAY6615332,10156.48,CAD,Paid,Net 60,0
INV-01594,PO-24651,TX-01594,CA01,2023,RE,100039,S039,2023-09-17,2023-09-17,2023-11-01,2023-11-01,2023-11-01,PAY6903896,10408.92,CAD,Paid,Net 45,0
INV-00285,PO-52523,TX-00285,CA01,2024,RE,100007,S007,2024-12-31,2025-01-02,2025-01-30,,,,86308.51,CAD,Pending,Net 30,0
INV-02078,PO-64129,TX-02078,CA01,2023,RE,100035,S035,2023-11-09,2023-11-10,2023-12-24,,,,74232.05,CAD,Overdue,Net 45,0
INV-00059,PO-51359,TX-00059,CA01,2024,RE,100006,S006,2024-09-22,2024-09-22,2024-11-06,,,,11477.4,CAD,Pending,Net 45,0
INV-00767,PO-45513,TX-00767,CA01,2025,RE,100034,S034,2025-09-04,2025-09-04,2025-10-19,2025-10-14,2025-10-14,PAY6028679,89778.5,CAD,Paid,Net 45,0
INV-00921,PO-92665,TX-00921,CA01,2025,RE,100034,S034,2025-05-17,2025-05-18,2025-07-01,,,,261343.85,CAD,Pending,Net 45,0
INV-DUP-013,PO-13626,TX-DUP-013,CA01,2025,RE,100034,S034,2025-06-04,2025-06-05,2025-07-19,2025-07-15,2025-07-15,PAY6505382,16437.26,CAD,Paid,Net 45,0
INV-01224,PO-72970,TX-01224,CA01,2024,RE,100001,S001,2024-11-26,2024-11-27,2024-12-26,,,,7363.32,CAD,Pending,Net 30,0
INV-00834,PO-22648,TX-00834,CA01,2024,RE,100004,S004,2024-06-05,2024-06-07,2024-07-05,2024-07-01,2024-07-01,PAY6121916,2534.02,CAD,Paid,Net 30,0
INV-00769,PO-79494,TX-00769,CA01,2024,RE,100028,S028,2024-09-09,2024-09-11,2024-10-24,2024-10-20,2024-10-20,PAY6270343,7102.49,CAD,Paid,Net 45,0
INV-00356,PO-82494,TX-00356,CA01,2024,RE,100026,S026,2024-08-07,2024-08-07,2024-09-06,,,,67193.17,CAD,Pending,Net 30,0
INV-00984,PO-47401,TX-00984,CA01,2023,RE,100006,S006,2023-07-07,2023-07-08,2023-08-21,2023-08-18,2023-08-18,PAY6070835,5311.05,CAD,Paid,Net 45,0
INV-01461,PO-68249,TX-01461,CA01,2023,RE,100036,S036,2023-08-14,2023-08-14,2023-09-13,2023-09-13,2023-09-13,PAY6401261,108024.59,CAD,Paid,Net 30,0
INV-00490,PO-15235,TX-00490,CA01,2024,RE,100032,S032,2024-06-12,2024-06-12,2024-08-11,,,,13829.26,CAD,Pending,Net 60,0
INV-01971,PO-94930,TX-01971,CA01,2025,RE,100037,S037,2025-10-10,2025-10-10,2025-11-09,,,,135440.89,CAD,Pending,Net 30,0
INV-01384,PO-11195,TX-01384,CA01,2023,RE,100026,S026,2023-10-17,2023-10-17,2023-11-16,,,,58304.52,CAD,Overdue,Net 30,0
INV-01788,PO-98067,TX-01788,CA01,2024,RE,100003,S003,2024-02-17,2024-02-18,2024-03-03,2024-02-29,2024-02-29,PAY6664442,31670.25,CAD,Paid,Net 15,0
INV-01602,PO-75679,TX-01602,CA01,2023,RE,100039,S039,2023-12-18,2023-12-18,2024-02-01,2024-01-31,2024-01-31,PAY6826965,63966.83,CAD,Paid,Net 45,0
INV-00449,PO-64896,TX-00449,CA01,2025,RE,100038,S038,2025-12-03,2025-12-04,2026-01-02,2026-01-01,2026-01-01,PAY6231087,17648.04,CAD,Paid,Net 30,0
INV-01012,PO-72910,TX-01012,CA01,2024,RE,100024,S024,2024-10-04,2024-10-05,2024-11-03,2024-10-30,2024-10-30,PAY6709794,1056.2,CAD,Paid,Net 30,0
INV-00836,PO-41696,TX-00836,CA01,2023,RE,100033,S033,2023-11-27,2023-11-29,2023-12-27,2023-12-23,2023-12-23,PAY6735236,342392.66,CAD,Paid,Net 30,0
INV-00956,PO-66894,TX-00956,CA01,2025,RE,100016,S016,2025-11-26,2025-11-27,2025-12-11,2025-12-07,2025-12-07,PAY6241099,23695.44,CAD,Paid,Net 15,0
INV-00374,PO-48680,TX-00374,CA01,2023,RE,100034,S034,2023-03-14,2023-03-16,2023-04-28,,,,202706.82,CAD,Pending,Net 45,0
INV-01446,PO-33581,TX-01446,CA01,2023,RE,100039,S039,2023-11-03,2023-11-04,2023-12-18,2023-12-18,2023-12-18,PAY6839030,37803.78,CAD,Paid,Net 45,0
INV-01113,PO-84329,TX-01113,CA01,2023,RE,100018,S018,2023-10-09,2023-10-10,2023-11-08,2023-11-08,2023-11-08,PAY6331067,10176.36,CAD,Paid,Net 30,0
INV-00439,PO-60242,TX-00439,CA01,2025,RE,100008,S008,2025-06-12,2025-06-13,2025-07-12,,,,69346.85,CAD,Pending,Net 30,0
INV-00923,PO-72601,TX-00923,CA01,2025,RE,100036,S036,2025-12-15,2025-12-17,2026-01-14,2026-01-10,2026-01-10,PAY6432459,10430.26,CAD,Paid,Net 30,0
INV-01210,PO-38879,TX-01210,CA01,2025,RE,100005,S005,2025-10-29,2025-10-31,2025-11-28,2025-11-28,2025-11-28,PAY6370248,34486.08,CAD,Paid,Net 30,0
INV-01876,PO-59787,TX-01876,CA01,2024,RE,100031,S031,2024-05-22,2024-05-22,2024-07-06,2024-07-04,2024-07-04,PAY6541593,309439.12,CAD,Paid,Net 45,0
INV-01507,PO-85452,TX-01507,CA01,2025,RE,100008,S008,2025-12-06,2025-12-08,2026-01-05,2026-01-01,2026-01-01,PAY6561671,114058.49,CAD,Paid,Net 30,0
INV-00752,PO-53704,TX-00752,CA01,2025,RE,100024,S024,2025-09-20,2025-09-22,2025-10-20,2025-10-18,2025-10-18,PAY6010195,1541.6,CAD,Paid,Net 30,0
INV-01265,PO-99463,TX-01265,CA01,2023,RE,100035,S035,2023-06-25,2023-06-27,2023-08-09,2023-08-06,2023-08-06,PAY6734861,107323.78,CAD,Paid,Net 45,0
INV-01256,PO-20322,TX-01256,CA01,2023,RE,100039,S039,2023-03-20,2023-03-22,2023-05-04,,,,5638.44,CAD,Pending,Net 45,0
INV-00480,PO-25126,TX-00480,CA01,2024,RE,100034,S034,2024-01-07,2024-01-07,2024-02-21,2024-02-19,2024-02-19,PAY6872600,110729.42,CAD,Paid,Net 45,0
INV-00419,PO-26236,TX-00419,CA01,2025,RE,100034,S034,2025-01-29,2025-01-31,2025-03-15,,,,127803.24,CAD,Overdue,Net 45,0
INV-02328,PO-31510,TX-02328,CA01,2023,RE,100003,S003,2023-10-08,2023-10-09,2023-10-23,2023-10-20,2023-10-20,PAY6276142,37155.32,CAD,Paid,Net 15,0
INV-01556,PO-33440,TX-01556,CA01,2025,RE,100040,S040,2025-08-30,2025-08-31,2025-10-29,,,,113690.86,CAD,Pending,Net 60,0
INV-00225,PO-64172,TX-00225,CA01,2025,RE,100024,S024,2025-12-24,2025-12-26,2026-01-23,2026-01-18,2026-01-18,PAY6260316,1312.61,CAD,Paid,Net 30,0
INV-00023,PO-97900,TX-00023,CA01,2025,RE,100025,S025,2025-06-16,2025-06-18,2025-07-16,,,,457.02,CAD,Pending,Net 30,0
INV-01120,PO-23130,TX-01120,CA01,2025,RE,100025,S025,2025-04-02,2025-04-03,2025-05-02,2025-04-29,2025-04-29,PAY6301244,899.54,CAD,Paid,Net 30,0
INV-00011,PO-15778,TX-00011,CA01,2023,RE,100034,S034,2023-04-19,2023-04-20,2023-06-03,2023-05-30,2023-05-30,PAY6097527,31498.58,CAD,Paid,Net 45,0
INV-00899,PO-90960,TX-00899,CA01,2025,RE,100025,S025,2025-04-21,2025-04-21,2025-05-21,2025-05-17,2025-05-17,PAY6418309,1413.7,CAD,Paid,Net 30,0
INV-00210,PO-27961,TX-00210,CA01,2025,RE,100017,S017,2025-11-13,2025-11-14,2025-12-13,,,,6920.48,CAD,Pending,Net 30,0
INV-02171,PO-81037,TX-02171,CA01,2025,RE,100027,S027,2025-08-05,2025-08-06,2025-09-04,,,,70310.34,CAD,Pending,Net 30,0
INV-00111,PO-14288,TX-00111,CA01,2023,RE,100038,S038,2023-07-27,2023-07-29,2023-08-26,2023-08-23,2023-08-23,PAY6706423,52879.89,CAD,Paid,Net 30,0
INV-01767,PO-79459,TX-01767,CA01,2025,RE,100030,S030,2025-01-20,2025-01-21,2025-02-19,2025-02-19,2025-02-19,PAY6785161,40489.75,CAD,Paid,Net 30,0
INV-01462,PO-97649,TX-01462,CA01,2023,RE,100039,S039,2023-07-04,2023-07-04,2023-08-18,2023-08-17,2023-08-17,PAY6860959,86223.21,CAD,Paid,Net 45,0
INV-02121,PO-96084,TX-02121,CA01,2025,RE,100032,S032,2025-05-15,2025-05-16,2025-07-14,,,,232908.67,CAD,Pending,Net 60,0
INV-DUP-026,PO-42780,TX-DUP-026,CA01,2024,RE,100016,S016,2024-12-12,2024-12-14,2024-12-27,2024-12-25,2024-12-25,PAY6358605,62234.38,CAD,Paid,Net 15,0
INV-01423,PO-98862,TX-01423,CA01,2023,RE,100039,S039,2023-05-04,2023-05-06,2023-06-18,2023-06-15,2023-06-15,PAY6079721,46378.19,CAD,Paid,Net 45,0
INV-02050,PO-90186,TX-02050,CA01,2025,RE,100038,S038,2025-07-16,2025-07-17,2025-08-15,2025-08-14,2025-08-14,PAY6581489,11625.15,CAD,Paid,Net 30,0
INV-00140,PO-32527,TX-00140,CA01,2025,RE,100039,S039,2025-05-09,2025-05-11,2025-06-23,2025-06-19,2025-06-19,PAY6976639,13036.43,CAD,Paid,Net 45,0
INV-00020,PO-53404,TX-00020,CA01,2024,RE,100031,S031,2024-07-31,2024-07-31,2024-09-14,2024-09-10,2024-09-10,PAY6187155,116503.31,CAD,Paid,Net 45,0
INV-00479,PO-99995,TX-00479,CA01,2024,RE,100033,S033,2024-03-23,2024-03-23,2024-04-22,2024-04-17,2024-04-17,PAY6499704,77929.47,CAD,Paid,Net 30,0
INV-01057,PO-23672,TX-01057,CA01,2025,RE,100026,S026,2025-07-15,2025-07-16,2025-08-14,,,,35679.17,CAD,Pending,Net 30,0
INV-02079,PO-32313,TX-02079,CA01,2024,RE,100018,S018,2024-04-17,2024-04-18,2024-05-17,,,,70256.15,CAD,Pending,Net 30,0
INV-01951,PO-23277,TX-01951,CA01,2024,RE,100009,S009,2024-02-07,2024-02-08,2024-03-08,2024-03-03,2024-03-03,PAY6329119,44679.16,CAD,Paid,Net 30,0
INV-01254,PO-56640,TX-01254,CA01,2025,RE,100035,S035,2025-10-28,2025-10-30,2025-12-12,2025-12-09,2025-12-09,PAY6370711,53238.17,CAD,Paid,Net 45,0
INV-00327,PO-73614,TX-00327,CA01,2024,RE,100033,S033,2024-08-05,2024-08-05,2024-09-04,2024-09-04,2024-09-04,PAY6229183,111904.28,CAD,Paid,Net 30,0
INV-02147,PO-36858,TX-02147,CA01,2025,RE,100006,S006,2025-08-16,2025-08-16,2025-09-30,2025-09-27,2025-09-27,PAY6937758,15565.73,CAD,Paid,Net 45,0
INV-02098,PO-14555,TX-02098,CA01,2024,RE,100024,S024,2024-10-26,2024-10-28,2024-11-25,2024-11-23,2024-11-23,PAY6601581,1745.0,CAD,Paid,Net 30,0
INV-01810,PO-46394,TX-01810,CA01,2023,RE,100033,S033,2023-02-15,2023-02-15,2023-03-17,2023-03-12,2023-03-12,PAY6282146,54553.49,CAD,Paid,Net 30,0
INV-00693,PO-22878,TX-00693,CA01,2025,RE,100006,S006,2025-12-11,2025-12-12,2026-01-25,,,,34807.74,CAD,Pending,Net 45,0
INV-01629,PO-42747,TX-01629,CA01,2025,RE,100026,S026,2025-03-15,2025-03-16,2025-04-14,,,,102817.09,CAD,Overdue,Net 30,0
INV-00865,PO-54150,TX-00865,CA01,2023,RE,100029,S029,2023-07-12,2023-07-13,2023-08-11,2023-08-10,2023-08-10,PAY6191663,8677.5,CAD,Paid,Net 30,0
INV-01060,PO-72685,TX-01060,CA01,2025,RE,100018,S018,2025-04-24,2025-04-24,2025-05-24,2025-05-24,2025-05-24,PAY6993125,72728.39,CAD,Paid,Net 30,0
INV-00332,PO-11217,TX-00332,CA01,2023,RE,100002,S002,2023-06-14,2023-06-15,2023-07-14,2023-07-09,2023-07-09,PAY6782401,3719.06,CAD,Paid,Net 30,0
INV-02193,PO-62716,TX-02193,CA01,2023,RE,100003,S003,2023-09-28,2023-09-30,2023-10-13,,,,12791.27,CAD,Pending,Net 15,0
INV-00097,PO-47700,TX-00097,CA01,2024,RE,100025,S025,2024-06-06,2024-06-08,2024-07-06,2024-07-03,2024-07-03,PAY6716289,7343.28,CAD,Paid,Net 30,0
INV-00751,PO-80795,TX-00751,CA01,2025,RE,100005,S005,2025-10-02,2025-10-02,2025-11-01,,,,18621.89,CAD,Pending,Net 30,0
INV-00468,PO-89194,TX-00468,CA01,2023,RE,100026,S026,2023-03-17,2023-03-19,2023-04-16,,,,9294.02,CAD,Pending,Net 30,0
INV-00318,PO-41056,TX-00318,CA01,2024,RE,100004,S004,2024-12-16,2024-12-18,2025-01-15,,,,7596.28,CAD,Overdue,Net 30,0
INV-02176,PO-54909,TX-02176,CA01,2023,RE,100040,S040,2023-03-05,2023-03-05,2023-05-04,2023-05-02,2023-05-02,PAY6975443,26419.71,CAD,Paid,Net 60,0
INV-01430,PO-29254,TX-01430,CA01,2024,RE,100018,S018,2024-07-24,2024-07-25,2024-08-23,2024-08-21,2024-08-21,PAY6954128,27372.76,CAD,Paid,Net 30,0
INV-01073,PO-89559,TX-01073,CA01,2024,RE,100036,S036,2024-07-26,2024-07-27,2024-08-25,,,,30232.35,CAD,Pending,Net 30,0
INV-01547,PO-65652,TX-01547,CA01,2023,RE,100018,S018,2023-10-06,2023-10-07,2023-11-05,,,,27934.09,CAD,Pending,Net 30,0
INV-01138,PO-33464,TX-01138,CA01,2024,RE,100029,S029,2024-04-09,2024-04-09,2024-05-09,2024-05-09,2024-05-09,PAY6199405,1411.29,CAD,Paid,Net 30,0
INV-02277,PO-32482,TX-02277,CA01,2024,RE,100038,S038,2024-03-21,2024-03-23,2024-04-20,2024-04-18,2024-04-18,PAY6523238,25570.61,CAD,Paid,Net 30,0
INV-02164,PO-87415,TX-02164,CA01,2025,RE,100018,S018,2025-03-26,2025-03-27,2025-04-25,2025-04-23,2025-04-23,PAY6772918,137172.41,CAD,Paid,Net 30,0
INV-00954,PO-66206,TX-00954,CA01,2025,RE,100034,S034,2025-12-24,2025-12-25,2026-02-07,2026-02-05,2026-02-05,PAY6209365,32229.58,CAD,Paid,Net 45,0
INV-02059,PO-66966,TX-02059,CA01,2023,RE,100038,S038,2023-11-26,2023-11-26,2023-12-26,,,,4277.05,CAD,Pending,Net 30,0
INV-01806,PO-70768,TX-01806,CA01,2024,RE,100016,S016,2024-12-30,2024-12-31,2025-01-14,,,,68738.62,CAD,Pending,Net 15,0
INV-02130,PO-98677,TX-02130,CA01,2023,RE,100039,S039,2023-11-03,2023-11-03,2023-12-18,2023-12-16,2023-12-16,PAY6246269,32293.84,CAD,Paid,Net 45,0
INV-02356,PO-48728,TX-02356,CA01,2025,RE,100005,S005,2025-09-13,2025-09-15,2025-10-13,2025-10-10,2025-10-10,PAY6771153,8625.24,CAD,Paid,Net 30,0
INV-01377,PO-72094,TX-01377,CA01,2023,RE,100007,S007,2023-09-09,2023-09-09,2023-10-09,,,,38827.56,CAD,Pending,Net 30,0
INV-00314,PO-38905,TX-00314,CA01,2025,RE,100030,S030,2025-07-04,2025-07-04,2025-08-03,2025-07-29,2025-07-29,PAY6253814,10581.21,CAD,Paid,Net 30,0
INV-01290,PO-96334,TX-01290,CA01,2025,RE,100039,S039,2025-02-12,2025-02-12,2025-03-29,2025-03-24,2025-03-24,PAY6915136,41442.64,CAD,Paid,Net 45,0
INV-01130,PO-60023,TX-01130,CA01,2023,RE,100034,S034,2023-05-14,2023-05-14,2023-06-28,2023-06-28,2023-06-28,PAY6278297,76523.89,CAD,Paid,Net 45,0
INV-01860,PO-71274,TX-01860,CA01,2024,RE,100034,S034,2024-12-18,2024-12-20,2025-02-01,2025-01-31,2025-01-31,PAY6216823,76711.64,CAD,Paid,Net 45,0
INV-00289,PO-27758,TX-00289,CA01,2025,RE,100029,S029,2025-10-14,2025-10-16,2025-11-13,2025-11-12,2025-11-12,PAY6240341,2838.73,CAD,Paid,Net 30,0
INV-01691,PO-56748,TX-01691,CA01,2025,RE,100033,S033,2025-11-13,2025-11-14,2025-12-13,2025-12-11,2025-12-11,PAY6212616,124511.43,CAD,Paid,Net 30,0
INV-00067,PO-20641,TX-00067,CA01,2023,RE,100031,S031,2023-07-28,2023-07-30,2023-09-11,2023-09-06,2023-09-06,PAY6875498,132771.05,CAD,Paid,Net 45,0
INV-01343,PO-39683,TX-01343,CA01,2024,RE,100001,S001,2024-07-01,2024-07-03,2024-07-31,2024-07-28,2024-07-28,PAY6261824,13395.66,CAD,Paid,Net 30,0
INV-01551,PO-50775,TX-01551,CA01,2025,RE,100038,S038,2025-03-01,2025-03-02,2025-03-31,2025-03-29,2025-03-29,PAY6876960,29613.21,CAD,Paid,Net 30,0
INV-01034,PO-66848,TX-01034,CA01,2023,RE,100035,S035,2023-12-22,2023-12-24,2024-02-05,2024-02-03,2024-02-03,PAY6648645,276801.76,CAD,Paid,Net 45,0
INV-02134,PO-41536,TX-02134,CA01,2024,RE,100033,S033,2024-02-05,2024-02-05,2024-03-06,2024-03-01,2024-03-01,PAY6373321,96202.05,CAD,Paid,Net 30,0
INV-01186,PO-14142,TX-01186,CA01,2023,RE,100008,S008,2023-03-25,2023-03-25,2023-04-24,2023-04-21,2023-04-21,PAY6163573,19526.0,CAD,Paid,Net 30,0
INV-00476,PO-23573,TX-00476,CA01,2023,RE,100039,S039,2023-12-30,2023-12-31,2024-02-13,,,,14428.01,CAD,Overdue,Net 45,0
INV-01926,PO-88700,TX-01926,CA01,2024,RE,100006,S006,2024-05-26,2024-05-27,2024-07-10,2024-07-06,2024-07-06,PAY6816776,196787.72,CAD,Paid,Net 45,0
INV-00039,PO-64921,TX-00039,CA01,2025,RE,100005,S005,2025-09-09,2025-09-10,2025-10-09,2025-10-04,2025-10-04,PAY6111871,1793.02,CAD,Paid,Net 30,0
INV-00221,PO-45842,TX-00221,CA01,2025,RE,100029,S029,2025-10-02,2025-10-02,2025-11-01,2025-11-01,2025-11-01,PAY6125701,2517.08,CAD,Paid,Net 30,0
INV-01335,PO-91327,TX-01335,CA01,2023,RE,100037,S037,2023-09-25,2023-09-27,2023-10-25,,,,16653.02,CAD,Overdue,Net 30,0
INV-01260,PO-21425,TX-01260,CA01,2023,RE,100026,S026,2023-02-06,2023-02-06,2023-03-08,2023-03-07,2023-03-07,PAY6964887,26027.43,CAD,Paid,Net 30,0
INV-02104,PO-27553,TX-02104,CA01,2024,RE,100038,S038,2024-03-20,2024-03-21,2024-04-19,2024-04-16,2024-04-16,PAY6082300,25264.34,CAD,Paid,Net 30,0
INV-01339,PO-67847,TX-01339,CA01,2025,RE,100038,S038,2025-03-27,2025-03-29,2025-04-26,,,,27013.63,CAD,Pending,Net 30,0
INV-00600,PO-86637,TX-00600,CA01,2025,RE,100024,S024,2025-06-12,2025-06-14,2025-07-12,2025-07-11,2025-07-11,PAY6708640,1412.84,CAD,Paid,Net 30,0
INV-02156,PO-40360,TX-02156,CA01,2025,RE,100006,S006,2025-06-21,2025-06-21,2025-08-05,2025-08-02,2025-08-02,PAY6695650,35387.74,CAD,Paid,Net 45,0
INV-00635,PO-36173,TX-00635,CA01,2025,RE,100032,S032,2025-06-27,2025-06-28,2025-08-26,2025-08-21,2025-08-21,PAY6516596,152165.43,CAD,Paid,Net 60,0
INV-01662,PO-72349,TX-01662,CA01,2024,RE,100007,S007,2024-04-06,2024-04-06,2024-05-06,2024-05-03,2024-05-03,PAY6643644,32636.28,CAD,Paid,Net 30,0
INV-02208,PO-79797,TX-02208,CA01,2024,RE,100034,S034,2024-02-26,2024-02-28,2024-04-11,2024-04-07,2024-04-07,PAY6006945,181190.65,CAD,Paid,Net 45,0
INV-00069,PO-40595,TX-00069,CA01,2024,RE,100028,S028,2024-04-22,2024-04-22,2024-06-06,2024-06-04,2024-06-04,PAY6801368,18801.24,CAD,Paid,Net 45,0
INV-00278,PO-75639,TX-00278,CA01,2023,RE,100006,S006,2023-10-18,2023-10-18,2023-12-02,,,,166636.84,CAD,Pending,Net 45,0
INV-01537,PO-71189,TX-01537,CA01,2023,RE,100035,S035,2023-07-31,2023-08-01,2023-09-14,2023-09-14,2023-09-14,PAY6898723,25073.02,CAD,Paid,Net 45,0
INV-01968,PO-63125,TX-01968,CA01,2025,RE,100032,S032,2025-10-06,2025-10-07,2025-12-05,2025-12-01,2025-12-01,PAY6567776,201466.68,CAD,Paid,Net 60,0
INV-02282,PO-78412,TX-02282,CA01,2023,RE,100017,S017,2023-09-06,2023-09-08,2023-10-06,,,,67959.73,CAD,Overdue,Net 30,0
INV-00376,PO-12559,TX-00376,CA01,2025,RE,100029,S029,2025-12-14,2025-12-14,2026-01-13,,,,5250.3,CAD,Pending,Net 30,0
INV-00608,PO-18302,TX-00608,CA01,2025,RE,100038,S038,2025-01-16,2025-01-16,2025-02-15,2025-02-14,2025-02-14,PAY6044316,21000.33,CAD,Paid,Net 30,0
INV-00420,PO-86923,TX-00420,CA01,2025,RE,100002,S002,2025-10-05,2025-10-05,2025-11-04,2025-11-04,2025-11-04,PAY6889203,10326.67,CAD,Paid,Net 30,0
INV-00099,PO-85341,TX-00099,CA01,2025,RE,100028,S028,2025-03-01,2025-03-03,2025-04-15,,,,23056.58,CAD,Pending,Net 45,0
INV-01678,PO-80707,TX-01678,CA01,2025,RE,100037,S037,2025-12-26,2025-12-28,2026-01-25,2026-01-23,2026-01-23,PAY6505719,71391.41,CAD,Paid,Net 30,0
INV-01237,PO-38748,TX-01237,CA01,2025,RE,100027,S027,2025-05-15,2025-05-16,2025-06-14,,,,104571.22,CAD,Pending,Net 30,0
INV-02375,PO-87022,TX-02375,CA01,2023,RE,100032,S032,2023-10-20,2023-10-21,2023-12-19,2023-12-14,2023-12-14,PAY6389227,158515.0,CAD,Paid,Net 60,0
INV-01959,PO-38717,TX-01959,CA01,2023,RE,100008,S008,2023-03-25,2023-03-26,2023-04-24,2023-04-20,2023-04-20,PAY6650817,37483.27,CAD,Paid,Net 30,0
INV-01199,PO-57655,TX-01199,CA01,2023,RE,100034,S034,2023-08-01,2023-08-01,2023-09-15,2023-09-12,2023-09-12,PAY6330738,68264.97,CAD,Paid,Net 45,0
INV-02120,PO-69389,TX-02120,CA01,2024,RE,100033,S033,2024-08-17,2024-08-17,2024-09-16,2024-09-15,2024-09-15,PAY6516256,18584.69,CAD,Paid,Net 30,0
INV-02057,PO-66599,TX-02057,CA01,2024,RE,100016,S016,2024-02-29,2024-03-01,2024-03-15,,,,55768.64,CAD,Pending,Net 15,0
INV-00671,PO-16411,TX-00671,CA01,2024,RE,100002,S002,2024-07-28,2024-07-28,2024-08-27,2024-08-23,2024-08-23,PAY6941748,32347.33,CAD,Paid,Net 30,0
INV-01739,PO-94008,TX-01739,CA01,2024,RE,100002,S002,2024-09-24,2024-09-25,2024-10-24,,,,60634.02,CAD,Pending,Net 30,0
INV-00388,PO-84381,TX-00388,CA01,2023,RE,100017,S017,2023-01-11,2023-01-13,2023-02-10,2023-02-06,2023-02-06,PAY6923782,144918.02,CAD,Paid,Net 30,0
INV-01203,PO-19814,TX-01203,CA01,2024,RE,100007,S007,2024-02-02,2024-02-03,2024-03-03,2024-03-03,2024-03-03,PAY6940572,27051.54,CAD,Paid,Net 30,0
INV-01880,PO-48455,TX-01880,CA01,2023,RE,100003,S003,2023-09-05,2023-09-07,2023-09-20,2023-09-19,2023-09-19,PAY6602427,31899.02,CAD,Paid,Net 15,0
INV-02128,PO-83551,TX-02128,CA01,2025,RE,100025,S025,2025-01-13,2025-01-13,2025-02-12,2025-02-11,2025-02-11,PAY6910970,13275.81,CAD,Paid,Net 30,0
INV-00141,PO-20308,TX-00141,CA01,2025,RE,100028,S028,2025-06-14,2025-06-15,2025-07-29,,,,42997.71,CAD,Pending,Net 45,0
INV-01192,PO-66250,TX-01192,CA01,2023,RE,100025,S025,2023-08-28,2023-08-28,2023-09-27,,,,18901.75,CAD,Pending,Net 30,0
INV-01693,PO-97498,TX-01693,CA01,2025,RE,100031,S031,2025-09-30,2025-10-02,2025-11-14,2025-11-13,2025-11-13,PAY6288078,272967.54,CAD,Paid,Net 45,0
INV-00882,PO-98027,TX-00882,CA01,2024,RE,100028,S028,2024-09-26,2024-09-28,2024-11-10,2024-11-10,2024-11-10,PAY6514646,12174.54,CAD,Paid,Net 45,0
INV-02162,PO-44722,TX-02162,CA01,2024,RE,100033,S033,2024-11-22,2024-11-24,2024-12-22,2024-12-21,2024-12-21,PAY6191755,76654.33,CAD,Paid,Net 30,0
INV-00966,PO-57352,TX-00966,CA01,2024,RE,100036,S036,2024-05-23,2024-05-23,2024-06-22,,,,13120.17,CAD,Pending,Net 30,0
INV-00691,PO-36489,TX-00691,CA01,2023,RE,100029,S029,2023-12-29,2023-12-29,2024-01-28,2024-01-28,2024-01-28,PAY6801387,2068.82,CAD,Paid,Net 30,0
INV-01263,PO-15189,TX-01263,CA01,2023,RE,100034,S034,2023-10-20,2023-10-20,2023-12-04,2023-12-01,2023-12-01,PAY6960502,458948.67,CAD,Paid,Net 45,0
INV-01596,PO-48704,TX-01596,CA01,2025,RE,100033,S033,2025-10-06,2025-10-06,2025-11-05,2025-11-05,2025-11-05,PAY6535962,174470.64,CAD,Paid,Net 30,0
INV-00803,PO-85304,TX-00803,CA01,2023,RE,100017,S017,2023-11-12,2023-11-14,2023-12-12,,,,5590.13,CAD,Pending,Net 30,0
INV-01083,PO-38647,TX-01083,CA01,2024,RE,100027,S027,2024-07-27,2024-07-29,2024-08-26,2024-08-24,2024-08-24,PAY6293880,42776.74,CAD,Paid,Net 30,0
INV-01764,PO-43713,TX-01764,CA01,2024,RE,100034,S034,2024-08-14,2024-08-15,2024-09-28,2024-09-23,2024-09-23,PAY6417206,36423.63,CAD,Paid,Net 45,0
INV-01209,PO-38548,TX-01209,CA01,2024,RE,100039,S039,2024-07-17,2024-07-18,2024-08-31,2024-08-30,2024-08-30,PAY6232881,964.7,CAD,Paid,Net 45,0
INV-00683,PO-13816,TX-00683,CA01,2024,RE,100033,S033,2024-11-20,2024-11-20,2024-12-20,2024-12-18,2024-12-18,PAY6786609,81798.81,CAD,Paid,Net 30,0
INV-02167,PO-54265,TX-02167,CA01,2024,RE,100039,S039,2024-08-22,2024-08-24,2024-10-06,2024-10-04,2024-10-04,PAY6604677,21399.38,CAD,Paid,Net 45,0
INV-00418,PO-16626,TX-00418,CA01,2024,RE,100002,S002,2024-02-20,2024-02-22,2024-03-21,,,,19607.89,CAD,Pending,Net 30,0
INV-01542,PO-70124,TX-01542,CA01,2024,RE,100033,S033,2024-10-02,2024-10-04,2024-11-01,2024-10-29,2024-10-29,PAY6134475,36835.54,CAD,Paid,Net 30,0
INV-01946,PO-28653,TX-01946,CA01,2023,RE,100038,S038,2023-10-21,2023-10-22,2023-11-20,2023-11-16,2023-11-16,PAY6056778,21641.11,CAD,Paid,Net 30,0
INV-02169,PO-61183,TX-02169,CA01,2024,RE,100026,S026,2024-01-05,2024-01-06,2024-02-04,2024-02-01,2024-02-01,PAY6551273,24801.86,CAD,Paid,Net 30,0
INV-00729,PO-43036,TX-00729,CA01,2023,RE,100003,S003,2023-06-25,2023-06-27,2023-07-10,,,,1336.86,CAD,Overdue,Net 15,0
INV-02348,PO-23717,TX-02348,CA01,2025,RE,100003,S003,2025-09-14,2025-09-16,2025-09-29,2025-09-24,2025-09-24,PAY6838095,7693.92,CAD,Paid,Net 15,0
INV-00057,PO-50135,TX-00057,CA01,2023,RE,100030,S030,2023-02-08,2023-02-10,2023-03-10,,,,5773.04,CAD,Pending,Net 30,0
INV-00112,PO-99873,TX-00112,CA01,2025,RE,100034,S034,2025-07-02,2025-07-03,2025-08-16,,,,245124.18,CAD,Pending,Net 45,0
INV-00458,PO-30892,TX-00458,CA01,2023,RE,100030,S030,2023-12-12,2023-12-14,2024-01-11,,,,17926.3,CAD,Pending,Net 30,0
INV-01618,PO-68090,TX-01618,CA01,2023,RE,100027,S027,2023-05-17,2023-05-19,2023-06-16,2023-06-16,2023-06-16,PAY6443732,85200.88,CAD,Paid,Net 30,0
INV-DUP-004,PO-77552,TX-DUP-004,CA01,2024,RE,100032,S032,2024-02-18,2024-02-18,2024-04-18,2024-04-13,2024-04-13,PAY6501554,158981.19,CAD,Paid,Net 60,0
INV-00782,PO-39151,TX-00782,CA01,2025,RE,100028,S028,2025-06-01,2025-06-01,2025-07-16,2025-07-16,2025-07-16,PAY6985299,37604.66,CAD,Paid,Net 45,0
INV-00624,PO-20118,TX-00624,CA01,2024,RE,100025,S025,2024-09-09,2024-09-10,2024-10-09,2024-10-08,2024-10-08,PAY6567036,1081.96,CAD,Paid,Net 30,0
INV-01743,PO-48068,TX-01743,CA01,2023,RE,100025,S025,2023-02-07,2023-02-09,2023-03-09,,,,603.39,CAD,Pending,Net 30,0
INV-00570,PO-84427,TX-00570,CA01,2024,RE,100037,S037,2024-10-09,2024-10-11,2024-11-08,2024-11-06,2024-11-06,PAY6034144,43784.14,CAD,Paid,Net 30,0
INV-01829,PO-51322,TX-01829,CA01,2023,RE,100018,S018,2023-09-12,2023-09-12,2023-10-12,2023-10-09,2023-10-09,PAY6526883,6566.9,CAD,Paid,Net 30,0
INV-00088,PO-95461,TX-00088,CA01,2025,RE,100006,S006,2025-02-21,2025-02-22,2025-04-07,2025-04-03,2025-04-03,PAY6364158,83588.4,CAD,Paid,Net 45,0
INV-00021,PO-24208,TX-00021,CA01,2024,RE,100001,S001,2024-01-04,2024-01-04,2024-02-03,2024-01-31,2024-01-31,PAY6412842,53254.4,CAD,Paid,Net 30,0
INV-01191,PO-34492,TX-01191,CA01,2025,RE,100028,S028,2025-09-25,2025-09-25,2025-11-09,2025-11-08,2025-11-08,PAY6902194,10565.45,CAD,Paid,Net 45,0
INV-00077,PO-14809,TX-00077,CA01,2025,RE,100018,S018,2025-10-14,2025-10-14,2025-11-13,2025-11-10,2025-11-10,PAY6719678,55911.06,CAD,Paid,Net 30,0
INV-00258,PO-16755,TX-00258,CA01,2025,RE,100026,S026,2025-02-02,2025-02-02,2025-03-04,,,,24606.37,CAD,Pending,Net 30,0
INV-01347,PO-97298,TX-01347,CA01,2023,RE,100018,S018,2023-05-25,2023-05-27,2023-06-24,2023-06-20,2023-06-20,PAY6813594,13868.46,CAD,Paid,Net 30,0
INV-02236,PO-90938,TX-02236,CA01,2023,RE,100026,S026,2023-08-08,2023-08-10,2023-09-07,2023-09-03,2023-09-03,PAY6183291,9770.76,CAD,Paid,Net 30,0
INV-02214,PO-38478,TX-02214,CA01,2024,RE,100028,S028,2024-01-02,2024-01-02,2024-02-16,,,,20455.14,CAD,Pending,Net 45,0
INV-00759,PO-12498,TX-00759,CA01,2023,RE,100037,S037,2023-06-02,2023-06-03,2023-07-02,,,,2655.28,CAD,Pending,Net 30,0
INV-01820,PO-44866,TX-01820,CA01,2025,RE,100033,S033,2025-10-06,2025-10-07,2025-11-05,2025-11-03,2025-11-03,PAY6479404,132423.16,CAD,Paid,Net 30,0
INV-02210,PO-92278,TX-02210,CA01,2024,RE,100006,S006,2024-10-22,2024-10-23,2024-12-06,2024-12-04,2024-12-04,PAY6126215,86898.44,CAD,Paid,Net 45,0
INV-00395,PO-22203,TX-00395,CA01,2024,RE,100031,S031,2024-12-02,2024-12-03,2025-01-16,2025-01-15,2025-01-15,PAY6732162,49398.24,CAD,Paid,Net 45,0
INV-00713,PO-36956,TX-00713,CA01,2024,RE,100036,S036,2024-08-26,2024-08-26,2024-09-25,2024-09-23,2024-09-23,PAY6543377,40658.06,CAD,Paid,Net 30,0
INV-01063,PO-42353,TX-01063,CA01,2025,RE,100024,S024,2025-07-05,2025-07-07,2025-08-04,,,,704.01,CAD,Pending,Net 30,0
INV-02369,PO-13063,TX-02369,CA01,2025,RE,100038,S038,2025-07-20,2025-07-21,2025-08-19,2025-08-14,2025-08-14,PAY6482418,49741.56,CAD,Paid,Net 30,0
INV-00670,PO-88656,TX-00670,CA01,2025,RE,100029,S029,2025-09-06,2025-09-06,2025-10-06,,,,4359.51,CAD,Overdue,Net 30,0
INV-01153,PO-43654,TX-01153,CA01,2023,RE,100028,S028,2023-03-27,2023-03-28,2023-05-11,2023-05-06,2023-05-06,PAY6330984,7406.94,CAD,Paid,Net 45,0
INV-00089,PO-67711,TX-00089,CA01,2023,RE,100036,S036,2023-09-18,2023-09-19,2023-10-18,2023-10-18,2023-10-18,PAY6722689,51923.73,CAD,Paid,Net 30,0
INV-02350,PO-95026,TX-02350,CA01,2024,RE,100039,S039,2024-07-06,2024-07-06,2024-08-20,,,,3533.78,CAD,Pending,Net 45,0
INV-02107,PO-89504,TX-02107,CA01,2023,RE,100036,S036,2023-12-17,2023-12-19,2024-01-16,2024-01-14,2024-01-14,PAY6008827,27729.08,CAD,Paid,Net 30,0
INV-00355,PO-62550,TX-00355,CA01,2023,RE,100033,S033,2023-04-22,2023-04-24,2023-05-22,,,,53379.52,CAD,Pending,Net 30,0
INV-00126,PO-27054,TX-00126,CA01,2025,RE,100007,S007,2025-06-10,2025-06-10,2025-07-10,2025-07-10,2025-07-10,PAY6012394,25680.89,CAD,Paid,Net 30,0
INV-01886,PO-18773,TX-01886,CA01,2023,RE,100026,S026,2023-03-14,2023-03-16,2023-04-13,2023-04-10,2023-04-10,PAY6706848,44361.76,CAD,Paid,Net 30,0
INV-00913,PO-61664,TX-00913,CA01,2023,RE,100026,S026,2023-02-27,2023-02-27,2023-03-29,,,,50292.1,CAD,Pending,Net 30,0
INV-01230,PO-29689,TX-01230,CA01,2025,RE,100017,S017,2025-12-24,2025-12-24,2026-01-23,2026-01-23,2026-01-23,PAY6220989,13691.37,CAD,Paid,Net 30,0
INV-00213,PO-86507,TX-00213,CA01,2025,RE,100040,S040,2025-09-03,2025-09-03,2025-11-02,,,,59505.43,CAD,Pending,Net 60,0
INV-01796,PO-20408,TX-01796,CA01,2023,RE,100028,S028,2023-01-12,2023-01-14,2023-02-26,2023-02-25,2023-02-25,PAY6397859,85671.01,CAD,Paid,Net 45,0
INV-00511,PO-51652,TX-00511,CA01,2024,RE,100035,S035,2024-05-02,2024-05-02,2024-06-16,,,,27169.61,CAD,Overdue,Net 45,0
INV-01550,PO-49575,TX-01550,CA01,2024,RE,100038,S038,2024-04-23,2024-04-24,2024-05-23,2024-05-19,2024-05-19,PAY6609231,3439.02,CAD,Paid,Net 30,0
INV-01340,PO-35419,TX-01340,CA01,2023,RE,100033,S033,2023-04-17,2023-04-19,2023-05-17,2023-05-16,2023-05-16,PAY6105641,249111.17,CAD,Paid,Net 30,0
INV-01969,PO-88378,TX-01969,CA01,2024,RE,100038,S038,2024-05-19,2024-05-21,2024-06-18,2024-06-17,2024-06-17,PAY6341244,12254.94,CAD,Paid,Net 30,0
INV-01092,PO-42550,TX-01092,CA01,2024,RE,100035,S035,2024-02-29,2024-03-02,2024-04-14,,,,153204.19,CAD,Pending,Net 45,0
INV-00448,PO-49467,TX-00448,CA01,2023,RE,100034,S034,2023-11-16,2023-11-18,2023-12-31,2023-12-26,2023-12-26,PAY6379167,86312.96,CAD,Paid,Net 45,0
INV-00977,PO-91889,TX-00977,CA01,2025,RE,100030,S030,2025-07-09,2025-07-10,2025-08-08,,,,22718.68,CAD,Overdue,Net 30,0
INV-01842,PO-98060,TX-01842,CA01,2024,RE,100034,S034,2024-08-09,2024-08-11,2024-09-23,2024-09-22,2024-09-22,PAY6642544,114675.19,CAD,Paid,Net 45,0
INV-02247,PO-72824,TX-02247,CA01,2023,RE,100002,S002,2023-04-27,2023-04-29,2023-05-27,2023-05-22,2023-05-22,PAY6903706,14990.79,CAD,Paid,Net 30,0
INV-01026,PO-71263,TX-01026,CA01,2023,RE,100029,S029,2023-05-28,2023-05-28,2023-06-27,2023-06-26,2023-06-26,PAY6272315,4846.08,CAD,Paid,Net 30,0
INV-00673,PO-98092,TX-00673,CA01,2023,RE,100033,S033,2023-04-18,2023-04-20,2023-05-18,2023-05-16,2023-05-16,PAY6196243,76298.03,CAD,Paid,Net 30,0
INV-00098,PO-42780,TX-00098,CA01,2024,RE,100016,S016,2024-12-11,2024-12-12,2024-12-26,2024-12-21,2024-12-21,PAY6575210,62234.38,CAD,Paid,Net 15,0
INV-02200,PO-72983,TX-02200,CA01,2024,RE,100009,S009,2024-10-15,2024-10-16,2024-11-14,2024-11-11,2024-11-11,PAY6275617,2000.72,CAD,Paid,Net 30,0
INV-00300,PO-23703,TX-00300,CA01,2025,RE,100006,S006,2025-10-28,2025-10-29,2025-12-12,2025-12-08,2025-12-08,PAY6248658,57768.76,CAD,Paid,Net 45,0
INV-00351,PO-23487,TX-00351,CA01,2023,RE,100040,S040,2023-04-25,2023-04-26,2023-06-24,2023-06-24,2023-06-24,PAY6282495,54612.83,CAD,Paid,Net 60,0
INV-01646,PO-96267,TX-01646,CA01,2023,RE,100037,S037,2023-05-24,2023-05-26,2023-06-23,2023-06-18,2023-06-18,PAY6494241,20685.44,CAD,Paid,Net 30,0
INV-02331,PO-44698,TX-02331,CA01,2024,RE,100038,S038,2024-12-25,2024-12-27,2025-01-24,,,,63323.15,CAD,Pending,Net 30,0
INV-00036,PO-20561,TX-00036,CA01,2023,RE,100025,S025,2023-06-09,2023-06-10,2023-07-09,2023-07-09,2023-07-09,PAY6642865,4334.4,CAD,Paid,Net 30,0
INV-02097,PO-74563,TX-02097,CA01,2024,RE,100005,S005,2024-05-09,2024-05-10,2024-06-08,2024-06-05,2024-06-05,PAY6359762,35060.18,CAD,Paid,Net 30,0
INV-00840,PO-74987,TX-00840,CA01,2024,RE,100038,S038,2024-10-07,2024-10-09,2024-11-06,2024-11-05,2024-11-05,PAY6383699,2071.85,CAD,Paid,Net 30,0
INV-00553,PO-54560,TX-00553,CA01,2025,RE,100003,S003,2025-04-17,2025-04-18,2025-05-02,2025-04-27,2025-04-27,PAY6192847,26931.36,CAD,Paid,Net 15,0
INV-01178,PO-80663,TX-01178,CA01,2025,RE,100030,S030,2025-02-05,2025-02-05,2025-03-07,2025-03-06,2025-03-06,PAY6522998,57648.08,CAD,Paid,Net 30,0
INV-00464,PO-31679,TX-00464,CA01,2023,RE,100001,S001,2023-11-22,2023-11-23,2023-12-22,2023-12-18,2023-12-18,PAY6444536,22687.79,CAD,Paid,Net 30,0
INV-00584,PO-80735,TX-00584,CA01,2025,RE,100040,S040,2025-12-12,2025-12-13,2026-02-10,2026-02-10,2026-02-10,PAY6220759,67074.68,CAD,Paid,Net 60,0
INV-01400,PO-19801,TX-01400,CA01,2025,RE,100034,S034,2025-01-03,2025-01-03,2025-02-17,,,,50333.33,CAD,Pending,Net 45,0
INV-01314,PO-34368,TX-01314,CA01,2023,RE,100006,S006,2023-08-27,2023-08-27,2023-10-11,,,,21992.51,CAD,Pending,Net 45,0
INV-01502,PO-53389,TX-01502,CA01,2024,RE,100007,S007,2024-01-21,2024-01-23,2024-02-20,2024-02-19,2024-02-19,PAY6439450,8866.77,CAD,Paid,Net 30,0
INV-00530,PO-88558,TX-00530,CA01,2023,RE,100005,S005,2023-04-27,2023-04-29,2023-05-27,2023-05-25,2023-05-25,PAY6734750,17284.34,CAD,Paid,Net 30,0
INV-01964,PO-81068,TX-01964,CA01,2025,RE,100024,S024,2025-08-10,2025-08-10,2025-09-09,2025-09-05,2025-09-05,PAY6788734,16884.26,CAD,Paid,Net 30,0
INV-01259,PO-84304,TX-01259,CA01,2025,RE,100040,S040,2025-03-11,2025-03-11,2025-05-10,2025-05-08,2025-05-08,PAY6390394,27900.71,CAD,Paid,Net 60,0
INV-01409,PO-54974,TX-01409,CA01,2023,RE,100016,S016,2023-09-04,2023-09-06,2023-09-19,2023-09-14,2023-09-14,PAY6382812,157054.49,CAD,Paid,Net 15,0
INV-01284,PO-78572,TX-01284,CA01,2025,RE,100030,S030,2025-04-27,2025-04-28,2025-05-27,2025-05-22,2025-05-22,PAY6895825,51411.53,CAD,Paid,Net 30,0
INV-00249,PO-14222,TX-00249,CA01,2024,RE,100034,S034,2024-01-23,2024-01-23,2024-03-08,,,,205599.88,CAD,Pending,Net 45,0
INV-00626,PO-66925,TX-00626,CA01,2025,RE,100031,S031,2025-02-24,2025-02-26,2025-04-10,2025-04-05,2025-04-05,PAY6420051,7946.04,CAD,Paid,Net 45,0
INV-00150,PO-67377,TX-00150,CA01,2023,RE,100009,S009,2023-06-27,2023-06-28,2023-07-27,2023-07-25,2023-07-25,PAY6293212,28938.87,CAD,Paid,Net 30,0
INV-00528,PO-87436,TX-00528,CA01,2024,RE,100025,S025,2024-11-09,2024-11-09,2024-12-09,2024-12-06,2024-12-06,PAY6472623,8204.53,CAD,Paid,Net 30,0
INV-02114,PO-82127,TX-02114,CA01,2024,RE,100017,S017,2024-12-01,2024-12-02,2024-12-31,2024-12-28,2024-12-28,PAY6188627,51452.52,CAD,Paid,Net 30,0
INV-00454,PO-48085,TX-00454,CA01,2024,RE,100025,S025,2024-07-01,2024-07-03,2024-07-31,,,,1499.5,CAD,Pending,Net 30,0
INV-02064,PO-86108,TX-02064,CA01,2026,RE,100016,S016,2026-01-01,2026-01-01,2026-01-16,2026-01-14,2026-01-14,PAY6599166,28595.99,CAD,Paid,Net 15,0
INV-01533,PO-21895,TX-01533,CA01,2025,RE,100032,S032,2025-10-30,2025-10-31,2025-12-29,2025-12-26,2025-12-26,PAY6137509,217702.13,CAD,Paid,Net 60,0
INV-00677,PO-65974,TX-00677,CA01,2025,RE,100001,S001,2025-12-21,2025-12-21,2026-01-20,2026-01-18,2026-01-18,PAY6603867,43517.45,CAD,Paid,Net 30,0
INV-02131,PO-59584,TX-02131,CA01,2024,RE,100036,S036,2024-07-05,2024-07-06,2024-08-04,2024-08-03,2024-08-03,PAY6719335,12870.29,CAD,Paid,Net 30,0
INV-02127,PO-78156,TX-02127,CA01,2024,RE,100027,S027,2024-03-23,2024-03-25,2024-04-22,2024-04-19,2024-04-19,PAY6239669,52061.24,CAD,Paid,Net 30,0
INV-01388,PO-90933,TX-01388,CA01,2024,RE,100032,S032,2024-11-01,2024-11-03,2024-12-31,,,,184642.3,CAD,Pending,Net 60,0
INV-00848,PO-69589,TX-00848,CA01,2025,RE,100039,S039,2025-04-15,2025-04-15,2025-05-30,2025-05-28,2025-05-28,PAY6853740,52458.85,CAD,Paid,Net 45,0
INV-01943,PO-75500,TX-01943,CA01,2025,RE,100040,S040,2025-04-13,2025-04-14,2025-06-12,2025-06-07,2025-06-07,PAY6104721,74163.01,CAD,Paid,Net 60,0
INV-01513,PO-25760,TX-01513,CA01,2025,RE,100036,S036,2025-06-30,2025-06-30,2025-07-30,2025-07-26,2025-07-26,PAY6755829,66161.74,CAD,Paid,Net 30,0
INV-00806,PO-30454,TX-00806,CA01,2025,RE,100007,S007,2025-10-25,2025-10-25,2025-11-24,2025-11-20,2025-11-20,PAY6283062,178077.74,CAD,Paid,Net 30,0
INV-02245,PO-80731,TX-02245,CA01,2024,RE,100008,S008,2024-01-27,2024-01-28,2024-02-26,,,,43629.87,CAD,Pending,Net 30,0
INV-01168,PO-30380,TX-01168,CA01,2023,RE,100039,S039,2023-09-25,2023-09-26,2023-11-09,2023-11-06,2023-11-06,PAY6843146,19157.81,CAD,Paid,Net 45,0
INV-01950,PO-72843,TX-01950,CA01,2024,RE,100027,S027,2024-12-29,2024-12-30,2025-01-28,2025-01-24,2025-01-24,PAY6247259,115834.8,CAD,Paid,Net 30,0
INV-01075,PO-67941,TX-01075,CA01,2023,RE,100040,S040,2023-11-12,2023-11-14,2024-01-11,2024-01-11,2024-01-11,PAY6582316,8913.49,CAD,Paid,Net 60,0
INV-00594,PO-14159,TX-00594,CA01,2025,RE,100006,S006,2025-10-18,2025-10-18,2025-12-02,2025-12-02,2025-12-02,PAY6453214,140968.1,CAD,Paid,Net 45,0
INV-02312,PO-61758,TX-02312,CA01,2023,RE,100026,S026,2023-05-14,2023-05-14,2023-06-13,2023-06-09,2023-06-09,PAY6897904,26176.44,CAD,Paid,Net 30,0
INV-00161,PO-26341,TX-00161,CA01,2025,RE,100018,S018,2025-09-18,2025-09-20,2025-10-18,,,,89198.88,CAD,Pending,Net 30,0
INV-01607,PO-17336,TX-01607,CA01,2026,RE,100009,S009,2026-01-01,2026-01-02,2026-01-31,2026-01-26,2026-01-26,PAY6399385,116597.72,CAD,Paid,Net 30,0
INV-00614,PO-20215,TX-00614,CA01,2025,RE,100005,S005,2025-12-23,2025-12-25,2026-01-22,2026-01-20,2026-01-20,PAY6205587,642.92,CAD,Paid,Net 30,0
INV-01248,PO-89309,TX-01248,CA01,2023,RE,100025,S025,2023-04-29,2023-05-01,2023-05-29,2023-05-25,2023-05-25,PAY6152928,1189.54,CAD,Paid,Net 30,0
INV-02123,PO-50579,TX-02123,CA01,2024,RE,100038,S038,2024-11-11,2024-11-13,2024-12-11,2024-12-06,2024-12-06,PAY6838900,18518.96,CAD,Paid,Net 30,0
INV-00847,PO-94388,TX-00847,CA01,2025,RE,100025,S025,2025-10-26,2025-10-26,2025-11-25,2025-11-21,2025-11-21,PAY6774417,4763.69,CAD,Paid,Net 30,0
INV-01367,PO-22588,TX-01367,CA01,2024,RE,100034,S034,2024-01-12,2024-01-14,2024-02-26,2024-02-22,2024-02-22,PAY6156812,179764.98,CAD,Paid,Net 45,0
INV-00330,PO-58738,TX-00330,CA01,2024,RE,100032,S032,2024-07-17,2024-07-17,2024-09-15,2024-09-13,2024-09-13,PAY6495962,27617.54,CAD,Paid,Net 60,0
INV-01647,PO-56575,TX-01647,CA01,2023,RE,100024,S024,2023-12-07,2023-12-07,2024-01-06,,,,2681.62,CAD,Pending,Net 30,0
INV-01517,PO-15756,TX-01517,CA01,2023,RE,100005,S005,2023-03-11,2023-03-11,2023-04-10,2023-04-08,2023-04-08,PAY6844804,38642.49,CAD,Paid,Net 30,0
INV-01243,PO-71573,TX-01243,CA01,2023,RE,100016,S016,2023-06-14,2023-06-15,2023-06-29,2023-06-24,2023-06-24,PAY6010215,9260.26,CAD,Paid,Net 15,0
INV-01651,PO-37568,TX-01651,CA01,2025,RE,100024,S024,2025-01-05,2025-01-05,2025-02-04,,,,5293.46,CAD,Pending,Net 30,0
INV-01983,PO-96288,TX-01983,CA01,2024,RE,100001,S001,2024-06-05,2024-06-05,2024-07-05,,,,30791.96,CAD,Pending,Net 30,0
INV-02093,PO-93765,TX-02093,CA01,2023,RE,100034,S034,2023-05-08,2023-05-09,2023-06-22,2023-06-22,2023-06-22,PAY6185186,72187.11,CAD,Paid,Net 45,0
INV-01850,PO-19974,TX-01850,CA01,2024,RE,100003,S003,2024-01-31,2024-01-31,2024-02-15,,,,65181.23,CAD,Pending,Net 15,0
INV-00955,PO-68009,TX-00955,CA01,2025,RE,100039,S039,2025-11-25,2025-11-27,2026-01-09,2026-01-06,2026-01-06,PAY6441996,30906.94,CAD,Paid,Net 45,0
INV-01216,PO-82204,TX-01216,CA01,2025,RE,100028,S028,2025-02-26,2025-02-28,2025-04-12,2025-04-12,2025-04-12,PAY6523866,78502.98,CAD,Paid,Net 45,0
INV-02001,PO-18648,TX-02001,CA01,2023,RE,100031,S031,2023-11-21,2023-11-21,2024-01-05,2024-01-03,2024-01-03,PAY6141003,409406.02,CAD,Paid,Net 45,0
INV-02227,PO-93548,TX-02227,CA01,2025,RE,100029,S029,2025-02-08,2025-02-09,2025-03-10,2025-03-08,2025-03-08,PAY6936661,5250.46,CAD,Paid,Net 30,0
INV-00422,PO-37096,TX-00422,CA01,2024,RE,100038,S038,2024-03-21,2024-03-23,2024-04-20,2024-04-15,2024-04-15,PAY6890649,56887.71,CAD,Paid,Net 30,0
INV-01787,PO-11399,TX-01787,CA01,2023,RE,100009,S009,2023-03-07,2023-03-08,2023-04-06,2023-04-04,2023-04-04,PAY6661286,40912.24,CAD,Paid,Net 30,0
INV-00457,PO-60556,TX-00457,CA01,2023,RE,100035,S035,2023-08-23,2023-08-24,2023-10-07,2023-10-05,2023-10-05,PAY6542121,124347.26,CAD,Paid,Net 45,0
INV-01954,PO-73899,TX-01954,CA01,2025,RE,100033,S033,2025-12-01,2025-12-03,2025-12-31,,,,161041.4,CAD,Pending,Net 30,0
INV-01166,PO-82291,TX-01166,CA01,2025,RE,100034,S034,2025-12-24,2025-12-25,2026-02-07,2026-02-05,2026-02-05,PAY6559921,114035.77,CAD,Paid,Net 45,0
INV-02002,PO-70987,TX-02002,CA01,2025,RE,100032,S032,2025-07-17,2025-07-19,2025-09-15,2025-09-10,2025-09-10,PAY6755562,98263.12,CAD,Paid,Net 60,0
INV-02239,PO-49513,TX-02239,CA01,2023,RE,100034,S034,2023-01-30,2023-01-31,2023-03-16,2023-03-11,2023-03-11,PAY6331064,94024.53,CAD,Paid,Net 45,0
INV-01159,PO-62436,TX-01159,CA01,2024,RE,100038,S038,2024-06-12,2024-06-14,2024-07-12,2024-07-07,2024-07-07,PAY6823481,18320.33,CAD,Paid,Net 30,0
INV-00226,PO-63334,TX-00226,CA01,2023,RE,100006,S006,2023-10-14,2023-10-14,2023-11-28,2023-11-26,2023-11-26,PAY6510258,9179.74,CAD,Paid,Net 45,0
INV-01858,PO-16198,TX-01858,CA01,2025,RE,100005,S005,2025-06-16,2025-06-18,2025-07-16,2025-07-15,2025-07-15,PAY6314608,36929.64,CAD,Paid,Net 30,0
INV-02044,PO-84083,TX-02044,CA01,2024,RE,100033,S033,2024-02-14,2024-02-16,2024-03-15,2024-03-14,2024-03-14,PAY6263165,223272.89,CAD,Paid,Net 30,0
INV-00952,PO-10863,TX-00952,CA01,2023,RE,100035,S035,2023-10-12,2023-10-14,2023-11-26,,,,10647.85,CAD,Overdue,Net 45,0
INV-01623,PO-56390,TX-01623,CA01,2024,RE,100034,S034,2024-09-16,2024-09-18,2024-10-31,2024-10-27,2024-10-27,PAY6589444,70006.5,CAD,Paid,Net 45,0
INV-01905,PO-53908,TX-01905,CA01,2024,RE,100025,S025,2024-05-11,2024-05-12,2024-06-10,2024-06-09,2024-06-09,PAY6900204,4818.73,CAD,Paid,Net 30,0
INV-DUP-002,PO-46771,TX-DUP-002,CA01,2025,RE,100026,S026,2025-12-17,2025-12-17,2026-01-16,2026-01-16,2026-01-16,PAY6595417,22459.58,CAD,Paid,Net 30,0
INV-01297,PO-87763,TX-01297,CA01,2023,RE,100034,S034,2023-07-14,2023-07-16,2023-08-28,,,,552.43,CAD,Pending,Net 45,0
INV-01437,PO-37719,TX-01437,CA01,2024,RE,100018,S018,2024-08-23,2024-08-24,2024-09-22,,,,148305.75,CAD,Overdue,Net 30,0
INV-01813,PO-92773,TX-01813,CA01,2024,RE,100029,S029,2024-03-23,2024-03-23,2024-04-22,2024-04-18,2024-04-18,PAY6050026,533.5,CAD,Paid,Net 30,0
INV-00078,PO-77449,TX-00078,CA01,2024,RE,100026,S026,2024-06-04,2024-06-04,2024-07-04,2024-07-01,2024-07-01,PAY6417754,55502.08,CAD,Paid,Net 30,0
INV-00408,PO-52746,TX-00408,CA01,2023,RE,100033,S033,2023-05-19,2023-05-19,2023-06-18,2023-06-13,2023-06-13,PAY6103782,38622.58,CAD,Paid,Net 30,0
INV-00964,PO-69394,TX-00964,CA01,2023,RE,100033,S033,2023-09-20,2023-09-20,2023-10-20,2023-10-18,2023-10-18,PAY6724087,82644.54,CAD,Paid,Net 30,0
INV-01952,PO-58662,TX-01952,CA01,2023,RE,100037,S037,2023-05-05,2023-05-07,2023-06-04,2023-05-30,2023-05-30,PAY6171276,3146.09,CAD,Paid,Net 30,0
INV-00645,PO-39567,TX-00645,CA01,2025,RE,100040,S040,2025-03-06,2025-03-08,2025-05-05,,,,71282.0,CAD,Overdue,Net 60,0
INV-00723,PO-58310,TX-00723,CA01,2025,RE,100034,S034,2025-01-26,2025-01-27,2025-03-12,2025-03-11,2025-03-11,PAY6062952,3919.32,CAD,Paid,Net 45,0
INV-00501,PO-69129,TX-00501,CA01,2023,RE,100018,S018,2023-05-28,2023-05-29,2023-06-27,2023-06-22,2023-06-22,PAY6225933,28892.77,CAD,Paid,Net 30,0
INV-01704,PO-48824,TX-01704,CA01,2024,RE,100008,S008,2024-10-02,2024-10-03,2024-11-01,,,,157899.57,CAD,Pending,Net 30,0
INV-00048,PO-87607,TX-00048,CA01,2025,RE,100003,S003,2025-02-10,2025-02-10,2025-02-25,2025-02-25,2025-02-25,PAY6853350,27599.74,CAD,Paid,Net 15,0
INV-00068,PO-87832,TX-00068,CA01,2023,RE,100017,S017,2023-06-05,2023-06-05,2023-07-05,,,,14148.6,CAD,Pending,Net 30,0
INV-01897,PO-39454,TX-01897,CA01,2025,RE,100029,S029,2025-02-10,2025-02-12,2025-03-12,2025-03-07,2025-03-07,PAY6266642,5034.05,CAD,Paid,Net 30,0
INV-00527,PO-96652,TX-00527,CA01,2024,RE,100032,S032,2024-01-25,2024-01-25,2024-03-25,2024-03-22,2024-03-22,PAY6499687,62433.45,CAD,Paid,Net 60,0
INV-00070,PO-28643,TX-00070,CA01,2023,RE,100032,S032,2023-08-31,2023-08-31,2023-10-30,,,,189765.42,CAD,Pending,Net 60,0
INV-01448,PO-79377,TX-01448,CA01,2025,RE,100016,S016,2025-06-06,2025-06-06,2025-06-21,,,,2756.65,CAD,Pending,Net 15,0
INV-00712,PO-29231,TX-00712,CA01,2024,RE,100026,S026,2024-03-22,2024-03-23,2024-04-21,2024-04-19,2024-04-19,PAY6879725,118005.5,CAD,Paid,Net 30,0
INV-01451,PO-47917,TX-01451,CA01,2025,RE,100028,S028,2025-07-13,2025-07-14,2025-08-27,,,,162913.01,CAD,Pending,Net 45,0
INV-00413,PO-58816,TX-00413,CA01,2024,RE,100039,S039,2024-05-02,2024-05-04,2024-06-16,2024-06-14,2024-06-14,PAY6660458,3374.23,CAD,Paid,Net 45,0
INV-00860,PO-70412,TX-00860,CA01,2024,RE,100028,S028,2024-09-20,2024-09-20,2024-11-04,,,,9571.72,CAD,Overdue,Net 45,0
INV-02185,PO-98529,TX-02185,CA01,2023,RE,100033,S033,2023-01-19,2023-01-19,2023-02-18,2023-02-15,2023-02-15,PAY6100979,76264.09,CAD,Paid,Net 30,0
INV-02192,PO-72654,TX-02192,CA01,2025,RE,100028,S028,2025-12-14,2025-12-16,2026-01-28,2026-01-25,2026-01-25,PAY6471706,16637.06,CAD,Paid,Net 45,0
INV-02319,PO-76377,TX-02319,CA01,2024,RE,100005,S005,2024-09-29,2024-09-29,2024-10-29,2024-10-26,2024-10-26,PAY6780762,67710.02,CAD,Paid,Net 30,0
INV-01215,PO-86449,TX-01215,CA01,2024,RE,100029,S029,2024-01-04,2024-01-04,2024-02-03,,,,350.19,CAD,Pending,Net 30,0
INV-00918,PO-94825,TX-00918,CA01,2024,RE,100007,S007,2024-03-03,2024-03-04,2024-04-02,2024-03-28,2024-03-28,PAY6350912,39074.31,CAD,Paid,Net 30,0
INV-01849,PO-22744,TX-01849,CA01,2024,RE,100003,S003,2024-09-19,2024-09-21,2024-10-04,,,,31151.12,CAD,Pending,Net 15,0
INV-00610,PO-33414,TX-00610,CA01,2023,RE,100039,S039,2023-07-24,2023-07-26,2023-09-07,2023-09-07,2023-09-07,PAY6272387,5533.6,CAD,Paid,Net 45,0
INV-01534,PO-34435,TX-01534,CA01,2025,RE,100025,S025,2025-08-21,2025-08-23,2025-09-20,2025-09-16,2025-09-16,PAY6378496,5704.37,CAD,Paid,Net 30,0
INV-01381,PO-23109,TX-01381,CA01,2024,RE,100037,S037,2024-02-22,2024-02-24,2024-03-23,2024-03-18,2024-03-18,PAY6377808,26886.46,CAD,Paid,Net 30,0
INV-00892,PO-58182,TX-00892,CA01,2024,RE,100032,S032,2024-11-02,2024-11-03,2025-01-01,2024-12-28,2024-12-28,PAY6587569,99869.63,CAD,Paid,Net 60,0
INV-01334,PO-69509,TX-01334,CA01,2025,RE,100034,S034,2025-12-18,2025-12-19,2026-02-01,,,,52053.76,CAD,Overdue,Net 45,0
INV-01687,PO-45665,TX-01687,CA01,2023,RE,100028,S028,2023-09-20,2023-09-20,2023-11-04,2023-11-03,2023-11-03,PAY6584572,61964.99,CAD,Paid,Net 45,0
INV-01845,PO-38417,TX-01845,CA01,2024,RE,100006,S006,2024-04-19,2024-04-19,2024-06-03,2024-06-01,2024-06-01,PAY6977109,156409.53,CAD,Paid,Net 45,0
INV-00811,PO-21452,TX-00811,CA01,2023,RE,100032,S032,2023-06-26,2023-06-26,2023-08-25,,,,134403.56,CAD,Overdue,Net 60,0
INV-00951,PO-94815,TX-00951,CA01,2025,RE,100034,S034,2025-11-06,2025-11-06,2025-12-21,2025-12-16,2025-12-16,PAY6849363,229885.39,CAD,Paid,Net 45,0
INV-01150,PO-34233,TX-01150,CA01,2023,RE,100030,S030,2023-09-15,2023-09-16,2023-10-15,2023-10-10,2023-10-10,PAY6270233,2550.69,CAD,Paid,Net 30,0
INV-00862,PO-36988,TX-00862,CA01,2023,RE,100039,S039,2023-07-21,2023-07-23,2023-09-04,2023-09-03,2023-09-03,PAY6360857,11047.67,CAD,Paid,Net 45,0
INV-00288,PO-42990,TX-00288,CA01,2025,RE,100036,S036,2025-05-17,2025-05-18,2025-06-16,2025-06-11,2025-06-11,PAY6020798,42679.0,CAD,Paid,Net 30,0
INV-01791,PO-26846,TX-01791,CA01,2024,RE,100026,S026,2024-10-15,2024-10-15,2024-11-14,2024-11-10,2024-11-10,PAY6431762,125206.96,CAD,Paid,Net 30,0
INV-00103,PO-57953,TX-00103,CA01,2025,RE,100009,S009,2025-05-07,2025-05-08,2025-06-06,,,,9896.02,CAD,Overdue,Net 30,0
INV-00015,PO-63264,TX-00015,CA01,2024,RE,100034,S034,2024-05-27,2024-05-29,2024-07-11,2024-07-06,2024-07-06,PAY6127126,74288.79,CAD,Paid,Net 45,0
INV-00983,PO-79193,TX-00983,CA01,2023,RE,100004,S004,2023-02-21,2023-02-23,2023-03-23,2023-03-20,2023-03-20,PAY6368145,6365.32,CAD,Paid,Net 30,0
INV-00582,PO-72410,TX-00582,CA01,2023,RE,100037,S037,2023-12-18,2023-12-19,2024-01-17,2024-01-12,2024-01-12,PAY6909501,8433.99,CAD,Paid,Net 30,0
INV-00935,PO-36389,TX-00935,CA01,2025,RE,100036,S036,2025-08-27,2025-08-28,2025-09-26,2025-09-24,2025-09-24,PAY6712597,5303.78,CAD,Paid,Net 30,0
INV-02257,PO-22770,TX-02257,CA01,2025,RE,100026,S026,2025-05-23,2025-05-24,2025-06-22,,,,74556.25,CAD,Pending,Net 30,0
INV-02237,PO-42594,TX-02237,CA01,2024,RE,100004,S004,2024-12-06,2024-12-06,2025-01-05,,,,56568.04,CAD,Pending,Net 30,0
INV-02259,PO-42309,TX-02259,CA01,2024,RE,100004,S004,2024-02-12,2024-02-13,2024-03-13,2024-03-09,2024-03-09,PAY6634992,19915.12,CAD,Paid,Net 30,0
INV-01637,PO-52869,TX-01637,CA01,2025,RE,100033,S033,2025-06-21,2025-06-22,2025-07-21,,,,286945.01,CAD,Overdue,Net 30,0
INV-02268,PO-14895,TX-02268,CA01,2025,RE,100007,S007,2025-09-27,2025-09-28,2025-10-27,,,,29948.46,CAD,Pending,Net 30,0
INV-00715,PO-18180,TX-00715,CA01,2025,RE,100027,S027,2025-11-15,2025-11-17,2025-12-15,2025-12-13,2025-12-13,PAY6208622,19344.42,CAD,Paid,Net 30,0
INV-00049,PO-84177,TX-00049,CA01,2024,RE,100024,S024,2024-09-14,2024-09-16,2024-10-14,2024-10-13,2024-10-13,PAY6604875,10596.43,CAD,Paid,Net 30,0
INV-00721,PO-56570,TX-00721,CA01,2025,RE,100038,S038,2025-11-12,2025-11-12,2025-12-12,,,,36068.97,CAD,Overdue,Net 30,0
INV-00142,PO-76910,TX-00142,CA01,2024,RE,100039,S039,2024-11-28,2024-11-28,2025-01-12,2025-01-07,2025-01-07,PAY6603869,18753.33,CAD,Paid,Net 45,0
INV-01201,PO-58705,TX-01201,CA01,2025,RE,100035,S035,2025-01-14,2025-01-16,2025-02-28,2025-02-24,2025-02-24,PAY6681433,134808.11,CAD,Paid,Net 45,0
INV-01562,PO-92958,TX-01562,CA01,2023,RE,100038,S038,2023-06-23,2023-06-25,2023-07-23,2023-07-22,2023-07-22,PAY6680663,8758.94,CAD,Paid,Net 30,0
INV-01387,PO-33642,TX-01387,CA01,2025,RE,100034,S034,2025-09-22,2025-09-24,2025-11-06,2025-11-04,2025-11-04,PAY6564593,102577.37,CAD,Paid,Net 45,0
INV-01568,PO-98894,TX-01568,CA01,2025,RE,100032,S032,2025-10-29,2025-10-30,2025-12-28,2025-12-28,2025-12-28,PAY6183017,216150.75,CAD,Paid,Net 60,0
INV-00297,PO-31802,TX-00297,CA01,2023,RE,100003,S003,2023-06-30,2023-07-01,2023-07-15,2023-07-12,2023-07-12,PAY6818213,3556.26,CAD,Paid,Net 15,0
INV-01553,PO-63015,TX-01553,CA01,2023,RE,100026,S026,2023-06-23,2023-06-25,2023-07-23,,,,68264.8,CAD,Pending,Net 30,0
INV-02265,PO-18398,TX-02265,CA01,2025,RE,100034,S034,2025-06-15,2025-06-16,2025-07-30,,,,55826.2,CAD,Pending,Net 45,0
INV-01826,PO-20316,TX-01826,CA01,2024,RE,100032,S032,2024-09-02,2024-09-03,2024-11-01,2024-10-31,2024-10-31,PAY6298433,24883.86,CAD,Paid,Net 60,0
INV-02189,PO-22763,TX-02189,CA01,2025,RE,100034,S034,2025-05-10,2025-05-10,2025-06-24,2025-06-19,2025-06-19,PAY6372358,127698.36,CAD,Paid,Net 45,0
INV-01305,PO-30760,TX-01305,CA01,2024,RE,100001,S001,2024-12-16,2024-12-18,2025-01-15,2025-01-13,2025-01-13,PAY6340881,28351.84,CAD,Paid,Net 30,0
INV-01185,PO-36013,TX-01185,CA01,2025,RE,100031,S031,2025-06-19,2025-06-21,2025-08-03,2025-07-29,2025-07-29,PAY6705893,44346.52,CAD,Paid,Net 45,0
INV-01050,PO-39829,TX-01050,CA01,2025,RE,100004,S004,2025-11-16,2025-11-17,2025-12-16,2025-12-12,2025-12-12,PAY6535239,84825.77,CAD,Paid,Net 30,0
INV-00064,PO-29887,TX-00064,CA01,2023,RE,100026,S026,2023-05-20,2023-05-22,2023-06-19,,,,8291.6,CAD,Pending,Net 30,0
INV-02092,PO-46101,TX-02092,CA01,2023,RE,100002,S002,2023-08-14,2023-08-14,2023-09-13,,,,20196.8,CAD,Overdue,Net 30,0
INV-01364,PO-62312,TX-01364,CA01,2024,RE,100004,S004,2024-05-28,2024-05-28,2024-06-27,2024-06-26,2024-06-26,PAY6511174,47369.24,CAD,Paid,Net 30,0
INV-00674,PO-52312,TX-00674,CA01,2025,RE,100032,S032,2025-01-10,2025-01-10,2025-03-11,2025-03-06,2025-03-06,PAY6812378,68974.39,CAD,Paid,Net 60,0
INV-01866,PO-61768,TX-01866,CA01,2024,RE,100006,S006,2024-10-30,2024-11-01,2024-12-14,2024-12-12,2024-12-12,PAY6772303,178835.16,CAD,Paid,Net 45,0
INV-02320,PO-59972,TX-02320,CA01,2024,RE,100004,S004,2024-05-16,2024-05-18,2024-06-15,2024-06-10,2024-06-10,PAY6468640,29279.4,CAD,Paid,Net 30,0
INV-01407,PO-82416,TX-01407,CA01,2024,RE,100001,S001,2024-02-12,2024-02-14,2024-03-13,2024-03-13,2024-03-13,PAY6932847,43243.16,CAD,Paid,Net 30,0
INV-01235,PO-60224,TX-01235,CA01,2024,RE,100030,S030,2024-11-16,2024-11-18,2024-12-16,2024-12-15,2024-12-15,PAY6082216,27495.91,CAD,Paid,Net 30,0
INV-00237,PO-30078,TX-00237,CA01,2024,RE,100031,S031,2024-09-01,2024-09-03,2024-10-16,2024-10-14,2024-10-14,PAY6399581,61234.45,CAD,Paid,Net 45,0
INV-00416,PO-77698,TX-00416,CA01,2024,RE,100008,S008,2024-03-12,2024-03-12,2024-04-11,,,,98415.29,CAD,Pending,Net 30,0
INV-02198,PO-15619,TX-02198,CA01,2024,RE,100028,S028,2024-11-12,2024-11-13,2024-12-27,2024-12-26,2024-12-26,PAY6643473,17981.02,CAD,Paid,Net 45,0
INV-01372,PO-45412,TX-01372,CA01,2025,RE,100004,S004,2025-12-02,2025-12-02,2026-01-01,,,,2842.52,CAD,Pending,Net 30,0
INV-01499,PO-58660,TX-01499,CA01,2024,RE,100034,S034,2024-08-24,2024-08-26,2024-10-08,2024-10-03,2024-10-03,PAY6300441,35292.88,CAD,Paid,Net 45,0
INV-00426,PO-83591,TX-00426,CA01,2023,RE,100034,S034,2023-08-04,2023-08-04,2023-09-18,2023-09-16,2023-09-16,PAY6486279,28484.71,CAD,Paid,Net 45,0
INV-01306,PO-57826,TX-01306,CA01,2023,RE,100031,S031,2023-03-04,2023-03-06,2023-04-18,2023-04-15,2023-04-15,PAY6662398,173234.44,CAD,Paid,Net 45,0
INV-02072,PO-29631,TX-02072,CA01,2025,RE,100040,S040,2025-02-02,2025-02-04,2025-04-03,2025-04-01,2025-04-01,PAY6151884,12460.98,CAD,Paid,Net 60,0
INV-01834,PO-37165,TX-01834,CA01,2025,RE,100005,S005,2025-03-26,2025-03-26,2025-04-25,2025-04-23,2025-04-23,PAY6910434,35344.23,CAD,Paid,Net 30,0
INV-00861,PO-59510,TX-00861,CA01,2023,RE,100039,S039,2023-02-12,2023-02-14,2023-03-29,,,,42433.79,CAD,Overdue,Net 45,0
INV-01801,PO-99591,TX-01801,CA01,2024,RE,100039,S039,2024-12-09,2024-12-10,2025-01-23,,,,40650.42,CAD,Overdue,Net 45,0
INV-01329,PO-93480,TX-01329,CA01,2024,RE,100026,S026,2024-10-19,2024-10-21,2024-11-18,2024-11-16,2024-11-16,PAY6175715,106418.78,CAD,Paid,Net 30,0
INV-00974,PO-10273,TX-00974,CA01,2024,RE,100038,S038,2024-08-04,2024-08-05,2024-09-03,2024-08-30,2024-08-30,PAY6671697,19171.55,CAD,Paid,Net 30,0
INV-02170,PO-59866,TX-02170,CA01,2024,RE,100027,S027,2024-01-21,2024-01-22,2024-02-20,2024-02-18,2024-02-18,PAY6846952,7617.65,CAD,Paid,Net 30,0
INV-01096,PO-49728,TX-01096,CA01,2024,RE,100032,S032,2024-02-13,2024-02-15,2024-04-13,,,,31901.2,CAD,Pending,Net 60,0
INV-01087,PO-75984,TX-01087,CA01,2025,RE,100005,S005,2025-07-14,2025-07-14,2025-08-13,2025-08-10,2025-08-10,PAY6973672,23988.21,CAD,Paid,Net 30,0
INV-01182,PO-74493,TX-01182,CA01,2024,RE,100003,S003,2024-01-22,2024-01-23,2024-02-06,2024-02-06,2024-02-06,PAY6353777,772.76,CAD,Paid,Net 15,0
INV-00695,PO-78233,TX-00695,CA01,2023,RE,100003,S003,2023-07-05,2023-07-05,2023-07-20,2023-07-17,2023-07-17,PAY6442306,29370.43,CAD,Paid,Net 15,0
INV-00943,PO-26920,TX-00943,CA01,2024,RE,100037,S037,2024-08-03,2024-08-04,2024-09-02,,,,16187.73,CAD,Overdue,Net 30,0
INV-01913,PO-57360,TX-01913,CA01,2025,RE,100026,S026,2025-03-06,2025-03-08,2025-04-05,2025-04-05,2025-04-05,PAY6661938,16436.4,CAD,Paid,Net 30,0
INV-01485,PO-35465,TX-01485,CA01,2023,RE,100001,S001,2023-11-10,2023-11-12,2023-12-10,2023-12-05,2023-12-05,PAY6642053,7522.27,CAD,Paid,Net 30,0
INV-DUP-011,PO-38277,TX-DUP-011,CA01,2023,RE,100036,S036,2023-06-06,2023-06-07,2023-07-06,,,,1328.57,CAD,Pending,Net 30,0
INV-02286,PO-83359,TX-02286,CA01,2024,RE,100037,S037,2024-07-10,2024-07-12,2024-08-09,2024-08-05,2024-08-05,PAY6599405,80188.13,CAD,Paid,Net 30,0
INV-01710,PO-44274,TX-01710,CA01,2025,RE,100025,S025,2025-12-01,2025-12-02,2025-12-31,2025-12-27,2025-12-27,PAY6424434,8705.45,CAD,Paid,Net 30,0
INV-01840,PO-44818,TX-01840,CA01,2023,RE,100024,S024,2023-01-23,2023-01-25,2023-02-22,2023-02-18,2023-02-18,PAY6890136,13869.16,CAD,Paid,Net 30,0
INV-01233,PO-28961,TX-01233,CA01,2023,RE,100030,S030,2023-05-23,2023-05-23,2023-06-22,,,,11493.22,CAD,Pending,Net 30,0
INV-02278,PO-13595,TX-02278,CA01,2023,RE,100007,S007,2023-04-29,2023-05-01,2023-05-29,2023-05-29,2023-05-29,PAY6951135,139243.98,CAD,Paid,Net 30,0
INV-00474,PO-26150,TX-00474,CA01,2024,RE,100027,S027,2024-11-27,2024-11-27,2024-12-27,,,,10827.41,CAD,Pending,Net 30,0
INV-01794,PO-23871,TX-01794,CA01,2025,RE,100037,S037,2025-08-08,2025-08-10,2025-09-07,,,,38732.93,CAD,Overdue,Net 30,0
INV-01005,PO-89032,TX-01005,CA01,2024,RE,100034,S034,2024-02-07,2024-02-07,2024-03-23,2024-03-20,2024-03-20,PAY6074809,200312.38,CAD,Paid,Net 45,0
INV-00874,PO-33066,TX-00874,CA01,2024,RE,100032,S032,2024-06-15,2024-06-17,2024-08-14,,,,128442.24,CAD,Pending,Net 60,0
INV-00338,PO-82534,TX-00338,CA01,2023,RE,100039,S039,2023-10-21,2023-10-21,2023-12-05,,,,17261.48,CAD,Pending,Net 45,0
INV-00152,PO-43029,TX-00152,CA01,2024,RE,100040,S040,2024-11-23,2024-11-24,2025-01-22,,,,1193.71,CAD,Pending,Net 60,0
INV-00442,PO-15992,TX-00442,CA01,2025,RE,100032,S032,2025-03-01,2025-03-02,2025-04-30,2025-04-29,2025-04-29,PAY6082954,91805.47,CAD,Paid,Net 60,0
INV-00972,PO-25432,TX-00972,CA01,2025,RE,100038,S038,2025-01-27,2025-01-27,2025-02-26,2025-02-22,2025-02-22,PAY6169868,4562.86,CAD,Paid,Net 30,0
INV-01072,PO-67373,TX-01072,CA01,2025,RE,100006,S006,2025-08-08,2025-08-10,2025-09-22,2025-09-22,2025-09-22,PAY6360317,19128.5,CAD,Paid,Net 45,0
INV-01587,PO-36186,TX-01587,CA01,2025,RE,100024,S024,2025-01-29,2025-01-29,2025-02-28,2025-02-23,2025-02-23,PAY6239303,4038.22,CAD,Paid,Net 30,0
INV-01676,PO-35543,TX-01676,CA01,2025,RE,100027,S027,2025-03-28,2025-03-30,2025-04-27,2025-04-24,2025-04-24,PAY6328709,177720.85,CAD,Paid,Net 30,0
INV-02073,PO-48291,TX-02073,CA01,2023,RE,100035,S035,2023-08-30,2023-08-31,2023-10-14,2023-10-10,2023-10-10,PAY6332270,123317.95,CAD,Paid,Net 45,0
INV-02022,PO-84581,TX-02022,CA01,2024,RE,100037,S037,2024-05-24,2024-05-26,2024-06-23,,,,4512.9,CAD,Overdue,Net 30,0
INV-02026,PO-90790,TX-02026,CA01,2025,RE,100034,S034,2025-04-24,2025-04-25,2025-06-08,2025-06-06,2025-06-06,PAY6684733,81570.6,CAD,Paid,Net 45,0
INV-01783,PO-20888,TX-01783,CA01,2024,RE,100038,S038,2024-02-09,2024-02-11,2024-03-10,2024-03-07,2024-03-07,PAY6305509,33465.09,CAD,Paid,Net 30,0
INV-01090,PO-51620,TX-01090,CA01,2025,RE,100002,S002,2025-07-04,2025-07-06,2025-08-03,2025-08-03,2025-08-03,PAY6744943,22765.68,CAD,Paid,Net 30,0
INV-02115,PO-83580,TX-02115,CA01,2023,RE,100036,S036,2023-08-18,2023-08-20,2023-09-17,2023-09-16,2023-09-16,PAY6280465,70065.66,CAD,Paid,Net 30,0
INV-00827,PO-64000,TX-00827,CA01,2023,RE,100034,S034,2023-10-13,2023-10-13,2023-11-27,2023-11-26,2023-11-26,PAY6634792,62068.62,CAD,Paid,Net 45,0
INV-01271,PO-93914,TX-01271,CA01,2023,RE,100009,S009,2023-03-25,2023-03-25,2023-04-24,2023-04-23,2023-04-23,PAY6675958,129771.87,CAD,Paid,Net 30,0
INV-01708,PO-29054,TX-01708,CA01,2024,RE,100004,S004,2024-03-27,2024-03-28,2024-04-26,2024-04-24,2024-04-24,PAY6414664,5971.07,CAD,Paid,Net 30,0
INV-00499,PO-67047,TX-00499,CA01,2023,RE,100029,S029,2023-08-06,2023-08-07,2023-09-05,,,,3717.61,CAD,Pending,Net 30,0
INV-02295,PO-44854,TX-02295,CA01,2023,RE,100039,S039,2023-09-21,2023-09-21,2023-11-05,,,,1937.91,CAD,Pending,Net 45,0
INV-00414,PO-39878,TX-00414,CA01,2024,RE,100003,S003,2024-09-14,2024-09-15,2024-09-29,2024-09-26,2024-09-26,PAY6284424,26262.63,CAD,Paid,Net 15,0
INV-00151,PO-98984,TX-00151,CA01,2023,RE,100040,S040,2023-11-23,2023-11-23,2024-01-22,,,,64596.78,CAD,Overdue,Net 60,0
INV-00630,PO-20819,TX-00630,CA01,2024,RE,100008,S008,2024-08-18,2024-08-20,2024-09-17,2024-09-13,2024-09-13,PAY6930812,39176.38,CAD,Paid,Net 30,0
INV-00307,PO-52727,TX-00307,CA01,2023,RE,100025,S025,2023-05-13,2023-05-14,2023-06-12,2023-06-09,2023-06-09,PAY6466509,10603.08,CAD,Paid,Net 30,0
INV-01539,PO-40710,TX-01539,CA01,2024,RE,100033,S033,2024-11-26,2024-11-27,2024-12-26,2024-12-25,2024-12-25,PAY6818910,111128.61,CAD,Paid,Net 30,0
INV-02283,PO-32619,TX-02283,CA01,2025,RE,100029,S029,2025-11-06,2025-11-06,2025-12-06,2025-12-04,2025-12-04,PAY6904718,7224.96,CAD,Paid,Net 30,0
INV-00279,PO-90460,TX-00279,CA01,2025,RE,100033,S033,2025-06-18,2025-06-19,2025-07-18,2025-07-13,2025-07-13,PAY6984371,7168.63,CAD,Paid,Net 30,0
INV-00197,PO-75278,TX-00197,CA01,2024,RE,100040,S040,2024-06-30,2024-07-01,2024-08-29,,,,51354.04,CAD,Overdue,Net 60,0
INV-01017,PO-59998,TX-01017,CA01,2023,RE,100034,S034,2023-08-02,2023-08-04,2023-09-16,2023-09-15,2023-09-15,PAY6380805,203092.31,CAD,Paid,Net 45,0
INV-01336,PO-85660,TX-01336,CA01,2023,RE,100025,S025,2023-05-23,2023-05-24,2023-06-22,2023-06-22,2023-06-22,PAY6784225,1324.95,CAD,Paid,Net 30,0
INV-01970,PO-11112,TX-01970,CA01,2023,RE,100006,S006,2023-06-22,2023-06-24,2023-08-06,2023-08-03,2023-08-03,PAY6615429,4126.93,CAD,Paid,Net 45,0
INV-00146,PO-46002,TX-00146,CA01,2025,RE,100035,S035,2025-06-24,2025-06-24,2025-08-08,,,,15512.76,CAD,Overdue,Net 45,0
INV-00031,PO-41979,TX-00031,CA01,2024,RE,100026,S026,2024-02-08,2024-02-09,2024-03-09,2024-03-07,2024-03-07,PAY6546240,74723.2,CAD,Paid,Net 30,0
INV-01937,PO-11146,TX-01937,CA01,2025,RE,100040,S040,2025-01-27,2025-01-29,2025-03-28,2025-03-23,2025-03-23,PAY6472161,26345.54,CAD,Paid,Net 60,0
INV-01560,PO-64664,TX-01560,CA01,2023,RE,100035,S035,2023-02-24,2023-02-24,2023-04-10,2023-04-09,2023-04-09,PAY6434098,32178.99,CAD,Paid,Net 45,0
INV-01535,PO-14436,TX-01535,CA01,2024,RE,100027,S027,2024-10-29,2024-10-30,2024-11-28,2024-11-26,2024-11-26,PAY6175445,26406.01,CAD,Paid,Net 30,0
INV-02018,PO-80950,TX-02018,CA01,2024,RE,100008,S008,2024-07-22,2024-07-22,2024-08-21,2024-08-16,2024-08-16,PAY6192818,64488.24,CAD,Paid,Net 30,0
INV-01509,PO-27953,TX-01509,CA01,2025,RE,100017,S017,2025-09-05,2025-09-06,2025-10-05,,,,51539.03,CAD,Pending,Net 30,0
INV-01774,PO-90258,TX-01774,CA01,2023,RE,100006,S006,2023-10-02,2023-10-02,2023-11-16,,,,114671.54,CAD,Overdue,Net 45,0
INV-00281,PO-19634,TX-00281,CA01,2025,RE,100039,S039,2025-02-22,2025-02-22,2025-04-08,2025-04-08,2025-04-08,PAY6895706,6592.25,CAD,Paid,Net 45,0
INV-00002,PO-17455,TX-00002,CA01,2025,RE,100033,S033,2025-09-09,2025-09-11,2025-10-09,2025-10-09,2025-10-09,PAY6024223,135253.64,CAD,Paid,Net 30,0
INV-00978,PO-68077,TX-00978,CA01,2025,RE,100039,S039,2025-03-25,2025-03-25,2025-05-09,2025-05-06,2025-05-06,PAY6131113,2956.27,CAD,Paid,Net 45,0
INV-00124,PO-22463,TX-00124,CA01,2025,RE,100039,S039,2025-05-04,2025-05-05,2025-06-18,2025-06-16,2025-06-16,PAY6763124,16732.67,CAD,Paid,Net 45,0
INV-00379,PO-79951,TX-00379,CA01,2024,RE,100040,S040,2024-04-24,2024-04-25,2024-06-23,2024-06-22,2024-06-22,PAY6246024,25505.23,CAD,Paid,Net 60,0
INV-00733,PO-93568,TX-00733,CA01,2025,RE,100036,S036,2025-04-28,2025-04-30,2025-05-28,2025-05-27,2025-05-27,PAY6694180,35731.3,CAD,Paid,Net 30,0
INV-01018,PO-91789,TX-01018,CA01,2025,RE,100038,S038,2025-04-22,2025-04-23,2025-05-22,2025-05-18,2025-05-18,PAY6263871,15266.76,CAD,Paid,Net 30,0
INV-01121,PO-13365,TX-01121,CA01,2025,RE,100004,S004,2025-04-09,2025-04-10,2025-05-09,,,,59141.73,CAD,Pending,Net 30,0
INV-00924,PO-84519,TX-00924,CA01,2024,RE,100032,S032,2024-09-12,2024-09-13,2024-11-11,,,,234337.29,CAD,Pending,Net 60,0
INV-00658,PO-78242,TX-00658,CA01,2025,RE,100006,S006,2025-12-12,2025-12-12,2026-01-26,2026-01-25,2026-01-25,PAY6986120,140089.28,CAD,Paid,Net 45,0
INV-01211,PO-48252,TX-01211,CA01,2023,RE,100033,S033,2023-09-06,2023-09-06,2023-10-06,2023-10-03,2023-10-03,PAY6780009,10930.53,CAD,Paid,Net 30,0
INV-02294,PO-41871,TX-02294,CA01,2023,RE,100033,S033,2023-10-21,2023-10-22,2023-11-20,,,,56618.9,CAD,Overdue,Net 30,0
INV-01214,PO-56593,TX-01214,CA01,2024,RE,100032,S032,2024-08-31,2024-09-02,2024-10-30,2024-10-30,2024-10-30,PAY6734733,20403.6,CAD,Paid,Net 60,0
INV-00770,PO-37277,TX-00770,CA01,2025,RE,100027,S027,2025-11-07,2025-11-07,2025-12-07,2025-12-06,2025-12-06,PAY6786159,48741.26,CAD,Paid,Net 30,0
INV-01181,PO-24046,TX-01181,CA01,2023,RE,100026,S026,2023-01-14,2023-01-16,2023-02-13,2023-02-09,2023-02-09,PAY6083953,36791.77,CAD,Paid,Net 30,0
INV-01572,PO-54642,TX-01572,CA01,2025,RE,100039,S039,2025-03-08,2025-03-09,2025-04-22,2025-04-19,2025-04-19,PAY6220800,27962.01,CAD,Paid,Net 45,0
INV-01374,PO-77667,TX-01374,CA01,2025,RE,100001,S001,2025-11-13,2025-11-14,2025-12-13,2025-12-08,2025-12-08,PAY6175018,4303.4,CAD,Paid,Net 30,0
INV-01167,PO-98842,TX-01167,CA01,2023,RE,100031,S031,2023-12-22,2023-12-22,2024-02-05,2024-02-02,2024-02-02,PAY6416332,147452.52,CAD,Paid,Net 45,0
INV-01745,PO-65422,TX-01745,CA01,2023,RE,100038,S038,2023-10-22,2023-10-23,2023-11-21,2023-11-18,2023-11-18,PAY6108013,38595.84,CAD,Paid,Net 30,0
INV-01474,PO-48132,TX-01474,CA01,2025,RE,100036,S036,2025-10-03,2025-10-03,2025-11-02,,,,70224.67,CAD,Pending,Net 30,0
INV-00878,PO-53160,TX-00878,CA01,2024,RE,100034,S034,2024-05-03,2024-05-04,2024-06-17,,,,243907.88,CAD,Overdue,Net 45,0
INV-00676,PO-37400,TX-00676,CA01,2024,RE,100027,S027,2024-07-19,2024-07-20,2024-08-18,,,,25698.06,CAD,Pending,Net 30,0
INV-02212,PO-69450,TX-02212,CA01,2025,RE,100037,S037,2025-11-18,2025-11-18,2025-12-18,2025-12-15,2025-12-15,PAY6100195,114179.47,CAD,Paid,Net 30,0
INV-01379,PO-90892,TX-01379,CA01,2024,RE,100017,S017,2024-06-18,2024-06-18,2024-07-18,,,,93180.44,CAD,Pending,Net 30,0
INV-01504,PO-65858,TX-01504,CA01,2023,RE,100025,S025,2023-02-04,2023-02-04,2023-03-06,,,,6576.49,CAD,Overdue,Net 30,0
INV-01923,PO-52215,TX-01923,CA01,2025,RE,100032,S032,2025-10-04,2025-10-05,2025-12-03,2025-11-30,2025-11-30,PAY6066891,205213.34,CAD,Paid,Net 60,0
INV-02135,PO-72707,TX-02135,CA01,2023,RE,100033,S033,2023-03-26,2023-03-27,2023-04-25,2023-04-22,2023-04-22,PAY6982299,363151.12,CAD,Paid,Net 30,0
INV-00549,PO-98345,TX-00549,CA01,2025,RE,100024,S024,2025-11-16,2025-11-18,2025-12-16,,,,2841.19,CAD,Pending,Net 30,0
INV-00877,PO-86076,TX-00877,CA01,2025,RE,100027,S027,2025-10-25,2025-10-25,2025-11-24,2025-11-24,2025-11-24,PAY6921374,124478.08,CAD,Paid,Net 30,0
INV-01644,PO-30002,TX-01644,CA01,2025,RE,100027,S027,2025-01-02,2025-01-03,2025-02-01,,,,104823.86,CAD,Pending,Net 30,0
INV-01759,PO-59966,TX-01759,CA01,2023,RE,100035,S035,2023-10-25,2023-10-26,2023-12-09,2023-12-09,2023-12-09,PAY6496171,187244.65,CAD,Paid,Net 45,0
INV-00138,PO-40161,TX-00138,CA01,2025,RE,100007,S007,2025-06-05,2025-06-05,2025-07-05,2025-07-01,2025-07-01,PAY6575074,21953.11,CAD,Paid,Net 30,0
INV-01454,PO-85999,TX-01454,CA01,2024,RE,100031,S031,2024-09-04,2024-09-06,2024-10-19,2024-10-18,2024-10-18,PAY6056440,30498.48,CAD,Paid,Net 45,0
INV-02300,PO-52102,TX-02300,CA01,2024,RE,100038,S038,2024-01-25,2024-01-25,2024-02-24,2024-02-19,2024-02-19,PAY6027645,8056.33,CAD,Paid,Net 30,0
INV-02398,PO-46267,TX-02398,CA01,2023,RE,100034,S034,2023-04-11,2023-04-13,2023-05-26,2023-05-24,2023-05-24,PAY6808382,20027.16,CAD,Paid,Net 45,0
INV-00149,PO-69050,TX-00149,CA01,2024,RE,100040,S040,2024-01-28,2024-01-29,2024-03-28,2024-03-28,2024-03-28,PAY6416297,31130.14,CAD,Paid,Net 60,0
INV-02368,PO-58627,TX-02368,CA01,2025,RE,100026,S026,2025-09-26,2025-09-28,2025-10-26,2025-10-24,2025-10-24,PAY6549435,25576.51,CAD,Paid,Net 30,0
INV-00515,PO-46780,TX-00515,CA01,2024,RE,100028,S028,2024-09-18,2024-09-19,2024-11-02,2024-10-29,2024-10-29,PAY6802156,14152.69,CAD,Paid,Net 45,0
INV-00653,PO-72469,TX-00653,CA01,2024,RE,100032,S032,2024-04-26,2024-04-26,2024-06-25,2024-06-24,2024-06-24,PAY6087295,11389.02,CAD,Paid,Net 60,0
INV-00741,PO-35307,TX-00741,CA01,2025,RE,100027,S027,2025-07-03,2025-07-03,2025-08-02,2025-08-02,2025-08-02,PAY6108976,68527.18,CAD,Paid,Net 30,0
INV-00093,PO-23173,TX-00093,CA01,2023,RE,100032,S032,2023-07-07,2023-07-07,2023-09-05,2023-08-31,2023-08-31,PAY6275201,35274.04,CAD,Paid,Net 60,0
INV-00976,PO-76160,TX-00976,CA01,2025,RE,100028,S028,2025-02-13,2025-02-15,2025-03-30,2025-03-30,2025-03-30,PAY6648127,66107.83,CAD,Paid,Net 45,0
INV-00567,PO-99916,TX-00567,CA01,2025,RE,100006,S006,2025-07-16,2025-07-17,2025-08-30,,,,9462.6,CAD,Overdue,Net 45,0
INV-00643,PO-12408,TX-00643,CA01,2025,RE,100001,S001,2025-12-24,2025-12-24,2026-01-23,2026-01-18,2026-01-18,PAY6162816,15143.06,CAD,Paid,Net 30,0
INV-00130,PO-54541,TX-00130,CA01,2024,RE,100005,S005,2024-07-08,2024-07-08,2024-08-07,2024-08-02,2024-08-02,PAY6088406,1962.38,CAD,Paid,Net 30,0
INV-00791,PO-94957,TX-00791,CA01,2025,RE,100026,S026,2025-08-14,2025-08-15,2025-09-13,2025-09-12,2025-09-12,PAY6686641,62452.54,CAD,Paid,Net 30,0
INV-01938,PO-17451,TX-01938,CA01,2024,RE,100034,S034,2024-07-16,2024-07-16,2024-08-30,2024-08-29,2024-08-29,PAY6976842,5446.27,CAD,Paid,Net 45,0
INV-01346,PO-41276,TX-01346,CA01,2025,RE,100001,S001,2025-11-01,2025-11-02,2025-12-01,,,,51436.35,CAD,Overdue,Net 30,0
INV-00970,PO-77264,TX-00970,CA01,2025,RE,100038,S038,2025-11-08,2025-11-09,2025-12-08,,,,10406.95,CAD,Pending,Net 30,0
INV-01982,PO-18658,TX-01982,CA01,2023,RE,100032,S032,2023-03-18,2023-03-19,2023-05-17,2023-05-12,2023-05-12,PAY6928483,84614.67,CAD,Paid,Net 60,0
INV-01463,PO-52875,TX-01463,CA01,2023,RE,100009,S009,2023-06-18,2023-06-19,2023-07-18,2023-07-16,2023-07-16,PAY6408783,49831.04,CAD,Paid,Net 30,0
INV-01838,PO-74417,TX-01838,CA01,2024,RE,100038,S038,2024-02-19,2024-02-20,2024-03-20,2024-03-18,2024-03-18,PAY6324398,14381.0,CAD,Paid,Net 30,0
INV-01360,PO-47095,TX-01360,CA01,2024,RE,100018,S018,2024-08-14,2024-08-16,2024-09-13,2024-09-12,2024-09-12,PAY6240497,6719.88,CAD,Paid,Net 30,0
INV-00588,PO-59592,TX-00588,CA01,2025,RE,100025,S025,2025-06-20,2025-06-20,2025-07-20,2025-07-20,2025-07-20,PAY6259414,1884.65,CAD,Paid,Net 30,0
INV-01515,PO-11398,TX-01515,CA01,2024,RE,100038,S038,2024-02-02,2024-02-04,2024-03-03,,,,8346.69,CAD,Overdue,Net 30,0
INV-01689,PO-57520,TX-01689,CA01,2023,RE,100032,S032,2023-08-04,2023-08-04,2023-10-03,2023-09-30,2023-09-30,PAY6773422,50106.19,CAD,Paid,Net 60,0
INV-01354,PO-66455,TX-01354,CA01,2023,RE,100038,S038,2023-10-22,2023-10-24,2023-11-21,2023-11-17,2023-11-17,PAY6297979,2577.79,CAD,Paid,Net 30,0
INV-00822,PO-58916,TX-00822,CA01,2024,RE,100040,S040,2024-06-17,2024-06-18,2024-08-16,2024-08-12,2024-08-12,PAY6464687,58632.38,CAD,Paid,Net 60,0
INV-00358,PO-42129,TX-00358,CA01,2025,RE,100028,S028,2025-10-10,2025-10-10,2025-11-24,,,,142181.47,CAD,Overdue,Net 45,0
INV-02400,PO-80889,TX-02400,CA01,2024,RE,100017,S017,2024-01-12,2024-01-12,2024-02-11,,,,8509.05,CAD,Pending,Net 30,0
INV-01781,PO-74456,TX-01781,CA01,2025,RE,100016,S016,2025-01-18,2025-01-20,2025-02-02,,,,99801.05,CAD,Overdue,Net 15,0
INV-00147,PO-58331,TX-00147,CA01,2023,RE,100003,S003,2023-06-07,2023-06-09,2023-06-22,,,,14221.04,CAD,Overdue,Net 15,0
INV-01352,PO-49470,TX-01352,CA01,2024,RE,100028,S028,2024-06-14,2024-06-14,2024-07-29,,,,35193.4,CAD,Pending,Net 45,0
INV-01822,PO-83646,TX-01822,CA01,2024,RE,100004,S004,2024-04-03,2024-04-05,2024-05-03,2024-05-01,2024-05-01,PAY6656912,19624.48,CAD,Paid,Net 30,0
INV-00305,PO-93948,TX-00305,CA01,2024,RE,100006,S006,2024-04-26,2024-04-28,2024-06-10,,,,153850.47,CAD,Overdue,Net 45,0
INV-01705,PO-96925,TX-01705,CA01,2023,RE,100036,S036,2023-06-09,2023-06-11,2023-07-09,2023-07-08,2023-07-08,PAY6132552,5624.16,CAD,Paid,Net 30,0
INV-01151,PO-80645,TX-01151,CA01,2025,RE,100038,S038,2025-12-27,2025-12-28,2026-01-26,2026-01-26,2026-01-26,PAY6137654,26799.62,CAD,Paid,Net 30,0
INV-01338,PO-56455,TX-01338,CA01,2025,RE,100031,S031,2025-12-25,2025-12-26,2026-02-08,,,,85081.63,CAD,Overdue,Net 45,0
INV-01639,PO-35020,TX-01639,CA01,2023,RE,100037,S037,2023-07-05,2023-07-07,2023-08-04,2023-08-04,2023-08-04,PAY6552329,47758.86,CAD,Paid,Net 30,0
INV-00625,PO-22499,TX-00625,CA01,2025,RE,100006,S006,2025-10-02,2025-10-04,2025-11-16,2025-11-14,2025-11-14,PAY6879249,173676.31,CAD,Paid,Net 45,0
INV-01145,PO-42112,TX-01145,CA01,2024,RE,100001,S001,2024-12-01,2024-12-02,2024-12-31,2024-12-29,2024-12-29,PAY6178895,53562.11,CAD,Paid,Net 30,0
INV-02223,PO-85966,TX-02223,CA01,2023,RE,100040,S040,2023-08-20,2023-08-21,2023-10-19,2023-10-16,2023-10-16,PAY6029959,33326.99,CAD,Paid,Net 60,0
INV-00646,PO-91988,TX-00646,CA01,2023,RE,100018,S018,2023-10-13,2023-10-13,2023-11-12,2023-11-07,2023-11-07,PAY6036862,10312.21,CAD,Paid,Net 30,0
INV-02394,PO-67389,TX-02394,CA01,2024,RE,100016,S016,2024-09-05,2024-09-05,2024-09-20,2024-09-16,2024-09-16,PAY6695781,40778.7,CAD,Paid,Net 15,0
INV-00995,PO-82938,TX-00995,CA01,2025,RE,100009,S009,2025-03-24,2025-03-25,2025-04-23,,,,144149.55,CAD,Overdue,Net 30,0
INV-02377,PO-76295,TX-02377,CA01,2025,RE,100035,S035,2025-09-25,2025-09-27,2025-11-09,2025-11-05,2025-11-05,PAY6374175,14676.06,CAD,Paid,Net 45,0
INV-01933,PO-18752,TX-01933,CA01,2024,RE,100039,S039,2024-01-20,2024-01-22,2024-03-05,2024-03-01,2024-03-01,PAY6902162,8274.89,CAD,Paid,Net 45,0
INV-00215,PO-59832,TX-00215,CA01,2025,RE,100029,S029,2025-09-15,2025-09-17,2025-10-15,,,,2434.88,CAD,Pending,Net 30,0
INV-00565,PO-44452,TX-00565,CA01,2023,RE,100025,S025,2023-07-28,2023-07-30,2023-08-27,,,,4692.96,CAD,Overdue,Net 30,0
INV-01008,PO-52336,TX-01008,CA01,2025,RE,100034,S034,2025-05-26,2025-05-26,2025-07-10,2025-07-08,2025-07-08,PAY6959732,311868.32,CAD,Paid,Net 45,0
INV-01401,PO-24532,TX-01401,CA01,2025,RE,100029,S029,2025-10-28,2025-10-29,2025-11-27,2025-11-24,2025-11-24,PAY6340998,4157.97,CAD,Paid,Net 30,0
INV-00813,PO-55209,TX-00813,CA01,2025,RE,100006,S006,2025-06-01,2025-06-03,2025-07-16,2025-07-11,2025-07-11,PAY6906222,45857.56,CAD,Paid,Net 45,0
INV-00557,PO-19965,TX-00557,CA01,2024,RE,100040,S040,2024-06-29,2024-06-29,2024-08-28,2024-08-27,2024-08-27,PAY6499284,2990.87,CAD,Paid,Net 60,0
INV-00114,PO-84000,TX-00114,CA01,2023,RE,100028,S028,2023-02-15,2023-02-17,2023-04-01,2023-03-30,2023-03-30,PAY6489887,10215.62,CAD,Paid,Net 45,0
INV-01934,PO-33061,TX-01934,CA01,2023,RE,100024,S024,2023-04-19,2023-04-20,2023-05-19,2023-05-16,2023-05-16,PAY6913203,9241.58,CAD,Paid,Net 30,0
INV-00235,PO-44282,TX-00235,CA01,2024,RE,100025,S025,2024-07-01,2024-07-01,2024-07-31,2024-07-29,2024-07-29,PAY6566843,7266.62,CAD,Paid,Net 30,0
INV-01327,PO-19835,TX-01327,CA01,2023,RE,100040,S040,2023-04-24,2023-04-25,2023-06-23,2023-06-22,2023-06-22,PAY6980269,22853.75,CAD,Paid,Net 60,0
INV-02347,PO-88492,TX-02347,CA01,2025,RE,100039,S039,2025-12-19,2025-12-20,2026-02-02,,,,9893.38,CAD,Pending,Net 45,0
INV-00502,PO-94072,TX-00502,CA01,2023,RE,100039,S039,2023-02-07,2023-02-07,2023-03-24,2023-03-23,2023-03-23,PAY6285647,6173.72,CAD,Paid,Net 45,0
INV-00981,PO-46039,TX-00981,CA01,2023,RE,100025,S025,2023-02-12,2023-02-12,2023-03-14,2023-03-11,2023-03-11,PAY6575191,2832.73,CAD,Paid,Net 30,0
INV-02199,PO-27187,TX-02199,CA01,2024,RE,100018,S018,2024-04-20,2024-04-20,2024-05-20,2024-05-20,2024-05-20,PAY6466453,93371.17,CAD,Paid,Net 30,0
INV-02102,PO-42032,TX-02102,CA01,2023,RE,100038,S038,2023-09-22,2023-09-22,2023-10-22,2023-10-21,2023-10-21,PAY6141678,45604.86,CAD,Paid,Net 30,0
INV-00497,PO-77357,TX-00497,CA01,2023,RE,100006,S006,2023-04-01,2023-04-01,2023-05-16,2023-05-15,2023-05-15,PAY6994559,65256.57,CAD,Paid,Net 45,0
INV-00798,PO-48209,TX-00798,CA01,2023,RE,100003,S003,2023-10-03,2023-10-03,2023-10-18,2023-10-13,2023-10-13,PAY6731510,19195.8,CAD,Paid,Net 15,0
INV-01571,PO-87059,TX-01571,CA01,2024,RE,100024,S024,2024-08-14,2024-08-14,2024-09-13,,,,9231.52,CAD,Pending,Net 30,0
INV-02046,PO-83719,TX-02046,CA01,2024,RE,100035,S035,2024-05-11,2024-05-13,2024-06-25,,,,83384.77,CAD,Overdue,Net 45,0
INV-00762,PO-98918,TX-00762,CA01,2024,RE,100026,S026,2024-03-28,2024-03-29,2024-04-27,2024-04-26,2024-04-26,PAY6565484,6753.08,CAD,Paid,Net 30,0
INV-00433,PO-53426,TX-00433,CA01,2023,RE,100018,S018,2023-07-06,2023-07-06,2023-08-05,2023-08-04,2023-08-04,PAY6185636,12954.11,CAD,Paid,Net 30,0
INV-00692,PO-34931,TX-00692,CA01,2023,RE,100026,S026,2023-02-22,2023-02-24,2023-03-24,,,,176936.39,CAD,Pending,Net 30,0
INV-01973,PO-86397,TX-01973,CA01,2023,RE,100033,S033,2023-12-10,2023-12-12,2024-01-09,2024-01-04,2024-01-04,PAY6619531,91346.36,CAD,Paid,Net 30,0
INV-01541,PO-96954,TX-01541,CA01,2025,RE,100018,S018,2025-12-13,2025-12-15,2026-01-12,2026-01-12,2026-01-12,PAY6626612,42103.93,CAD,Paid,Net 30,0
INV-00773,PO-33053,TX-00773,CA01,2025,RE,100033,S033,2025-07-23,2025-07-24,2025-08-22,2025-08-18,2025-08-18,PAY6478720,34397.64,CAD,Paid,Net 30,0
INV-01936,PO-26270,TX-01936,CA01,2023,RE,100007,S007,2023-08-03,2023-08-03,2023-09-02,,,,58480.09,CAD,Overdue,Net 30,0
INV-00830,PO-78566,TX-00830,CA01,2025,RE,100035,S035,2025-01-13,2025-01-15,2025-02-27,2025-02-23,2025-02-23,PAY6661701,24536.08,CAD,Paid,Net 45,0
INV-00725,PO-99662,TX-00725,CA01,2025,RE,100040,S040,2025-12-09,2025-12-10,2026-02-07,,,,21374.15,CAD,Overdue,Net 60,0
INV-00366,PO-30658,TX-00366,CA01,2024,RE,100034,S034,2024-09-25,2024-09-26,2024-11-09,,,,125604.05,CAD,Pending,Net 45,0
INV-00378,PO-17679,TX-00378,CA01,2024,RE,100032,S032,2024-10-20,2024-10-21,2024-12-19,2024-12-18,2024-12-18,PAY6785290,27029.58,CAD,Paid,Net 60,0
INV-01620,PO-30263,TX-01620,CA01,2024,RE,100006,S006,2024-09-09,2024-09-11,2024-10-24,2024-10-24,2024-10-24,PAY6666738,61675.4,CAD,Paid,Net 45,0
INV-01404,PO-88400,TX-01404,CA01,2023,RE,100026,S026,2023-03-16,2023-03-16,2023-04-15,,,,7099.15,CAD,Overdue,Net 30,0
INV-02196,PO-65307,TX-02196,CA01,2024,RE,100035,S035,2024-07-27,2024-07-29,2024-09-10,2024-09-08,2024-09-08,PAY6919909,58991.83,CAD,Paid,Net 45,0
INV-01814,PO-79420,TX-01814,CA01,2024,RE,100018,S018,2024-09-29,2024-10-01,2024-10-29,2024-10-24,2024-10-24,PAY6591380,56652.26,CAD,Paid,Net 30,0
INV-01508,PO-21971,TX-01508,CA01,2023,RE,100034,S034,2023-12-14,2023-12-14,2024-01-28,2024-01-23,2024-01-23,PAY6456106,7295.43,CAD,Paid,Net 45,0
INV-01160,PO-19248,TX-01160,CA01,2025,RE,100026,S026,2025-05-24,2025-05-24,2025-06-23,2025-06-23,2025-06-23,PAY6548887,28075.94,CAD,Paid,Net 30,0
INV-01373,PO-53425,TX-01373,CA01,2023,RE,100009,S009,2023-07-25,2023-07-25,2023-08-24,2023-08-21,2023-08-21,PAY6670864,118549.96,CAD,Paid,Net 30,0
INV-01543,PO-49489,TX-01543,CA01,2023,RE,100038,S038,2023-01-08,2023-01-09,2023-02-07,,,,15477.17,CAD,Pending,Net 30,0
INV-01635,PO-28385,TX-01635,CA01,2024,RE,100034,S034,2024-06-17,2024-06-17,2024-08-01,,,,65901.54,CAD,Pending,Net 45,0
INV-01719,PO-19307,TX-01719,CA01,2023,RE,100033,S033,2023-04-23,2023-04-25,2023-05-23,2023-05-18,2023-05-18,PAY6670593,79966.87,CAD,Paid,Net 30,0
INV-00520,PO-33480,TX-00520,CA01,2023,RE,100029,S029,2023-12-12,2023-12-12,2024-01-11,,,,2794.25,CAD,Pending,Net 30,0
INV-00599,PO-97385,TX-00599,CA01,2024,RE,100009,S009,2024-09-07,2024-09-09,2024-10-07,2024-10-05,2024-10-05,PAY6559713,51338.25,CAD,Paid,Net 30,0
INV-01245,PO-75967,TX-01245,CA01,2023,RE,100003,S003,2023-11-18,2023-11-19,2023-12-03,2023-11-29,2023-11-29,PAY6324703,6225.09,CAD,Paid,Net 15,0
INV-00218,PO-51124,TX-00218,CA01,2024,RE,100037,S037,2024-10-28,2024-10-30,2024-11-27,,,,81592.09,CAD,Overdue,Net 30,0
INV-01300,PO-23555,TX-01300,CA01,2023,RE,100031,S031,2023-06-20,2023-06-22,2023-08-04,2023-07-31,2023-07-31,PAY6953075,342751.02,CAD,Paid,Net 45,0
INV-02238,PO-59844,TX-02238,CA01,2024,RE,100029,S029,2024-03-21,2024-03-21,2024-04-20,2024-04-20,2024-04-20,PAY6364032,664.5,CAD,Paid,Net 30,0
INV-01042,PO-21109,TX-01042,CA01,2023,RE,100039,S039,2023-11-19,2023-11-19,2024-01-03,2023-12-30,2023-12-30,PAY6505048,37359.97,CAD,Paid,Net 45,0
INV-01892,PO-37991,TX-01892,CA01,2023,RE,100003,S003,2023-10-13,2023-10-15,2023-10-28,2023-10-28,2023-10-28,PAY6565883,8019.93,CAD,Paid,Net 15,0
INV-00331,PO-22475,TX-00331,CA01,2024,RE,100016,S016,2024-09-24,2024-09-24,2024-10-09,,,,101201.91,CAD,Pending,Net 15,0
INV-01762,PO-74298,TX-01762,CA01,2025,RE,100039,S039,2025-03-09,2025-03-10,2025-04-23,2025-04-18,2025-04-18,PAY6238161,34874.67,CAD,Paid,Net 45,0
INV-01688,PO-73871,TX-01688,CA01,2024,RE,100004,S004,2024-06-10,2024-06-11,2024-07-10,2024-07-10,2024-07-10,PAY6843797,6675.77,CAD,Paid,Net 30,0
INV-01415,PO-55434,TX-01415,CA01,2024,RE,100029,S029,2024-10-18,2024-10-18,2024-11-17,,,,7438.11,CAD,Overdue,Net 30,0
INV-02006,PO-23575,TX-02006,CA01,2024,RE,100025,S025,2024-12-27,2024-12-28,2025-01-26,2025-01-21,2025-01-21,PAY6093904,977.45,CAD,Paid,Net 30,0
INV-00430,PO-54979,TX-00430,CA01,2023,RE,100039,S039,2023-03-21,2023-03-21,2023-05-05,,,,58901.93,CAD,Pending,Net 45,0
INV-00298,PO-23886,TX-00298,CA01,2025,RE,100005,S005,2025-03-31,2025-04-02,2025-04-30,2025-04-30,2025-04-30,PAY6463324,29551.07,CAD,Paid,Net 30,0
INV-00269,PO-79391,TX-00269,CA01,2023,RE,100030,S030,2023-01-21,2023-01-23,2023-02-20,2023-02-20,2023-02-20,PAY6322823,39175.75,CAD,Paid,Net 30,0
INV-02129,PO-28672,TX-02129,CA01,2023,RE,100003,S003,2023-01-13,2023-01-14,2023-01-28,2023-01-23,2023-01-23,PAY6383551,78013.72,CAD,Paid,Net 15,0
INV-01600,PO-86445,TX-01600,CA01,2025,RE,100037,S037,2025-03-01,2025-03-01,2025-03-31,2025-03-31,2025-03-31,PAY6432227,13013.31,CAD,Paid,Net 30,0
INV-02076,PO-88539,TX-02076,CA01,2023,RE,100006,S006,2023-03-26,2023-03-26,2023-05-10,,,,75716.69,CAD,Pending,Net 45,0
INV-00411,PO-73646,TX-00411,CA01,2024,RE,100009,S009,2024-12-11,2024-12-12,2025-01-10,,,,66447.27,CAD,Pending,Net 30,0
INV-00980,PO-84743,TX-00980,CA01,2023,RE,100028,S028,2023-06-26,2023-06-28,2023-08-10,2023-08-07,2023-08-07,PAY6272427,40355.46,CAD,Paid,Net 45,0
INV-00825,PO-81265,TX-00825,CA01,2024,RE,100027,S027,2024-01-18,2024-01-19,2024-02-17,2024-02-14,2024-02-14,PAY6163281,116570.35,CAD,Paid,Net 30,0
INV-02396,PO-42947,TX-02396,CA01,2025,RE,100038,S038,2025-06-02,2025-06-04,2025-07-02,2025-06-29,2025-06-29,PAY6318319,27697.78,CAD,Paid,Net 30,0
INV-01772,PO-32589,TX-01772,CA01,2023,RE,100038,S038,2023-02-21,2023-02-21,2023-03-23,2023-03-23,2023-03-23,PAY6011068,28737.1,CAD,Paid,Net 30,0
INV-00537,PO-59969,TX-00537,CA01,2023,RE,100039,S039,2023-04-05,2023-04-07,2023-05-20,,,,31806.72,CAD,Pending,Net 45,0
INV-02234,PO-63754,TX-02234,CA01,2023,RE,100040,S040,2023-11-13,2023-11-14,2024-01-12,2024-01-08,2024-01-08,PAY6000096,2739.26,CAD,Paid,Net 60,0
INV-00891,PO-27499,TX-00891,CA01,2025,RE,100037,S037,2025-04-25,2025-04-25,2025-05-25,2025-05-23,2025-05-23,PAY6548736,46501.57,CAD,Paid,Net 30,0
INV-01291,PO-14282,TX-01291,CA01,2025,RE,100033,S033,2025-05-03,2025-05-04,2025-06-02,2025-05-30,2025-05-30,PAY6854987,22032.28,CAD,Paid,Net 30,0
INV-01365,PO-85781,TX-01365,CA01,2024,RE,100009,S009,2024-10-03,2024-10-04,2024-11-02,2024-10-28,2024-10-28,PAY6795128,24372.09,CAD,Paid,Net 30,0
INV-01978,PO-50543,TX-01978,CA01,2024,RE,100028,S028,2024-09-20,2024-09-22,2024-11-04,,,,42018.89,CAD,Overdue,Net 45,0
INV-00184,PO-42717,TX-00184,CA01,2025,RE,100027,S027,2025-12-24,2025-12-25,2026-01-23,2026-01-22,2026-01-22,PAY6889136,34439.33,CAD,Paid,Net 30,0
INV-01921,PO-68213,TX-01921,CA01,2024,RE,100039,S039,2024-04-24,2024-04-26,2024-06-08,,,,1400.84,CAD,Pending,Net 45,0
INV-00375,PO-64949,TX-00375,CA01,2025,RE,100030,S030,2025-09-10,2025-09-10,2025-10-10,,,,5456.81,CAD,Pending,Net 30,0
INV-01295,PO-76093,TX-01295,CA01,2023,RE,100039,S039,2023-11-27,2023-11-29,2024-01-11,2024-01-10,2024-01-10,PAY6142921,6074.66,CAD,Paid,Net 45,0
INV-01148,PO-39482,TX-01148,CA01,2023,RE,100028,S028,2023-09-09,2023-09-09,2023-10-24,2023-10-19,2023-10-19,PAY6360589,4808.75,CAD,Paid,Net 45,0
INV-01389,PO-97197,TX-01389,CA01,2023,RE,100038,S038,2023-03-04,2023-03-06,2023-04-03,2023-03-29,2023-03-29,PAY6300692,16465.97,CAD,Paid,Net 30,0
INV-01144,PO-33544,TX-01144,CA01,2023,RE,100036,S036,2023-12-13,2023-12-14,2024-01-12,2024-01-07,2024-01-07,PAY6491989,22686.49,CAD,Paid,Net 30,0
INV-01714,PO-67392,TX-01714,CA01,2024,RE,100034,S034,2024-07-09,2024-07-11,2024-08-23,2024-08-23,2024-08-23,PAY6561091,11759.7,CAD,Paid,Net 45,0
INV-01134,PO-51409,TX-01134,CA01,2024,RE,100037,S037,2024-04-06,2024-04-08,2024-05-06,2024-05-04,2024-05-04,PAY6008721,1723.8,CAD,Paid,Net 30,0
INV-01797,PO-74920,TX-01797,CA01,2025,RE,100039,S039,2025-12-25,2025-12-25,2026-02-08,,,,17156.88,CAD,Overdue,Net 45,0
INV-01584,PO-89915,TX-01584,CA01,2024,RE,100039,S039,2024-01-29,2024-01-30,2024-03-14,,,,40837.33,CAD,Pending,Net 45,0
INV-00205,PO-98148,TX-00205,CA01,2024,RE,100033,S033,2024-08-03,2024-08-05,2024-09-02,2024-08-30,2024-08-30,PAY6721179,137889.65,CAD,Paid,Net 30,0
INV-00812,PO-97394,TX-00812,CA01,2024,RE,100038,S038,2024-10-17,2024-10-18,2024-11-16,,,,32503.01,CAD,Pending,Net 30,0
INV-00320,PO-46842,TX-00320,CA01,2024,RE,100017,S017,2024-03-04,2024-03-06,2024-04-03,2024-03-29,2024-03-29,PAY6966879,77841.63,CAD,Paid,Net 30,0
INV-00256,PO-17552,TX-00256,CA01,2024,RE,100027,S027,2024-04-07,2024-04-09,2024-05-07,2024-05-07,2024-05-07,PAY6515827,38767.56,CAD,Paid,Net 30,0
INV-01007,PO-90538,TX-01007,CA01,2023,RE,100032,S032,2023-02-18,2023-02-19,2023-04-19,,,,353035.62,CAD,Overdue,Net 60,0
INV-00029,PO-98184,TX-00029,CA01,2024,RE,100009,S009,2024-11-23,2024-11-25,2024-12-23,2024-12-18,2024-12-18,PAY6992956,31750.85,CAD,Paid,Net 30,0
INV-02393,PO-39069,TX-02393,CA01,2023,RE,100003,S003,2023-04-09,2023-04-10,2023-04-24,2023-04-20,2023-04-20,PAY6792170,13709.57,CAD,Paid,Net 15,0
INV-00080,PO-73532,TX-00080,CA01,2024,RE,100026,S026,2024-07-05,2024-07-07,2024-08-04,,,,85231.55,CAD,Pending,Net 30,0
INV-01831,PO-27284,TX-01831,CA01,2024,RE,100040,S040,2024-11-01,2024-11-01,2024-12-31,2024-12-29,2024-12-29,PAY6500241,34613.97,CAD,Paid,Net 60,0
INV-02399,PO-62044,TX-02399,CA01,2025,RE,100004,S004,2025-07-11,2025-07-12,2025-08-10,,,,20682.51,CAD,Pending,Net 30,0
INV-00325,PO-22208,TX-00325,CA01,2025,RE,100033,S033,2025-09-27,2025-09-29,2025-10-27,2025-10-23,2025-10-23,PAY6314164,11249.63,CAD,Paid,Net 30,0
INV-01986,PO-33660,TX-01986,CA01,2024,RE,100016,S016,2024-05-12,2024-05-14,2024-05-27,,,,49773.24,CAD,Pending,Net 15,0
INV-02051,PO-41615,TX-02051,CA01,2024,RE,100007,S007,2024-05-29,2024-05-29,2024-06-28,,,,109215.28,CAD,Pending,Net 30,0
INV-01020,PO-88010,TX-01020,CA01,2024,RE,100004,S004,2024-11-07,2024-11-08,2024-12-07,2024-12-03,2024-12-03,PAY6009576,6457.77,CAD,Paid,Net 30,0
INV-01244,PO-94521,TX-01244,CA01,2024,RE,100037,S037,2024-09-08,2024-09-10,2024-10-08,2024-10-03,2024-10-03,PAY6803072,58777.46,CAD,Paid,Net 30,0
INV-00797,PO-36772,TX-00797,CA01,2024,RE,100007,S007,2024-07-24,2024-07-24,2024-08-23,2024-08-22,2024-08-22,PAY6451344,7690.69,CAD,Paid,Net 30,0
INV-02116,PO-25181,TX-02116,CA01,2025,RE,100037,S037,2025-12-11,2025-12-13,2026-01-10,2026-01-07,2026-01-07,PAY6836726,44990.57,CAD,Paid,Net 30,0
INV-02230,PO-86923,TX-02230,CA01,2023,RE,100007,S007,2023-11-09,2023-11-10,2023-12-09,2023-12-09,2023-12-09,PAY6307151,35373.81,CAD,Paid,Net 30,0
INV-01677,PO-88765,TX-01677,CA01,2023,RE,100017,S017,2023-02-06,2023-02-08,2023-03-08,2023-03-04,2023-03-04,PAY6626003,29022.92,CAD,Paid,Net 30,0
INV-00941,PO-88918,TX-00941,CA01,2025,RE,100006,S006,2025-11-06,2025-11-08,2025-12-21,2025-12-16,2025-12-16,PAY6242446,70592.42,CAD,Paid,Net 45,0
INV-01129,PO-21854,TX-01129,CA01,2023,RE,100026,S026,2023-10-10,2023-10-12,2023-11-09,2023-11-05,2023-11-05,PAY6835471,96633.39,CAD,Paid,Net 30,0
INV-00101,PO-42850,TX-00101,CA01,2024,RE,100028,S028,2024-04-20,2024-04-22,2024-06-04,,,,43366.33,CAD,Pending,Net 45,0
INV-02351,PO-23527,TX-02351,CA01,2023,RE,100029,S029,2023-12-06,2023-12-06,2024-01-05,,,,2940.36,CAD,Overdue,Net 30,0
INV-01830,PO-90357,TX-01830,CA01,2025,RE,100038,S038,2025-06-10,2025-06-10,2025-07-10,2025-07-10,2025-07-10,PAY6007568,27449.36,CAD,Paid,Net 30,0
INV-00962,PO-41632,TX-00962,CA01,2023,RE,100034,S034,2023-03-01,2023-03-02,2023-04-15,2023-04-13,2023-04-13,PAY6574842,146782.72,CAD,Paid,Net 45,0
INV-01641,PO-66675,TX-01641,CA01,2024,RE,100033,S033,2024-11-30,2024-11-30,2024-12-30,2024-12-30,2024-12-30,PAY6391794,113253.33,CAD,Paid,Net 30,0
INV-00717,PO-81449,TX-00717,CA01,2024,RE,100039,S039,2024-10-17,2024-10-17,2024-12-01,2024-12-01,2024-12-01,PAY6197731,30858.92,CAD,Paid,Net 45,0
INV-02111,PO-35288,TX-02111,CA01,2023,RE,100007,S007,2023-09-24,2023-09-25,2023-10-24,2023-10-21,2023-10-21,PAY6431736,93559.01,CAD,Paid,Net 30,0
INV-00179,PO-52981,TX-00179,CA01,2024,RE,100038,S038,2024-01-08,2024-01-08,2024-02-07,2024-02-06,2024-02-06,PAY6925013,19299.42,CAD,Paid,Net 30,0
INV-00875,PO-18333,TX-00875,CA01,2023,RE,100040,S040,2023-02-16,2023-02-16,2023-04-17,2023-04-13,2023-04-13,PAY6587783,9125.31,CAD,Paid,Net 60,0
INV-02197,PO-25552,TX-02197,CA01,2024,RE,100035,S035,2024-08-19,2024-08-20,2024-10-03,2024-10-02,2024-10-02,PAY6458339,9231.59,CAD,Paid,Net 45,0
INV-01599,PO-26849,TX-01599,CA01,2025,RE,100034,S034,2025-06-24,2025-06-25,2025-08-08,2025-08-06,2025-08-06,PAY6413927,70734.01,CAD,Paid,Net 45,0
INV-00265,PO-70401,TX-00265,CA01,2024,RE,100040,S040,2024-11-28,2024-11-29,2025-01-27,,,,44912.07,CAD,Pending,Net 60,0
INV-00462,PO-22483,TX-00462,CA01,2024,RE,100029,S029,2024-11-29,2024-12-01,2024-12-29,,,,7432.39,CAD,Pending,Net 30,0
INV-DUP-028,PO-20855,TX-DUP-028,CA01,2023,RE,100003,S003,2023-11-11,2023-11-13,2023-11-26,2023-11-22,2023-11-22,PAY6262035,12064.63,CAD,Paid,Net 15,0
INV-DUP-012,PO-73646,TX-DUP-012,CA01,2024,RE,100009,S009,2024-12-06,2024-12-07,2025-01-05,2025-01-04,2025-01-04,PAY6171200,66447.27,CAD,Paid,Net 30,0
INV-01421,PO-89788,TX-01421,CA01,2024,RE,100038,S038,2024-09-22,2024-09-23,2024-10-22,2024-10-20,2024-10-20,PAY6749666,3862.38,CAD,Paid,Net 30,0
INV-01416,PO-40216,TX-01416,CA01,2023,RE,100039,S039,2023-06-15,2023-06-16,2023-07-30,2023-07-25,2023-07-25,PAY6772924,3776.19,CAD,Paid,Net 45,0
INV-00971,PO-25566,TX-00971,CA01,2025,RE,100028,S028,2025-07-27,2025-07-29,2025-09-10,2025-09-07,2025-09-07,PAY6677370,104885.11,CAD,Paid,Net 45,0
INV-00745,PO-18177,TX-00745,CA01,2024,RE,100034,S034,2024-10-27,2024-10-29,2024-12-11,2024-12-09,2024-12-09,PAY6408654,116899.95,CAD,Paid,Net 45,0
INV-00589,PO-99737,TX-00589,CA01,2025,RE,100025,S025,2025-05-21,2025-05-21,2025-06-20,2025-06-19,2025-06-19,PAY6868668,7765.07,CAD,Paid,Net 30,0
INV-DUP-027,PO-97612,TX-DUP-027,CA01,2023,RE,100030,S030,2023-09-24,2023-09-24,2023-10-24,,,,32112.74,CAD,Overdue,Net 30,0
INV-00357,PO-41795,TX-00357,CA01,2024,RE,100026,S026,2024-02-17,2024-02-18,2024-03-18,,,,41609.11,CAD,Pending,Net 30,0
INV-02382,PO-31091,TX-02382,CA01,2025,RE,100001,S001,2025-12-03,2025-12-05,2026-01-02,2026-01-02,2026-01-02,PAY6396737,55036.11,CAD,Paid,Net 30,0
INV-01236,PO-60413,TX-01236,CA01,2026,RE,100039,S039,2026-01-04,2026-01-06,2026-02-18,,,,27849.2,CAD,Pending,Net 45,0
INV-01070,PO-59958,TX-01070,CA01,2023,RE,100004,S004,2023-06-03,2023-06-05,2023-07-03,,,,40162.67,CAD,Overdue,Net 30,0
INV-00390,PO-32005,TX-00390,CA01,2024,RE,100026,S026,2024-11-12,2024-11-13,2024-12-12,2024-12-08,2024-12-08,PAY6231307,52537.74,CAD,Paid,Net 30,0
INV-01262,PO-72031,TX-01262,CA01,2023,RE,100035,S035,2023-05-27,2023-05-27,2023-07-11,2023-07-08,2023-07-08,PAY6275754,51148.77,CAD,Paid,Net 45,0
INV-01433,PO-20155,TX-01433,CA01,2024,RE,100040,S040,2024-12-28,2024-12-29,2025-02-26,2025-02-25,2025-02-25,PAY6083057,3077.61,CAD,Paid,Net 60,0
INV-01656,PO-18019,TX-01656,CA01,2023,RE,100002,S002,2023-11-20,2023-11-20,2023-12-20,2023-12-15,2023-12-15,PAY6442750,7834.85,CAD,Paid,Net 30,0
INV-02285,PO-21014,TX-02285,CA01,2023,RE,100025,S025,2023-06-26,2023-06-26,2023-07-26,2023-07-23,2023-07-23,PAY6655698,3082.85,CAD,Paid,Net 30,0
INV-01579,PO-62575,TX-01579,CA01,2024,RE,100024,S024,2024-08-22,2024-08-23,2024-09-21,2024-09-19,2024-09-19,PAY6251198,788.51,CAD,Paid,Net 30,0
INV-01420,PO-96497,TX-01420,CA01,2025,RE,100004,S004,2025-07-02,2025-07-02,2025-08-01,2025-07-31,2025-07-31,PAY6541704,1776.52,CAD,Paid,Net 30,0
INV-01311,PO-45608,TX-01311,CA01,2025,RE,100017,S017,2025-09-30,2025-09-30,2025-10-30,2025-10-30,2025-10-30,PAY6801676,35538.7,CAD,Paid,Net 30,0
INV-00309,PO-32613,TX-00309,CA01,2023,RE,100039,S039,2023-08-23,2023-08-25,2023-10-07,2023-10-07,2023-10-07,PAY6838817,30661.02,CAD,Paid,Net 45,0
INV-00347,PO-96252,TX-00347,CA01,2025,RE,100026,S026,2025-07-24,2025-07-24,2025-08-23,2025-08-18,2025-08-18,PAY6954156,17888.12,CAD,Paid,Net 30,0
INV-02270,PO-15543,TX-02270,CA01,2024,RE,100031,S031,2024-05-27,2024-05-28,2024-07-11,2024-07-11,2024-07-11,PAY6643003,273582.06,CAD,Paid,Net 45,0
INV-00481,PO-47477,TX-00481,CA01,2025,RE,100006,S006,2025-05-08,2025-05-09,2025-06-22,2025-06-22,2025-06-22,PAY6846803,185457.53,CAD,Paid,Net 45,0
INV-00437,PO-51079,TX-00437,CA01,2024,RE,100027,S027,2024-01-12,2024-01-12,2024-02-11,2024-02-07,2024-02-07,PAY6727632,64868.64,CAD,Paid,Net 30,0
INV-01955,PO-53273,TX-01955,CA01,2025,RE,100038,S038,2025-11-03,2025-11-05,2025-12-03,2025-11-28,2025-11-28,PAY6717897,8336.88,CAD,Paid,Net 30,0
INV-01351,PO-69325,TX-01351,CA01,2023,RE,100017,S017,2023-07-17,2023-07-19,2023-08-16,,,,18934.65,CAD,Pending,Net 30,0
INV-00722,PO-75762,TX-00722,CA01,2023,RE,100024,S024,2023-01-17,2023-01-17,2023-02-16,2023-02-13,2023-02-13,PAY6285071,10014.45,CAD,Paid,Net 30,0
INV-02284,PO-33570,TX-02284,CA01,2023,RE,100001,S001,2023-04-10,2023-04-10,2023-05-10,2023-05-09,2023-05-09,PAY6298505,13214.92,CAD,Paid,Net 30,0
INV-02232,PO-20832,TX-02232,CA01,2024,RE,100024,S024,2024-02-08,2024-02-09,2024-03-09,2024-03-09,2024-03-09,PAY6679956,10926.41,CAD,Paid,Net 30,0
INV-01911,PO-86491,TX-01911,CA01,2024,RE,100008,S008,2024-06-10,2024-06-10,2024-07-10,2024-07-06,2024-07-06,PAY6779015,109792.55,CAD,Paid,Net 30,0
INV-00262,PO-71080,TX-00262,CA01,2025,RE,100039,S039,2025-01-12,2025-01-14,2025-02-26,2025-02-26,2025-02-26,PAY6557783,12405.37,CAD,Paid,Net 45,0
INV-02029,PO-19463,TX-02029,CA01,2023,RE,100024,S024,2023-03-25,2023-03-25,2023-04-24,2023-04-19,2023-04-19,PAY6848097,1414.5,CAD,Paid,Net 30,0
INV-00505,PO-93105,TX-00505,CA01,2025,RE,100024,S024,2025-03-13,2025-03-14,2025-04-12,2025-04-07,2025-04-07,PAY6281880,13712.0,CAD,Paid,Net 30,0
INV-02077,PO-21624,TX-02077,CA01,2024,RE,100001,S001,2024-06-25,2024-06-26,2024-07-25,2024-07-25,2024-07-25,PAY6432961,30875.14,CAD,Paid,Net 30,0
INV-00993,PO-42884,TX-00993,CA01,2023,RE,100040,S040,2023-12-10,2023-12-11,2024-02-08,2024-02-06,2024-02-06,PAY6197132,8430.66,CAD,Paid,Net 60,0
INV-01293,PO-94467,TX-01293,CA01,2024,RE,100037,S037,2024-05-12,2024-05-13,2024-06-11,2024-06-06,2024-06-06,PAY6894940,39711.14,CAD,Paid,Net 30,0
INV-01488,PO-61595,TX-01488,CA01,2025,RE,100034,S034,2025-12-31,2026-01-01,2026-02-14,2026-02-13,2026-02-13,PAY6071789,111472.56,CAD,Paid,Net 45,0
INV-01179,PO-92729,TX-01179,CA01,2025,RE,100009,S009,2025-09-22,2025-09-22,2025-10-22,2025-10-19,2025-10-19,PAY6191267,20966.12,CAD,Paid,Net 30,0
INV-01666,PO-23792,TX-01666,CA01,2023,RE,100029,S029,2023-07-18,2023-07-18,2023-08-17,,,,4594.45,CAD,Pending,Net 30,0
INV-01321,PO-54222,TX-01321,CA01,2023,RE,100004,S004,2023-10-01,2023-10-01,2023-10-31,2023-10-29,2023-10-29,PAY6143260,31304.24,CAD,Paid,Net 30,0
INV-01957,PO-84618,TX-01957,CA01,2024,RE,100024,S024,2024-09-17,2024-09-17,2024-10-17,2024-10-15,2024-10-15,PAY6303662,112.83,CAD,Paid,Net 30,0
INV-01786,PO-96430,TX-01786,CA01,2023,RE,100030,S030,2023-03-31,2023-04-01,2023-04-30,2023-04-27,2023-04-27,PAY6115717,49209.67,CAD,Paid,Net 30,0
INV-01477,PO-31828,TX-01477,CA01,2023,RE,100027,S027,2023-04-10,2023-04-12,2023-05-10,,,,24109.95,CAD,Pending,Net 30,0
INV-01744,PO-58730,TX-01744,CA01,2024,RE,100002,S002,2024-11-12,2024-11-12,2024-12-12,2024-12-12,2024-12-12,PAY6667830,87517.84,CAD,Paid,Net 30,0
INV-00801,PO-29443,TX-00801,CA01,2024,RE,100018,S018,2024-06-21,2024-06-23,2024-07-21,,,,19215.62,CAD,Pending,Net 30,0
INV-02349,PO-88409,TX-02349,CA01,2023,RE,100034,S034,2023-10-13,2023-10-13,2023-11-27,2023-11-27,2023-11-27,PAY6477461,40536.01,CAD,Paid,Net 45,0
INV-01062,PO-46102,TX-01062,CA01,2024,RE,100027,S027,2024-10-04,2024-10-04,2024-11-03,,,,51300.73,CAD,Overdue,Net 30,0
INV-00316,PO-81046,TX-00316,CA01,2024,RE,100027,S027,2024-07-05,2024-07-07,2024-08-04,,,,157626.71,CAD,Overdue,Net 30,0
INV-01453,PO-76672,TX-01453,CA01,2025,RE,100016,S016,2025-01-31,2025-02-01,2025-02-15,,,,59354.9,CAD,Overdue,Net 15,0
INV-00719,PO-28873,TX-00719,CA01,2023,RE,100038,S038,2023-09-21,2023-09-21,2023-10-21,2023-10-20,2023-10-20,PAY6647736,1654.9,CAD,Paid,Net 30,0
INV-00709,PO-85260,TX-00709,CA01,2024,RE,100039,S039,2024-05-05,2024-05-05,2024-06-19,2024-06-19,2024-06-19,PAY6474760,12973.58,CAD,Paid,Net 45,0
INV-01275,PO-34127,TX-01275,CA01,2025,RE,100034,S034,2025-05-15,2025-05-15,2025-06-29,2025-06-27,2025-06-27,PAY6285353,189085.94,CAD,Paid,Net 45,0
INV-02272,PO-64339,TX-02272,CA01,2023,RE,100027,S027,2023-05-16,2023-05-18,2023-06-15,2023-06-13,2023-06-13,PAY6734498,23308.18,CAD,Paid,Net 30,0
INV-02213,PO-67610,TX-02213,CA01,2023,RE,100038,S038,2023-08-01,2023-08-02,2023-08-31,,,,22922.96,CAD,Pending,Net 30,0
INV-02215,PO-38062,TX-02215,CA01,2024,RE,100016,S016,2024-01-13,2024-01-15,2024-01-28,2024-01-23,2024-01-23,PAY6653004,23121.89,CAD,Paid,Net 15,0
INV-00407,PO-87994,TX-00407,CA01,2025,RE,100004,S004,2025-06-13,2025-06-15,2025-07-13,,,,17958.38,CAD,Overdue,Net 30,0
INV-01997,PO-83499,TX-01997,CA01,2024,RE,100029,S029,2024-08-13,2024-08-14,2024-09-12,2024-09-10,2024-09-10,PAY6515895,13523.61,CAD,Paid,Net 30,0
INV-00337,PO-56076,TX-00337,CA01,2023,RE,100027,S027,2023-07-26,2023-07-28,2023-08-25,2023-08-22,2023-08-22,PAY6196911,4889.72,CAD,Paid,Net 30,0
INV-01013,PO-41242,TX-01013,CA01,2024,RE,100038,S038,2024-11-21,2024-11-22,2024-12-21,2024-12-16,2024-12-16,PAY6336219,23401.17,CAD,Paid,Net 30,0
INV-00178,PO-20828,TX-00178,CA01,2025,RE,100034,S034,2025-10-21,2025-10-21,2025-12-05,2025-12-05,2025-12-05,PAY6020337,95759.28,CAD,Paid,Net 45,0
INV-DUP-008,PO-27779,TX-DUP-008,CA01,2023,RE,100033,S033,2023-11-26,2023-11-27,2023-12-26,2023-12-26,2023-12-26,PAY6159540,24078.67,CAD,Paid,Net 30,0
INV-DUP-022,PO-24651,TX-DUP-022,CA01,2023,RE,100039,S039,2023-09-15,2023-09-15,2023-10-30,2023-10-30,2023-10-30,PAY6052042,10408.92,CAD,Paid,Net 45,0
INV-01721,PO-85235,TX-01721,CA01,2025,RE,100016,S016,2025-10-13,2025-10-15,2025-10-28,,,,48188.45,CAD,Pending,Net 15,0
INV-00816,PO-18665,TX-00816,CA01,2025,RE,100017,S017,2025-09-06,2025-09-08,2025-10-06,2025-10-06,2025-10-06,PAY6560957,87818.45,CAD,Paid,Net 30,0
INV-01563,PO-78623,TX-01563,CA01,2024,RE,100030,S030,2024-12-11,2024-12-11,2025-01-10,2025-01-09,2025-01-09,PAY6023205,109739.54,CAD,Paid,Net 30,0
INV-00446,PO-16286,TX-00446,CA01,2024,RE,100033,S033,2024-06-11,2024-06-13,2024-07-11,2024-07-06,2024-07-06,PAY6194969,147460.4,CAD,Paid,Net 30,0
INV-01576,PO-84041,TX-01576,CA01,2023,RE,100030,S030,2023-11-18,2023-11-19,2023-12-18,2023-12-13,2023-12-13,PAY6107241,21456.61,CAD,Paid,Net 30,0
INV-00253,PO-49387,TX-00253,CA01,2023,RE,100034,S034,2023-10-27,2023-10-27,2023-12-11,2023-12-10,2023-12-10,PAY6295818,156153.48,CAD,Paid,Net 45,0
INV-02110,PO-78070,TX-02110,CA01,2025,RE,100003,S003,2025-10-06,2025-10-08,2025-10-21,2025-10-19,2025-10-19,PAY6282271,36763.35,CAD,Paid,Net 15,0
INV-02357,PO-47927,TX-02357,CA01,2023,RE,100025,S025,2023-07-14,2023-07-14,2023-08-13,2023-08-11,2023-08-11,PAY6131113,6102.06,CAD,Paid,Net 30,0
INV-01175,PO-65702,TX-01175,CA01,2024,RE,100038,S038,2024-01-31,2024-02-01,2024-03-01,2024-02-27,2024-02-27,PAY6749937,68954.5,CAD,Paid,Net 30,0
INV-00465,PO-39190,TX-00465,CA01,2024,RE,100026,S026,2024-05-09,2024-05-10,2024-06-08,2024-06-04,2024-06-04,PAY6459713,28542.97,CAD,Paid,Net 30,0
INV-01792,PO-41056,TX-01792,CA01,2024,RE,100008,S008,2024-01-05,2024-01-07,2024-02-04,2024-02-02,2024-02-02,PAY6762427,20426.2,CAD,Paid,Net 30,0
INV-01238,PO-83187,TX-01238,CA01,2023,RE,100008,S008,2023-01-13,2023-01-14,2023-02-12,2023-02-07,2023-02-07,PAY6008602,50187.62,CAD,Paid,Net 30,0
INV-00055,PO-46211,TX-00055,CA01,2025,RE,100028,S028,2025-09-27,2025-09-27,2025-11-11,2025-11-11,2025-11-11,PAY6244119,35887.04,CAD,Paid,Net 45,0
INV-00872,PO-50703,TX-00872,CA01,2024,RE,100018,S018,2024-05-02,2024-05-03,2024-06-01,2024-05-30,2024-05-30,PAY6094578,12873.21,CAD,Paid,Net 30,0
INV-00246,PO-80687,TX-00246,CA01,2025,RE,100006,S006,2025-02-13,2025-02-13,2025-03-30,2025-03-28,2025-03-28,PAY6158003,83877.9,CAD,Paid,Net 45,0
INV-01702,PO-44692,TX-01702,CA01,2025,RE,100039,S039,2025-10-22,2025-10-22,2025-12-06,2025-12-05,2025-12-05,PAY6015440,49502.98,CAD,Paid,Net 45,0
INV-01357,PO-90264,TX-01357,CA01,2024,RE,100039,S039,2024-02-02,2024-02-03,2024-03-18,2024-03-18,2024-03-18,PAY6517555,3235.65,CAD,Paid,Net 45,0
INV-00949,PO-23352,TX-00949,CA01,2023,RE,100030,S030,2023-08-20,2023-08-22,2023-09-19,2023-09-16,2023-09-16,PAY6227738,123767.73,CAD,Paid,Net 30,0
INV-00655,PO-45370,TX-00655,CA01,2024,RE,100027,S027,2024-02-02,2024-02-03,2024-03-03,2024-02-29,2024-02-29,PAY6358521,18577.98,CAD,Paid,Net 30,0
INV-00382,PO-21830,TX-00382,CA01,2025,RE,100037,S037,2025-10-06,2025-10-06,2025-11-05,2025-11-02,2025-11-02,PAY6440656,20528.48,CAD,Paid,Net 30,0
INV-02177,PO-61651,TX-02177,CA01,2024,RE,100035,S035,2024-01-12,2024-01-12,2024-02-26,2024-02-24,2024-02-24,PAY6326711,112855.69,CAD,Paid,Net 45,0
INV-00135,PO-24534,TX-00135,CA01,2025,RE,100040,S040,2025-05-01,2025-05-02,2025-06-30,,,,41333.6,CAD,Overdue,Net 60,0
INV-00263,PO-39002,TX-00263,CA01,2024,RE,100028,S028,2024-10-23,2024-10-25,2024-12-07,2024-12-04,2024-12-04,PAY6823892,100879.41,CAD,Paid,Net 45,0
INV-01494,PO-77427,TX-01494,CA01,2024,RE,100040,S040,2024-10-07,2024-10-09,2024-12-06,2024-12-01,2024-12-01,PAY6838297,46877.55,CAD,Paid,Net 60,0
INV-00365,PO-80244,TX-00365,CA01,2023,RE,100008,S008,2023-12-09,2023-12-09,2024-01-08,2024-01-05,2024-01-05,PAY6522605,41185.8,CAD,Paid,Net 30,0
INV-01398,PO-77796,TX-01398,CA01,2025,RE,100016,S016,2025-05-26,2025-05-26,2025-06-10,2025-06-07,2025-06-07,PAY6389438,101755.74,CAD,Paid,Net 15,0
INV-00991,PO-80836,TX-00991,CA01,2025,RE,100039,S039,2025-10-28,2025-10-30,2025-12-12,2025-12-07,2025-12-07,PAY6486208,21322.29,CAD,Paid,Net 45,0
INV-00312,PO-91187,TX-00312,CA01,2025,RE,100037,S037,2025-10-03,2025-10-04,2025-11-02,2025-11-01,2025-11-01,PAY6730789,12352.03,CAD,Paid,Net 30,0
INV-01723,PO-44144,TX-01723,CA01,2025,RE,100034,S034,2025-06-05,2025-06-05,2025-07-20,2025-07-20,2025-07-20,PAY6829868,134436.63,CAD,Paid,Net 45,0
INV-02045,PO-16003,TX-02045,CA01,2025,RE,100033,S033,2025-08-25,2025-08-25,2025-09-24,2025-09-23,2025-09-23,PAY6033278,172146.55,CAD,Paid,Net 30,0
INV-02095,PO-23392,TX-02095,CA01,2023,RE,100033,S033,2023-09-10,2023-09-12,2023-10-10,2023-10-05,2023-10-05,PAY6346290,57070.27,CAD,Paid,Net 30,0
INV-01349,PO-71940,TX-01349,CA01,2025,RE,100005,S005,2025-08-29,2025-08-30,2025-09-28,2025-09-23,2025-09-23,PAY6084120,26853.48,CAD,Paid,Net 30,0
INV-DUP-007,PO-69600,TX-DUP-007,CA01,2025,RE,100035,S035,2025-03-31,2025-04-02,2025-05-15,2025-05-15,2025-05-15,PAY6884522,90663.83,CAD,Paid,Net 45,0
INV-01330,PO-46771,TX-01330,CA01,2025,RE,100026,S026,2025-12-20,2025-12-21,2026-01-19,2026-01-18,2026-01-18,PAY6787029,22459.58,CAD,Paid,Net 30,0
INV-00667,PO-50378,TX-00667,CA01,2023,RE,100017,S017,2023-10-25,2023-10-26,2023-11-24,,,,25697.58,CAD,Pending,Net 30,0
INV-02290,PO-70324,TX-02290,CA01,2024,RE,100036,S036,2024-04-07,2024-04-08,2024-05-07,,,,24411.83,CAD,Pending,Net 30,0
INV-00051,PO-30052,TX-00051,CA01,2025,RE,100039,S039,2025-06-09,2025-06-09,2025-07-24,2025-07-24,2025-07-24,PAY6997871,62545.39,CAD,Paid,Net 45,0
INV-02373,PO-60475,TX-02373,CA01,2023,RE,100030,S030,2023-07-10,2023-07-12,2023-08-09,,,,19917.84,CAD,Pending,Net 30,0
INV-01100,PO-47122,TX-01100,CA01,2024,RE,100037,S037,2024-01-01,2024-01-03,2024-01-31,,,,23426.77,CAD,Overdue,Net 30,0
INV-00900,PO-62108,TX-00900,CA01,2025,RE,100027,S027,2025-07-31,2025-08-01,2025-08-30,2025-08-27,2025-08-27,PAY6153184,10424.0,CAD,Paid,Net 30,0
INV-02014,PO-57682,TX-02014,CA01,2024,RE,100038,S038,2024-11-30,2024-11-30,2024-12-30,,,,83671.51,CAD,Pending,Net 30,0
INV-00313,PO-63626,TX-00313,CA01,2025,RE,100003,S003,2025-09-20,2025-09-20,2025-10-05,2025-10-01,2025-10-01,PAY6058760,13202.98,CAD,Paid,Net 15,0
INV-01928,PO-21725,TX-01928,CA01,2023,RE,100035,S035,2023-02-17,2023-02-19,2023-04-03,2023-03-31,2023-03-31,PAY6279449,112781.29,CAD,Paid,Net 45,0
INV-00732,PO-88059,TX-00732,CA01,2025,RE,100025,S025,2025-12-22,2025-12-22,2026-01-21,,,,7049.81,CAD,Overdue,Net 30,0
INV-01435,PO-89556,TX-01435,CA01,2025,RE,100038,S038,2025-05-29,2025-05-29,2025-06-28,2025-06-24,2025-06-24,PAY6813331,15571.77,CAD,Paid,Net 30,0
INV-01289,PO-70810,TX-01289,CA01,2025,RE,100025,S025,2025-02-23,2025-02-24,2025-03-25,2025-03-20,2025-03-20,PAY6411484,2613.8,CAD,Paid,Net 30,0
INV-02187,PO-52630,TX-02187,CA01,2023,RE,100025,S025,2023-03-25,2023-03-25,2023-04-24,,,,912.34,CAD,Overdue,Net 30,0
INV-00096,PO-28758,TX-00096,CA01,2025,RE,100017,S017,2025-03-01,2025-03-02,2025-03-31,,,,29450.43,CAD,Pending,Net 30,0
INV-01695,PO-65290,TX-01695,CA01,2024,RE,100007,S007,2024-05-08,2024-05-10,2024-06-07,2024-06-04,2024-06-04,PAY6074852,65415.86,CAD,Paid,Net 30,0
INV-01771,PO-77829,TX-01771,CA01,2024,RE,100002,S002,2024-11-25,2024-11-25,2024-12-25,2024-12-24,2024-12-24,PAY6569578,8580.15,CAD,Paid,Net 30,0
INV-00127,PO-16743,TX-00127,CA01,2024,RE,100005,S005,2024-11-07,2024-11-09,2024-12-07,2024-12-03,2024-12-03,PAY6492984,25786.31,CAD,Paid,Net 30,0
INV-00571,PO-92557,TX-00571,CA01,2023,RE,100004,S004,2023-12-03,2023-12-05,2024-01-02,,,,7856.99,CAD,Pending,Net 30,0
INV-02067,PO-36909,TX-02067,CA01,2024,RE,100034,S034,2024-01-07,2024-01-07,2024-02-21,2024-02-18,2024-02-18,PAY6190425,13725.52,CAD,Paid,Net 45,0
INV-00007,PO-42018,TX-00007,CA01,2025,RE,100027,S027,2025-11-05,2025-11-05,2025-12-05,2025-12-03,2025-12-03,PAY6201528,67965.16,CAD,Paid,Net 30,0
INV-00959,PO-91836,TX-00959,CA01,2025,RE,100032,S032,2025-04-12,2025-04-14,2025-06-11,2025-06-07,2025-06-07,PAY6939208,59919.67,CAD,Paid,Net 60,0
INV-00400,PO-72071,TX-00400,CA01,2024,RE,100024,S024,2024-03-04,2024-03-04,2024-04-03,,,,1230.37,CAD,Overdue,Net 30,0
INV-02188,PO-32742,TX-02188,CA01,2024,RE,100034,S034,2024-11-03,2024-11-04,2024-12-18,2024-12-18,2024-12-18,PAY6882417,104566.55,CAD,Paid,Net 45,0
INV-02380,PO-33281,TX-02380,CA01,2023,RE,100031,S031,2023-12-19,2023-12-20,2024-02-02,,,,26806.71,CAD,Pending,Net 45,0
INV-02094,PO-35471,TX-02094,CA01,2024,RE,100003,S003,2024-02-26,2024-02-26,2024-03-12,,,,18037.57,CAD,Overdue,Net 15,0
INV-01397,PO-56725,TX-01397,CA01,2024,RE,100027,S027,2024-03-06,2024-03-08,2024-04-05,2024-03-31,2024-03-31,PAY6262227,47364.38,CAD,Paid,Net 30,0
INV-00820,PO-94513,TX-00820,CA01,2024,RE,100034,S034,2024-08-16,2024-08-16,2024-09-30,,,,116619.82,CAD,Pending,Net 45,0
INV-00881,PO-57578,TX-00881,CA01,2024,RE,100039,S039,2024-05-20,2024-05-20,2024-07-04,2024-06-29,2024-06-29,PAY6856949,85242.18,CAD,Paid,Net 45,0
INV-01183,PO-10905,TX-01183,CA01,2025,RE,100024,S024,2025-11-21,2025-11-23,2025-12-21,,,,7923.15,CAD,Pending,Net 30,0
INV-02143,PO-74499,TX-02143,CA01,2023,RE,100038,S038,2023-10-15,2023-10-17,2023-11-14,2023-11-13,2023-11-13,PAY6400112,20522.17,CAD,Paid,Net 30,0
INV-01784,PO-35168,TX-01784,CA01,2025,RE,100006,S006,2025-05-10,2025-05-11,2025-06-24,2025-06-21,2025-06-21,PAY6868485,111207.17,CAD,Paid,Net 45,0
INV-00948,PO-16608,TX-00948,CA01,2023,RE,100005,S005,2023-11-07,2023-11-09,2023-12-07,2023-12-04,2023-12-04,PAY6013228,67772.12,CAD,Paid,Net 30,0
INV-00911,PO-45755,TX-00911,CA01,2024,RE,100033,S033,2024-08-08,2024-08-09,2024-09-07,2024-09-07,2024-09-07,PAY6127885,11920.11,CAD,Paid,Net 30,0
INV-00456,PO-22183,TX-00456,CA01,2025,RE,100017,S017,2025-01-04,2025-01-06,2025-02-03,2025-01-31,2025-01-31,PAY6805459,137937.06,CAD,Paid,Net 30,0
INV-01967,PO-25496,TX-01967,CA01,2025,RE,100039,S039,2025-05-05,2025-05-05,2025-06-19,2025-06-16,2025-06-16,PAY6749398,3357.51,CAD,Paid,Net 45,0
INV-02181,PO-62907,TX-02181,CA01,2024,RE,100006,S006,2024-12-10,2024-12-11,2025-01-24,2025-01-24,2025-01-24,PAY6261055,121954.44,CAD,Paid,Net 45,0
INV-01520,PO-20855,TX-01520,CA01,2023,RE,100003,S003,2023-11-14,2023-11-15,2023-11-29,2023-11-29,2023-11-29,PAY6403489,12064.63,CAD,Paid,Net 15,0
INV-01841,PO-52868,TX-01841,CA01,2024,RE,100006,S006,2024-02-23,2024-02-24,2024-04-08,2024-04-06,2024-04-06,PAY6808688,61211.46,CAD,Paid,Net 45,0
INV-01632,PO-85069,TX-01632,CA01,2024,RE,100037,S037,2024-02-19,2024-02-19,2024-03-20,,,,44193.82,CAD,Overdue,Net 30,0
INV-02004,PO-91309,TX-02004,CA01,2024,RE,100036,S036,2024-01-27,2024-01-27,2024-02-26,2024-02-21,2024-02-21,PAY6464478,27003.52,CAD,Paid,Net 30,0
INV-01916,PO-84791,TX-01916,CA01,2025,RE,100035,S035,2025-05-31,2025-05-31,2025-07-15,2025-07-13,2025-07-13,PAY6259168,19286.01,CAD,Paid,Net 45,0
INV-01417,PO-40815,TX-01417,CA01,2025,RE,100032,S032,2025-02-06,2025-02-06,2025-04-07,,,,295645.03,CAD,Overdue,Net 60,0
INV-00052,PO-73372,TX-00052,CA01,2025,RE,100038,S038,2025-12-07,2025-12-07,2026-01-06,2026-01-06,2026-01-06,PAY6773449,28910.45,CAD,Paid,Net 30,0
INV-01386,PO-46482,TX-01386,CA01,2024,RE,100017,S017,2024-11-27,2024-11-28,2024-12-27,,,,67526.01,CAD,Pending,Net 30,0
INV-01824,PO-76077,TX-01824,CA01,2023,RE,100009,S009,2023-05-12,2023-05-12,2023-06-11,,,,44660.9,CAD,Pending,Net 30,0
INV-01328,PO-86474,TX-01328,CA01,2025,RE,100033,S033,2025-02-20,2025-02-21,2025-03-22,2025-03-17,2025-03-17,PAY6035138,33733.14,CAD,Paid,Net 30,0
INV-00336,PO-90750,TX-00336,CA01,2024,RE,100036,S036,2024-03-19,2024-03-19,2024-04-18,2024-04-13,2024-04-13,PAY6208855,21144.56,CAD,Paid,Net 30,0
INV-01317,PO-23489,TX-01317,CA01,2025,RE,100029,S029,2025-03-02,2025-03-04,2025-04-01,2025-03-28,2025-03-28,PAY6483220,1499.39,CAD,Paid,Net 30,0
INV-00398,PO-74349,TX-00398,CA01,2024,RE,100033,S033,2024-05-05,2024-05-06,2024-06-04,2024-05-30,2024-05-30,PAY6771041,30267.62,CAD,Paid,Net 30,0
INV-01019,PO-54514,TX-01019,CA01,2025,RE,100004,S004,2025-08-10,2025-08-12,2025-09-09,2025-09-05,2025-09-05,PAY6808447,63887.75,CAD,Paid,Net 30,0
INV-00231,PO-53343,TX-00231,CA01,2025,RE,100027,S027,2025-11-04,2025-11-05,2025-12-04,2025-11-29,2025-11-29,PAY6098524,18448.51,CAD,Paid,Net 30,0
INV-00100,PO-16428,TX-00100,CA01,2025,RE,100033,S033,2025-03-27,2025-03-29,2025-04-26,2025-04-22,2025-04-22,PAY6546453,92051.83,CAD,Paid,Net 30,0
INV-01021,PO-43591,TX-01021,CA01,2024,RE,100027,S027,2024-02-04,2024-02-04,2024-03-05,2024-03-04,2024-03-04,PAY6698359,40195.8,CAD,Paid,Net 30,0
INV-01988,PO-37664,TX-01988,CA01,2025,RE,100033,S033,2025-09-16,2025-09-16,2025-10-16,2025-10-11,2025-10-11,PAY6218572,227778.77,CAD,Paid,Net 30,0
INV-01802,PO-17917,TX-01802,CA01,2023,RE,100033,S033,2023-12-03,2023-12-03,2024-01-02,2023-12-31,2023-12-31,PAY6495793,6635.14,CAD,Paid,Net 30,0
INV-01394,PO-31245,TX-01394,CA01,2025,RE,100024,S024,2025-10-07,2025-10-08,2025-11-06,2025-11-02,2025-11-02,PAY6408024,2883.1,CAD,Paid,Net 30,0
INV-01729,PO-13976,TX-01729,CA01,2024,RE,100034,S034,2024-01-05,2024-01-07,2024-02-19,,,,130367.13,CAD,Overdue,Net 45,0
INV-01910,PO-10428,TX-01910,CA01,2023,RE,100018,S018,2023-05-29,2023-05-29,2023-06-28,2023-06-24,2023-06-24,PAY6714544,51096.9,CAD,Paid,Net 30,0
INV-00532,PO-91685,TX-00532,CA01,2025,RE,100017,S017,2025-04-23,2025-04-25,2025-05-23,2025-05-18,2025-05-18,PAY6327270,80228.48,CAD,Paid,Net 30,0
INV-01941,PO-47644,TX-01941,CA01,2023,RE,100037,S037,2023-04-04,2023-04-06,2023-05-04,2023-04-29,2023-04-29,PAY6981692,7560.67,CAD,Paid,Net 30,0
INV-01889,PO-64166,TX-01889,CA01,2023,RE,100035,S035,2023-05-20,2023-05-20,2023-07-04,2023-06-30,2023-06-30,PAY6338756,192801.82,CAD,Paid,Net 45,0
INV-01036,PO-34785,TX-01036,CA01,2024,RE,100006,S006,2024-05-17,2024-05-17,2024-07-01,,,,212631.97,CAD,Overdue,Net 45,0
INV-00887,PO-31016,TX-00887,CA01,2024,RE,100030,S030,2024-11-16,2024-11-18,2024-12-16,2024-12-16,2024-12-16,PAY6166316,103337.4,CAD,Paid,Net 30,0
INV-00361,PO-58823,TX-00361,CA01,2023,RE,100018,S018,2023-04-05,2023-04-05,2023-05-05,2023-05-02,2023-05-02,PAY6659726,149314.79,CAD,Paid,Net 30,0
INV-01999,PO-48314,TX-01999,CA01,2023,RE,100025,S025,2023-07-25,2023-07-25,2023-08-24,,,,2476.56,CAD,Pending,Net 30,0
INV-00573,PO-36077,TX-00573,CA01,2023,RE,100033,S033,2023-09-07,2023-09-07,2023-10-07,,,,78677.86,CAD,Pending,Net 30,0
INV-01780,PO-72505,TX-01780,CA01,2023,RE,100036,S036,2023-03-26,2023-03-27,2023-04-25,2023-04-20,2023-04-20,PAY6763611,12018.49,CAD,Paid,Net 30,0
INV-01671,PO-44446,TX-01671,CA01,2025,RE,100029,S029,2025-04-13,2025-04-15,2025-05-13,,,,2358.05,CAD,Pending,Net 30,0
INV-00743,PO-84195,TX-00743,CA01,2023,RE,100028,S028,2023-06-29,2023-07-01,2023-08-13,,,,43848.01,CAD,Pending,Net 45,0
INV-00429,PO-44003,TX-00429,CA01,2023,RE,100039,S039,2023-10-20,2023-10-21,2023-12-04,2023-11-29,2023-11-29,PAY6044235,48582.83,CAD,Paid,Net 45,0
INV-00321,PO-22481,TX-00321,CA01,2024,RE,100018,S018,2024-08-26,2024-08-28,2024-09-25,2024-09-24,2024-09-24,PAY6780900,18563.54,CAD,Paid,Net 30,0
INV-02173,PO-78732,TX-02173,CA01,2023,RE,100034,S034,2023-03-24,2023-03-24,2023-05-08,2023-05-05,2023-05-05,PAY6982957,129372.39,CAD,Paid,Net 45,0
INV-00576,PO-48188,TX-00576,CA01,2023,RE,100038,S038,2023-12-03,2023-12-05,2024-01-02,2023-12-31,2023-12-31,PAY6576276,12137.64,CAD,Paid,Net 30,0
INV-01141,PO-49855,TX-01141,CA01,2024,RE,100038,S038,2024-10-29,2024-10-29,2024-11-28,2024-11-23,2024-11-23,PAY6546230,45265.49,CAD,Paid,Net 30,0
INV-00190,PO-62187,TX-00190,CA01,2023,RE,100035,S035,2023-09-28,2023-09-29,2023-11-12,,,,18641.75,CAD,Overdue,Net 45,0
INV-01827,PO-87836,TX-01827,CA01,2023,RE,100006,S006,2023-10-31,2023-10-31,2023-12-15,2023-12-10,2023-12-10,PAY6128074,55553.42,CAD,Paid,Net 45,0
INV-01125,PO-28764,TX-01125,CA01,2023,RE,100039,S039,2023-07-31,2023-08-02,2023-09-14,,,,23836.14,CAD,Pending,Net 45,0
INV-01495,PO-78149,TX-01495,CA01,2023,RE,100007,S007,2023-06-15,2023-06-17,2023-07-15,2023-07-10,2023-07-10,PAY6265617,75515.84,CAD,Paid,Net 30,0
INV-00755,PO-34833,TX-00755,CA01,2025,RE,100038,S038,2025-01-07,2025-01-09,2025-02-06,2025-02-03,2025-02-03,PAY6504605,44134.33,CAD,Paid,Net 30,0
INV-00163,PO-20696,TX-00163,CA01,2023,RE,100025,S025,2023-02-26,2023-02-27,2023-03-28,2023-03-27,2023-03-27,PAY6669536,4020.8,CAD,Paid,Net 30,0
INV-00247,PO-10455,TX-00247,CA01,2024,RE,100018,S018,2024-01-08,2024-01-09,2024-02-07,2024-02-03,2024-02-03,PAY6313328,74564.57,CAD,Paid,Net 30,0
INV-02096,PO-26223,TX-02096,CA01,2025,RE,100007,S007,2025-07-26,2025-07-28,2025-08-25,,,,97658.22,CAD,Pending,Net 30,0
INV-02023,PO-99449,TX-02023,CA01,2023,RE,100028,S028,2023-02-06,2023-02-06,2023-03-23,,,,96998.5,CAD,Overdue,Net 45,0
INV-00730,PO-89144,TX-00730,CA01,2024,RE,100037,S037,2024-07-21,2024-07-22,2024-08-20,2024-08-16,2024-08-16,PAY6208376,10492.8,CAD,Paid,Net 30,0
INV-01684,PO-46204,TX-01684,CA01,2024,RE,100036,S036,2024-02-05,2024-02-07,2024-03-06,2024-03-06,2024-03-06,PAY6377934,17892.45,CAD,Paid,Net 30,0
INV-01088,PO-91233,TX-01088,CA01,2023,RE,100002,S002,2023-09-13,2023-09-15,2023-10-13,2023-10-13,2023-10-13,PAY6930631,22902.59,CAD,Paid,Net 30,0
INV-02081,PO-93393,TX-02081,CA01,2025,RE,100039,S039,2025-01-03,2025-01-04,2025-02-17,2025-02-12,2025-02-12,PAY6054617,4448.89,CAD,Paid,Net 45,0
INV-00250,PO-88352,TX-00250,CA01,2024,RE,100038,S038,2024-02-28,2024-02-29,2024-03-29,,,,5247.59,CAD,Overdue,Net 30,0
INV-01497,PO-11213,TX-01497,CA01,2023,RE,100037,S037,2023-10-18,2023-10-19,2023-11-17,,,,70105.82,CAD,Overdue,Net 30,0
INV-01406,PO-12810,TX-01406,CA01,2025,RE,100029,S029,2025-06-08,2025-06-08,2025-07-08,2025-07-07,2025-07-07,PAY6905610,7734.56,CAD,Paid,Net 30,0
INV-01323,PO-16169,TX-01323,CA01,2023,RE,100035,S035,2023-06-20,2023-06-20,2023-08-04,2023-07-31,2023-07-31,PAY6699080,55940.72,CAD,Paid,Net 45,0
INV-01980,PO-53611,TX-01980,CA01,2025,RE,100008,S008,2025-07-10,2025-07-12,2025-08-09,2025-08-06,2025-08-06,PAY6228367,30243.07,CAD,Paid,Net 30,0
INV-00062,PO-23446,TX-00062,CA01,2023,RE,100018,S018,2023-04-23,2023-04-24,2023-05-23,2023-05-20,2023-05-20,PAY6118414,71819.41,CAD,Paid,Net 30,0
INV-00038,PO-61049,TX-00038,CA01,2025,RE,100039,S039,2025-08-19,2025-08-19,2025-10-03,2025-10-02,2025-10-02,PAY6247428,10210.37,CAD,Paid,Net 45,0
INV-02353,PO-37799,TX-02353,CA01,2025,RE,100037,S037,2025-11-25,2025-11-26,2025-12-25,2025-12-25,2025-12-25,PAY6663653,108347.34,CAD,Paid,Net 30,0
INV-00214,PO-85711,TX-00214,CA01,2025,RE,100031,S031,2025-09-03,2025-09-05,2025-10-18,2025-10-15,2025-10-15,PAY6455251,117426.14,CAD,Paid,Net 45,0
INV-00463,PO-83183,TX-00463,CA01,2024,RE,100038,S038,2024-12-12,2024-12-12,2025-01-11,2025-01-09,2025-01-09,PAY6340277,43935.25,CAD,Paid,Net 30,0
INV-00938,PO-82516,TX-00938,CA01,2023,RE,100027,S027,2023-05-08,2023-05-08,2023-06-07,2023-06-06,2023-06-06,PAY6015799,39823.82,CAD,Paid,Net 30,0
INV-02035,PO-47151,TX-02035,CA01,2025,RE,100040,S040,2025-12-16,2025-12-16,2026-02-14,2026-02-12,2026-02-12,PAY6175490,14001.53,CAD,Paid,Net 60,0
INV-01958,PO-10074,TX-01958,CA01,2023,RE,100025,S025,2023-11-11,2023-11-13,2023-12-11,,,,5937.97,CAD,Pending,Net 30,0
INV-00451,PO-15164,TX-00451,CA01,2025,RE,100025,S025,2025-12-10,2025-12-11,2026-01-09,,,,8423.64,CAD,Pending,Net 30,0
INV-00846,PO-26090,TX-00846,CA01,2024,RE,100009,S009,2024-11-26,2024-11-26,2024-12-26,,,,49317.56,CAD,Pending,Net 30,0
INV-01161,PO-89291,TX-01161,CA01,2025,RE,100032,S032,2025-02-04,2025-02-06,2025-04-05,2025-04-03,2025-04-03,PAY6832978,195821.88,CAD,Paid,Net 60,0
INV-00928,PO-34535,TX-00928,CA01,2025,RE,100006,S006,2025-07-16,2025-07-17,2025-08-30,,,,52981.84,CAD,Pending,Net 45,0
INV-02390,PO-88011,TX-02390,CA01,2024,RE,100030,S030,2024-03-16,2024-03-18,2024-04-15,,,,61600.7,CAD,Pending,Net 30,0
INV-01659,PO-44757,TX-01659,CA01,2025,RE,100008,S008,2025-10-18,2025-10-19,2025-11-17,2025-11-17,2025-11-17,PAY6289511,25966.14,CAD,Paid,Net 30,0
INV-02125,PO-63453,TX-02125,CA01,2025,RE,100032,S032,2025-06-03,2025-06-05,2025-08-02,2025-07-29,2025-07-29,PAY6613099,127217.99,CAD,Paid,Net 60,0
INV-00438,PO-74169,TX-00438,CA01,2024,RE,100001,S001,2024-07-16,2024-07-17,2024-08-15,2024-08-14,2024-08-14,PAY6125461,17391.45,CAD,Paid,Net 30,0
INV-00633,PO-21743,TX-00633,CA01,2024,RE,100024,S024,2024-06-30,2024-06-30,2024-07-30,,,,5587.39,CAD,Pending,Net 30,0
INV-00649,PO-51614,TX-00649,CA01,2023,RE,100032,S032,2023-10-29,2023-10-30,2023-12-28,,,,199003.62,CAD,Pending,Net 60,0
INV-01591,PO-71631,TX-01591,CA01,2023,RE,100007,S007,2023-03-09,2023-03-11,2023-04-08,,,,74701.08,CAD,Pending,Net 30,0
INV-00617,PO-82085,TX-00617,CA01,2025,RE,100006,S006,2025-05-26,2025-05-28,2025-07-10,,,,47424.22,CAD,Pending,Net 45,0
INV-00239,PO-24707,TX-00239,CA01,2025,RE,100027,S027,2025-12-19,2025-12-20,2026-01-18,,,,24066.16,CAD,Pending,Net 30,0
INV-01673,PO-78035,TX-01673,CA01,2025,RE,100018,S018,2025-10-01,2025-10-01,2025-10-31,,,,66795.88,CAD,Overdue,Net 30,0
INV-00851,PO-74512,TX-00851,CA01,2023,RE,100034,S034,2023-07-23,2023-07-23,2023-09-06,,,,154152.81,CAD,Pending,Net 45,0
INV-00323,PO-92890,TX-00323,CA01,2024,RE,100018,S018,2024-05-28,2024-05-29,2024-06-27,,,,96043.95,CAD,Overdue,Net 30,0
INV-01624,PO-62963,TX-01624,CA01,2025,RE,100006,S006,2025-05-28,2025-05-29,2025-07-12,2025-07-08,2025-07-08,PAY6415035,134408.31,CAD,Paid,Net 45,0
INV-00508,PO-43127,TX-00508,CA01,2025,RE,100034,S034,2025-11-19,2025-11-21,2026-01-03,,,,10844.66,CAD,Pending,Net 45,0
INV-00401,PO-21945,TX-00401,CA01,2025,RE,100009,S009,2025-03-28,2025-03-28,2025-04-27,2025-04-22,2025-04-22,PAY6827477,107685.17,CAD,Paid,Net 30,0
INV-01196,PO-94393,TX-01196,CA01,2024,RE,100032,S032,2024-11-22,2024-11-23,2025-01-21,2025-01-18,2025-01-18,PAY6254897,26769.65,CAD,Paid,Net 60,0
INV-01116,PO-73595,TX-01116,CA01,2023,RE,100038,S038,2023-05-16,2023-05-16,2023-06-15,2023-06-12,2023-06-12,PAY6009363,21439.03,CAD,Paid,Net 30,0
INV-01333,PO-23701,TX-01333,CA01,2024,RE,100024,S024,2024-03-20,2024-03-21,2024-04-19,2024-04-18,2024-04-18,PAY6044033,3975.05,CAD,Paid,Net 30,0
INV-00543,PO-62183,TX-00543,CA01,2025,RE,100027,S027,2025-09-19,2025-09-20,2025-10-19,,,,15891.86,CAD,Overdue,Net 30,0
INV-01368,PO-71391,TX-01368,CA01,2024,RE,100037,S037,2024-10-09,2024-10-09,2024-11-08,,,,59601.27,CAD,Pending,Net 30,0
INV-00108,PO-49608,TX-00108,CA01,2023,RE,100034,S034,2023-05-16,2023-05-17,2023-06-30,2023-06-30,2023-06-30,PAY6609303,92420.06,CAD,Paid,Net 45,0
INV-00586,PO-74478,TX-00586,CA01,2023,RE,100005,S005,2023-10-12,2023-10-13,2023-11-11,,,,16098.61,CAD,Pending,Net 30,0
INV-01667,PO-70574,TX-01667,CA01,2024,RE,100024,S024,2024-01-20,2024-01-22,2024-02-19,2024-02-16,2024-02-16,PAY6821533,4946.66,CAD,Paid,Net 30,0
INV-02289,PO-42520,TX-02289,CA01,2025,RE,100038,S038,2025-05-29,2025-05-30,2025-06-28,,,,5783.07,CAD,Pending,Net 30,0
INV-00789,PO-37151,TX-00789,CA01,2024,RE,100034,S034,2024-07-09,2024-07-10,2024-08-23,2024-08-20,2024-08-20,PAY6724305,226645.3,CAD,Paid,Net 45,0
INV-00372,PO-61773,TX-00372,CA01,2023,RE,100007,S007,2023-04-20,2023-04-21,2023-05-20,2023-05-16,2023-05-16,PAY6498357,30283.23,CAD,Paid,Net 30,0
INV-00545,PO-21939,TX-00545,CA01,2023,RE,100039,S039,2023-04-18,2023-04-20,2023-06-02,2023-05-30,2023-05-30,PAY6721846,17194.53,CAD,Paid,Net 45,0
INV-DUP-019,PO-41276,TX-DUP-019,CA01,2025,RE,100001,S001,2025-11-01,2025-11-01,2025-12-01,,,,51436.35,CAD,Pending,Net 30,0
INV-01206,PO-12867,TX-01206,CA01,2023,RE,100026,S026,2023-05-26,2023-05-28,2023-06-25,2023-06-25,2023-06-25,PAY6625173,44550.7,CAD,Paid,Net 30,0
INV-01470,PO-40394,TX-01470,CA01,2025,RE,100029,S029,2025-09-25,2025-09-27,2025-10-25,2025-10-22,2025-10-22,PAY6162520,10331.55,CAD,Paid,Net 30,0
INV-01868,PO-24129,TX-01868,CA01,2024,RE,100027,S027,2024-01-27,2024-01-27,2024-02-26,,,,105019.46,CAD,Pending,Net 30,0
INV-00754,PO-49173,TX-00754,CA01,2024,RE,100028,S028,2024-02-22,2024-02-24,2024-04-07,2024-04-04,2024-04-04,PAY6389439,3373.03,CAD,Paid,Net 45,0
INV-02365,PO-83622,TX-02365,CA01,2025,RE,100039,S039,2025-08-23,2025-08-23,2025-10-07,,,,3909.53,CAD,Pending,Net 45,0
INV-00280,PO-56636,TX-00280,CA01,2024,RE,100039,S039,2024-07-17,2024-07-19,2024-08-31,2024-08-29,2024-08-29,PAY6808239,37235.36,CAD,Paid,Net 45,0
INV-02166,PO-96810,TX-02166,CA01,2023,RE,100003,S003,2023-03-13,2023-03-13,2023-03-28,2023-03-28,2023-03-28,PAY6093826,59691.4,CAD,Paid,Net 15,0
INV-01782,PO-98784,TX-01782,CA01,2025,RE,100035,S035,2025-01-29,2025-01-30,2025-03-15,,,,5075.44,CAD,Overdue,Net 45,0
INV-01895,PO-39536,TX-01895,CA01,2023,RE,100040,S040,2023-12-07,2023-12-09,2024-02-05,,,,39694.12,CAD,Pending,Net 60,0
INV-00028,PO-96356,TX-00028,CA01,2024,RE,100030,S030,2024-03-14,2024-03-16,2024-04-13,2024-04-10,2024-04-10,PAY6260804,68890.9,CAD,Paid,Net 30,0
INV-01975,PO-47282,TX-01975,CA01,2024,RE,100026,S026,2024-08-21,2024-08-23,2024-09-20,,,,55813.92,CAD,Pending,Net 30,0
INV-01748,PO-25109,TX-01748,CA01,2025,RE,100040,S040,2025-07-13,2025-07-15,2025-09-11,,,,11671.8,CAD,Pending,Net 60,0
INV-00232,PO-48669,TX-00232,CA01,2024,RE,100036,S036,2024-06-15,2024-06-16,2024-07-15,,,,8872.48,CAD,Pending,Net 30,0
INV-02222,PO-42307,TX-02222,CA01,2023,RE,100002,S002,2023-12-25,2023-12-27,2024-01-24,2024-01-19,2024-01-19,PAY6165358,7219.37,CAD,Paid,Net 30,0
INV-00915,PO-96005,TX-00915,CA01,2024,RE,100030,S030,2024-07-06,2024-07-07,2024-08-05,2024-07-31,2024-07-31,PAY6524203,5458.23,CAD,Paid,Net 30,0
INV-01730,PO-24126,TX-01730,CA01,2023,RE,100005,S005,2023-09-07,2023-09-08,2023-10-07,2023-10-07,2023-10-07,PAY6095841,23479.11,CAD,Paid,Net 30,0
INV-00619,PO-83812,TX-00619,CA01,2025,RE,100035,S035,2025-06-03,2025-06-04,2025-07-18,2025-07-18,2025-07-18,PAY6719265,83284.07,CAD,Paid,Net 45,0
INV-00814,PO-64474,TX-00814,CA01,2023,RE,100035,S035,2023-06-30,2023-07-01,2023-08-14,2023-08-11,2023-08-11,PAY6648696,68031.5,CAD,Paid,Net 45,0
INV-00781,PO-72061,TX-00781,CA01,2025,RE,100024,S024,2025-12-05,2025-12-05,2026-01-04,2026-01-01,2026-01-01,PAY6354861,9958.75,CAD,Paid,Net 30,0
INV-02384,PO-94080,TX-02384,CA01,2023,RE,100033,S033,2023-05-19,2023-05-19,2023-06-18,2023-06-18,2023-06-18,PAY6976065,11450.54,CAD,Paid,Net 30,0
INV-00761,PO-23937,TX-00761,CA01,2023,RE,100026,S026,2023-12-22,2023-12-24,2024-01-21,,,,25580.49,CAD,Overdue,Net 30,0
INV-02186,PO-53727,TX-02186,CA01,2025,RE,100007,S007,2025-09-20,2025-09-20,2025-10-20,2025-10-16,2025-10-16,PAY6796456,12515.8,CAD,Paid,Net 30,0
INV-00662,PO-86735,TX-00662,CA01,2025,RE,100036,S036,2025-07-16,2025-07-16,2025-08-15,,,,11573.41,CAD,Pending,Net 30,0
INV-00293,PO-87624,TX-00293,CA01,2025,RE,100006,S006,2025-03-20,2025-03-22,2025-05-04,,,,111117.04,CAD,Pending,Net 45,0
INV-01221,PO-79045,TX-01221,CA01,2024,RE,100016,S016,2024-05-20,2024-05-22,2024-06-04,,,,57088.15,CAD,Overdue,Net 15,0
INV-00818,PO-15535,TX-00818,CA01,2023,RE,100040,S040,2023-10-11,2023-10-13,2023-12-10,2023-12-06,2023-12-06,PAY6655498,35444.37,CAD,Paid,Net 60,0
INV-01558,PO-25931,TX-01558,CA01,2025,RE,100032,S032,2025-07-26,2025-07-26,2025-09-24,2025-09-24,2025-09-24,PAY6062969,115027.07,CAD,Paid,Net 60,0
INV-00380,PO-33081,TX-00380,CA01,2025,RE,100002,S002,2025-03-10,2025-03-10,2025-04-09,,,,29292.34,CAD,Pending,Net 30,0
INV-00700,PO-88134,TX-00700,CA01,2023,RE,100016,S016,2023-04-20,2023-04-22,2023-05-05,2023-05-05,2023-05-05,PAY6062678,3018.28,CAD,Paid,Net 15,0
INV-01669,PO-14471,TX-01669,CA01,2024,RE,100038,S038,2024-02-14,2024-02-15,2024-03-15,2024-03-11,2024-03-11,PAY6372787,5267.5,CAD,Paid,Net 30,0
INV-DUP-001,PO-21219,TX-DUP-001,CA01,2023,RE,100017,S017,2023-10-10,2023-10-12,2023-11-09,,,,17788.1,CAD,Pending,Net 30,0
INV-01041,PO-50107,TX-01041,CA01,2024,RE,100002,S002,2024-02-25,2024-02-26,2024-03-26,2024-03-22,2024-03-22,PAY6675885,10481.97,CAD,Paid,Net 30,0
INV-02037,PO-61196,TX-02037,CA01,2024,RE,100028,S028,2024-04-06,2024-04-07,2024-05-21,2024-05-16,2024-05-16,PAY6161395,59065.0,CAD,Paid,Net 45,0
INV-01267,PO-60885,TX-01267,CA01,2023,RE,100009,S009,2023-11-26,2023-11-28,2023-12-26,2023-12-24,2023-12-24,PAY6735395,122592.99,CAD,Paid,Net 30,0
INV-01718,PO-28904,TX-01718,CA01,2024,RE,100028,S028,2024-09-21,2024-09-23,2024-11-05,2024-11-01,2024-11-01,PAY6562407,39308.21,CAD,Paid,Net 45,0
INV-00681,PO-11480,TX-00681,CA01,2024,RE,100039,S039,2024-11-17,2024-11-19,2025-01-01,2024-12-28,2024-12-28,PAY6829912,29459.56,CAD,Paid,Net 45,0
INV-01173,PO-65572,TX-01173,CA01,2024,RE,100001,S001,2024-08-15,2024-08-15,2024-09-14,2024-09-13,2024-09-13,PAY6112608,25863.87,CAD,Paid,Net 30,0
INV-00017,PO-30866,TX-00017,CA01,2025,RE,100018,S018,2025-04-27,2025-04-28,2025-05-27,2025-05-22,2025-05-22,PAY6131939,128865.7,CAD,Paid,Net 30,0
INV-01429,PO-67729,TX-01429,CA01,2024,RE,100005,S005,2024-07-24,2024-07-24,2024-08-23,2024-08-18,2024-08-18,PAY6511540,45171.08,CAD,Paid,Net 30,0
INV-01097,PO-57131,TX-01097,CA01,2024,RE,100034,S034,2024-02-23,2024-02-23,2024-04-08,2024-04-05,2024-04-05,PAY6243977,122537.99,CAD,Paid,Net 45,0
INV-02305,PO-22700,TX-02305,CA01,2023,RE,100005,S005,2023-01-12,2023-01-14,2023-02-11,2023-02-09,2023-02-09,PAY6332125,36747.71,CAD,Paid,Net 30,0
INV-01909,PO-54747,TX-01909,CA01,2025,RE,100028,S028,2025-03-19,2025-03-19,2025-05-03,2025-05-01,2025-05-01,PAY6585472,28070.3,CAD,Paid,Net 45,0
INV-00585,PO-11383,TX-00585,CA01,2024,RE,100024,S024,2024-09-25,2024-09-27,2024-10-25,2024-10-25,2024-10-25,PAY6826867,2244.0,CAD,Paid,Net 30,0
INV-00703,PO-57638,TX-00703,CA01,2024,RE,100030,S030,2024-04-08,2024-04-09,2024-05-08,2024-05-07,2024-05-07,PAY6675960,26883.34,CAD,Paid,Net 30,0
INV-02264,PO-67603,TX-02264,CA01,2024,RE,100034,S034,2024-02-22,2024-02-24,2024-04-07,,,,31543.65,CAD,Overdue,Net 45,0
INV-01922,PO-80944,TX-01922,CA01,2025,RE,100027,S027,2025-03-02,2025-03-02,2025-04-01,2025-03-29,2025-03-29,PAY6793454,104766.6,CAD,Paid,Net 30,0
INV-00260,PO-25376,TX-00260,CA01,2024,RE,100025,S025,2024-11-18,2024-11-18,2024-12-18,2024-12-16,2024-12-16,PAY6364189,6361.11,CAD,Paid,Net 30,0
INV-00575,PO-65288,TX-00575,CA01,2023,RE,100034,S034,2023-10-28,2023-10-30,2023-12-12,2023-12-08,2023-12-08,PAY6844654,289688.88,CAD,Paid,Net 45,0
INV-01856,PO-72805,TX-01856,CA01,2023,RE,100005,S005,2023-05-15,2023-05-17,2023-06-14,2023-06-10,2023-06-10,PAY6935115,75956.0,CAD,Paid,Net 30,0
INV-00428,PO-17441,TX-00428,CA01,2024,RE,100035,S035,2024-09-10,2024-09-10,2024-10-25,,,,35980.25,CAD,Pending,Net 45,0
INV-00883,PO-99816,TX-00883,CA01,2025,RE,100025,S025,2025-02-28,2025-03-01,2025-03-30,,,,6880.46,CAD,Pending,Net 30,0
INV-02279,PO-77234,TX-02279,CA01,2023,RE,100031,S031,2023-06-26,2023-06-27,2023-08-10,2023-08-06,2023-08-06,PAY6460030,108923.56,CAD,Paid,Net 45,0
INV-01653,PO-57237,TX-01653,CA01,2025,RE,100004,S004,2025-05-11,2025-05-13,2025-06-10,,,,33284.88,CAD,Pending,Net 30,0
INV-00783,PO-76088,TX-00783,CA01,2025,RE,100037,S037,2025-05-12,2025-05-13,2025-06-11,,,,15704.63,CAD,Overdue,Net 30,0
INV-01030,PO-86767,TX-01030,CA01,2023,RE,100009,S009,2023-08-26,2023-08-26,2023-09-25,2023-09-22,2023-09-22,PAY6768804,21267.83,CAD,Paid,Net 30,0
INV-01592,PO-25857,TX-01592,CA01,2025,RE,100038,S038,2025-05-11,2025-05-13,2025-06-10,2025-06-05,2025-06-05,PAY6202338,85072.79,CAD,Paid,Net 30,0
INV-01218,PO-75006,TX-01218,CA01,2025,RE,100036,S036,2025-06-14,2025-06-14,2025-07-14,2025-07-09,2025-07-09,PAY6022390,58130.08,CAD,Paid,Net 30,0
INV-01492,PO-29741,TX-01492,CA01,2024,RE,100040,S040,2024-04-26,2024-04-26,2024-06-25,,,,9755.41,CAD,Pending,Net 60,0
INV-00792,PO-24884,TX-00792,CA01,2024,RE,100027,S027,2024-02-28,2024-02-29,2024-03-29,2024-03-27,2024-03-27,PAY6722730,16520.89,CAD,Paid,Net 30,0
INV-00805,PO-49526,TX-00805,CA01,2025,RE,100035,S035,2025-02-06,2025-02-08,2025-03-23,2025-03-18,2025-03-18,PAY6396119,139343.19,CAD,Paid,Net 45,0
INV-02155,PO-81581,TX-02155,CA01,2024,RE,100016,S016,2024-02-02,2024-02-04,2024-02-17,2024-02-14,2024-02-14,PAY6375565,49453.52,CAD,Paid,Net 15,0
INV-02339,PO-53116,TX-02339,CA01,2025,RE,100001,S001,2025-03-06,2025-03-07,2025-04-05,,,,71891.65,CAD,Overdue,Net 30,0
INV-00968,PO-87101,TX-00968,CA01,2025,RE,100036,S036,2025-07-08,2025-07-08,2025-08-07,2025-08-07,2025-08-07,PAY6759587,13828.9,CAD,Paid,Net 30,0
INV-01156,PO-89452,TX-01156,CA01,2025,RE,100027,S027,2025-10-06,2025-10-06,2025-11-05,2025-11-05,2025-11-05,PAY6141276,62129.81,CAD,Paid,Net 30,0
INV-00760,PO-50283,TX-00760,CA01,2024,RE,100040,S040,2024-05-15,2024-05-15,2024-07-14,2024-07-09,2024-07-09,PAY6262874,21769.84,CAD,Paid,Net 60,0
INV-00895,PO-25381,TX-00895,CA01,2023,RE,100039,S039,2023-07-08,2023-07-08,2023-08-22,,,,19478.06,CAD,Overdue,Net 45,0
INV-02175,PO-99864,TX-02175,CA01,2025,RE,100031,S031,2025-01-12,2025-01-14,2025-02-26,2025-02-25,2025-02-25,PAY6942316,185327.0,CAD,Paid,Net 45,0
INV-00739,PO-78151,TX-00739,CA01,2024,RE,100039,S039,2024-05-17,2024-05-19,2024-07-01,,,,44782.95,CAD,Pending,Net 45,0
INV-00409,PO-64997,TX-00409,CA01,2023,RE,100034,S034,2023-01-30,2023-01-31,2023-03-16,2023-03-16,2023-03-16,PAY6041406,257301.25,CAD,Paid,Net 45,0
INV-00688,PO-84839,TX-00688,CA01,2023,RE,100018,S018,2023-03-07,2023-03-08,2023-04-06,2023-04-04,2023-04-04,PAY6508876,27553.37,CAD,Paid,Net 30,0
INV-01302,PO-74361,TX-01302,CA01,2025,RE,100026,S026,2025-01-14,2025-01-16,2025-02-13,2025-02-11,2025-02-11,PAY6740951,57391.18,CAD,Paid,Net 30,0
INV-01903,PO-77763,TX-01903,CA01,2023,RE,100036,S036,2023-07-07,2023-07-09,2023-08-06,2023-08-01,2023-08-01,PAY6458752,110492.79,CAD,Paid,Net 30,0
INV-01847,PO-72937,TX-01847,CA01,2025,RE,100039,S039,2025-03-16,2025-03-16,2025-04-30,2025-04-28,2025-04-28,PAY6586179,12117.35,CAD,Paid,Net 45,0
INV-01582,PO-79817,TX-01582,CA01,2025,RE,100028,S028,2025-07-14,2025-07-14,2025-08-28,,,,31033.93,CAD,Pending,Net 45,0
INV-01479,PO-18318,TX-01479,CA01,2024,RE,100038,S038,2024-11-17,2024-11-18,2024-12-17,,,,70941.94,CAD,Pending,Net 30,0
INV-00550,PO-62354,TX-00550,CA01,2023,RE,100003,S003,2023-01-08,2023-01-10,2023-01-23,2023-01-19,2023-01-19,PAY6309030,8528.23,CAD,Paid,Net 15,0
INV-01634,PO-57474,TX-01634,CA01,2024,RE,100006,S006,2024-03-21,2024-03-22,2024-05-05,2024-05-01,2024-05-01,PAY6569097,32090.53,CAD,Paid,Net 45,0
INV-01476,PO-45168,TX-01476,CA01,2025,RE,100006,S006,2025-06-25,2025-06-27,2025-08-09,2025-08-07,2025-08-07,PAY6730897,36849.82,CAD,Paid,Net 45,0
INV-01833,PO-62502,TX-01833,CA01,2023,RE,100035,S035,2023-06-19,2023-06-19,2023-08-03,2023-07-29,2023-07-29,PAY6513898,100003.3,CAD,Paid,Net 45,0
INV-02275,PO-84509,TX-02275,CA01,2025,RE,100038,S038,2025-11-22,2025-11-23,2025-12-22,2025-12-22,2025-12-22,PAY6198994,41324.89,CAD,Paid,Net 30,0
INV-01202,PO-27102,TX-01202,CA01,2024,RE,100029,S029,2024-03-09,2024-03-10,2024-04-08,,,,1573.24,CAD,Pending,Net 30,0
INV-00823,PO-56843,TX-00823,CA01,2023,RE,100003,S003,2023-05-03,2023-05-05,2023-05-18,2023-05-18,2023-05-18,PAY6594229,7944.24,CAD,Paid,Net 15,0
INV-00929,PO-12348,TX-00929,CA01,2024,RE,100024,S024,2024-06-20,2024-06-20,2024-07-20,2024-07-19,2024-07-19,PAY6195692,2639.92,CAD,Paid,Net 30,0
INV-01631,PO-29893,TX-01631,CA01,2025,RE,100028,S028,2025-08-28,2025-08-29,2025-10-12,,,,23874.21,CAD,Overdue,Net 45,0
INV-00678,PO-78118,TX-00678,CA01,2024,RE,100035,S035,2024-12-26,2024-12-26,2025-02-09,2025-02-06,2025-02-06,PAY6570027,173007.54,CAD,Paid,Net 45,0
INV-01915,PO-24605,TX-01915,CA01,2025,RE,100028,S028,2025-05-23,2025-05-24,2025-07-07,,,,59036.68,CAD,Pending,Net 45,0
INV-00551,PO-21818,TX-00551,CA01,2024,RE,100006,S006,2024-02-17,2024-02-17,2024-04-02,2024-04-01,2024-04-01,PAY6364552,120394.46,CAD,Paid,Net 45,0
INV-01383,PO-94555,TX-01383,CA01,2025,RE,100016,S016,2025-07-30,2025-08-01,2025-08-14,,,,12573.52,CAD,Overdue,Net 15,0
INV-01155,PO-96397,TX-01155,CA01,2023,RE,100002,S002,2023-04-06,2023-04-07,2023-05-06,2023-05-01,2023-05-01,PAY6339403,44821.65,CAD,Paid,Net 30,0
INV-01925,PO-51184,TX-01925,CA01,2025,RE,100027,S027,2025-02-14,2025-02-15,2025-03-16,,,,22364.45,CAD,Pending,Net 30,0
INV-01877,PO-69139,TX-01877,CA01,2025,RE,100034,S034,2025-08-26,2025-08-26,2025-10-10,2025-10-05,2025-10-05,PAY6767979,7895.65,CAD,Paid,Net 45,0
INV-00800,PO-84350,TX-00800,CA01,2025,RE,100035,S035,2025-12-22,2025-12-22,2026-02-05,,,,115426.43,CAD,Pending,Net 45,0
INV-01491,PO-90804,TX-01491,CA01,2025,RE,100017,S017,2025-10-04,2025-10-05,2025-11-03,2025-10-29,2025-10-29,PAY6491147,13854.92,CAD,Paid,Net 30,0
INV-01595,PO-22730,TX-01595,CA01,2024,RE,100018,S018,2024-11-28,2024-11-30,2024-12-28,2024-12-25,2024-12-25,PAY6288698,9573.16,CAD,Paid,Net 30,0
INV-00957,PO-92786,TX-00957,CA01,2023,RE,100004,S004,2023-03-18,2023-03-18,2023-04-17,,,,39327.2,CAD,Pending,Net 30,0
INV-01769,PO-28524,TX-01769,CA01,2025,RE,100006,S006,2025-04-19,2025-04-19,2025-06-03,,,,38505.85,CAD,Pending,Net 45,0
INV-00758,PO-70079,TX-00758,CA01,2023,RE,100033,S033,2023-09-03,2023-09-03,2023-10-03,2023-10-03,2023-10-03,PAY6909809,49582.44,CAD,Paid,Net 30,0
INV-00547,PO-32973,TX-00547,CA01,2025,RE,100040,S040,2025-04-02,2025-04-03,2025-06-01,2025-05-30,2025-05-30,PAY6871733,33904.03,CAD,Paid,Net 60,0
INV-01473,PO-62178,TX-01473,CA01,2025,RE,100038,S038,2025-08-13,2025-08-14,2025-09-12,2025-09-08,2025-09-08,PAY6627761,64587.4,CAD,Paid,Net 30,0
INV-02288,PO-86149,TX-02288,CA01,2024,RE,100003,S003,2024-12-28,2024-12-29,2025-01-12,,,,3080.5,CAD,Pending,Net 15,0
INV-02069,PO-13926,TX-02069,CA01,2024,RE,100028,S028,2024-10-24,2024-10-25,2024-12-08,,,,94587.77,CAD,Pending,Net 45,0
INV-00831,PO-26870,TX-00831,CA01,2024,RE,100034,S034,2024-09-20,2024-09-22,2024-11-04,2024-11-03,2024-11-03,PAY6958895,18996.34,CAD,Paid,Net 45,0
INV-01023,PO-80928,TX-01023,CA01,2025,RE,100018,S018,2025-06-16,2025-06-18,2025-07-16,2025-07-15,2025-07-15,PAY6902363,64002.6,CAD,Paid,Net 30,0
INV-01084,PO-84606,TX-01084,CA01,2025,RE,100039,S039,2025-10-25,2025-10-26,2025-12-09,,,,13553.62,CAD,Pending,Net 45,0
INV-01370,PO-86064,TX-01370,CA01,2023,RE,100038,S038,2023-10-18,2023-10-20,2023-11-17,,,,20544.35,CAD,Pending,Net 30,0
INV-01738,PO-79147,TX-01738,CA01,2024,RE,100040,S040,2024-09-20,2024-09-20,2024-11-19,2024-11-19,2024-11-19,PAY6581456,73302.88,CAD,Paid,Net 60,0
INV-DUP-009,PO-92786,TX-DUP-009,CA01,2023,RE,100004,S004,2023-03-22,2023-03-22,2023-04-21,2023-04-18,2023-04-18,PAY6168132,39327.2,CAD,Paid,Net 30,0
INV-02013,PO-43853,TX-02013,CA01,2023,RE,100039,S039,2023-08-14,2023-08-14,2023-09-28,2023-09-27,2023-09-27,PAY6072222,2428.64,CAD,Paid,Net 45,0
INV-01447,PO-23237,TX-01447,CA01,2023,RE,100026,S026,2023-09-06,2023-09-07,2023-10-06,,,,55649.94,CAD,Pending,Net 30,0
INV-00162,PO-22021,TX-00162,CA01,2023,RE,100031,S031,2023-11-29,2023-11-29,2024-01-13,2024-01-10,2024-01-10,PAY6556937,153459.16,CAD,Paid,Net 45,0
INV-00159,PO-67749,TX-00159,CA01,2025,RE,100025,S025,2025-08-25,2025-08-27,2025-09-24,,,,4787.3,CAD,Pending,Net 30,0
INV-00494,PO-72240,TX-00494,CA01,2024,RE,100035,S035,2024-08-31,2024-09-01,2024-10-15,,,,58397.39,CAD,Pending,Net 45,0
INV-01413,PO-36982,TX-01413,CA01,2023,RE,100039,S039,2023-09-12,2023-09-14,2023-10-27,2023-10-26,2023-10-26,PAY6162555,7524.78,CAD,Paid,Net 45,0
INV-01657,PO-64950,TX-01657,CA01,2024,RE,100029,S029,2024-08-26,2024-08-26,2024-09-25,2024-09-20,2024-09-20,PAY6471213,3410.88,CAD,Paid,Net 30,0
INV-00072,PO-80776,TX-00072,CA01,2024,RE,100026,S026,2024-09-16,2024-09-16,2024-10-16,2024-10-14,2024-10-14,PAY6310035,162305.39,CAD,Paid,Net 30,0
INV-02345,PO-41578,TX-02345,CA01,2024,RE,100040,S040,2024-03-22,2024-03-22,2024-05-21,2024-05-21,2024-05-21,PAY6859222,66127.09,CAD,Paid,Net 60,0
INV-00415,PO-94614,TX-00415,CA01,2025,RE,100018,S018,2025-06-30,2025-07-01,2025-07-30,2025-07-27,2025-07-27,PAY6276141,51643.64,CAD,Paid,Net 30,0
INV-00534,PO-99701,TX-00534,CA01,2023,RE,100039,S039,2023-08-16,2023-08-18,2023-09-30,2023-09-30,2023-09-30,PAY6567915,1950.5,CAD,Paid,Net 45,0
INV-00503,PO-47989,TX-00503,CA01,2023,RE,100028,S028,2023-04-07,2023-04-08,2023-05-22,,,,26446.61,CAD,Overdue,Net 45,0
INV-02032,PO-68118,TX-02032,CA01,2025,RE,100009,S009,2025-04-25,2025-04-26,2025-05-25,2025-05-20,2025-05-20,PAY6384945,54212.66,CAD,Paid,Net 30,0
INV-00484,PO-98542,TX-00484,CA01,2025,RE,100029,S029,2025-01-11,2025-01-11,2025-02-10,,,,2410.65,CAD,Pending,Net 30,0
INV-01089,PO-36789,TX-01089,CA01,2025,RE,100007,S007,2025-02-13,2025-02-14,2025-03-15,2025-03-10,2025-03-10,PAY6476136,32095.31,CAD,Paid,Net 30,0
INV-DUP-024,PO-85230,TX-DUP-024,CA01,2026,RE,100031,S031,2026-01-03,2026-01-04,2026-02-17,,,,220572.56,CAD,Overdue,Net 45,0
INV-00118,PO-24896,TX-00118,CA01,2024,RE,100033,S033,2024-06-28,2024-06-28,2024-07-28,2024-07-24,2024-07-24,PAY6000754,22354.86,CAD,Paid,Net 30,0
INV-01366,PO-21219,TX-01366,CA01,2023,RE,100017,S017,2023-10-09,2023-10-10,2023-11-08,2023-11-08,2023-11-08,PAY6813608,17788.1,CAD,Paid,Net 30,0
INV-00749,PO-29510,TX-00749,CA01,2024,RE,100007,S007,2024-05-30,2024-05-30,2024-06-29,2024-06-26,2024-06-26,PAY6669018,15930.38,CAD,Paid,Net 30,0
INV-01821,PO-57681,TX-01821,CA01,2024,RE,100026,S026,2024-02-06,2024-02-06,2024-03-07,2024-03-04,2024-03-04,PAY6530535,62413.77,CAD,Paid,Net 30,0
INV-00383,PO-90495,TX-00383,CA01,2024,RE,100002,S002,2024-03-27,2024-03-27,2024-04-26,2024-04-21,2024-04-21,PAY6397455,3004.33,CAD,Paid,Net 30,0
INV-00944,PO-49800,TX-00944,CA01,2025,RE,100017,S017,2025-10-10,2025-10-10,2025-11-09,,,,10570.05,CAD,Pending,Net 30,0
INV-01940,PO-42534,TX-01940,CA01,2024,RE,100035,S035,2024-05-19,2024-05-20,2024-07-03,2024-06-29,2024-06-29,PAY6769295,103255.0,CAD,Paid,Net 45,0
INV-00577,PO-86928,TX-00577,CA01,2025,RE,100034,S034,2025-07-04,2025-07-04,2025-08-18,2025-08-14,2025-08-14,PAY6194546,373207.67,CAD,Paid,Net 45,0
INV-02141,PO-88490,TX-02141,CA01,2024,RE,100029,S029,2024-07-13,2024-07-13,2024-08-12,2024-08-11,2024-08-11,PAY6925821,374.76,CAD,Paid,Net 30,0
INV-00275,PO-81176,TX-00275,CA01,2025,RE,100002,S002,2025-09-03,2025-09-04,2025-10-03,2025-09-30,2025-09-30,PAY6019629,25599.44,CAD,Paid,Net 30,0
INV-01818,PO-74040,TX-01818,CA01,2024,RE,100018,S018,2024-04-20,2024-04-21,2024-05-20,,,,83299.91,CAD,Pending,Net 30,0
INV-00491,PO-74297,TX-00491,CA01,2023,RE,100018,S018,2023-04-16,2023-04-18,2023-05-16,,,,92815.26,CAD,Pending,Net 30,0
INV-01649,PO-87360,TX-01649,CA01,2025,RE,100038,S038,2025-06-18,2025-06-19,2025-07-18,2025-07-18,2025-07-18,PAY6649838,9781.09,CAD,Paid,Net 30,0
INV-00694,PO-25182,TX-00694,CA01,2023,RE,100017,S017,2023-03-21,2023-03-22,2023-04-20,2023-04-16,2023-04-16,PAY6898450,56945.6,CAD,Paid,Net 30,0
INV-01147,PO-92881,TX-01147,CA01,2025,RE,100038,S038,2025-08-14,2025-08-16,2025-09-13,2025-09-08,2025-09-08,PAY6381760,57661.24,CAD,Paid,Net 30,0
INV-00412,PO-15083,TX-00412,CA01,2024,RE,100026,S026,2024-07-23,2024-07-24,2024-08-22,2024-08-22,2024-08-22,PAY6813712,44154.4,CAD,Paid,Net 30,0
INV-00452,PO-24474,TX-00452,CA01,2025,RE,100027,S027,2025-09-18,2025-09-19,2025-10-18,,,,3063.5,CAD,Pending,Net 30,0
INV-02145,PO-36563,TX-02145,CA01,2026,RE,100004,S004,2026-01-01,2026-01-02,2026-01-31,2026-01-27,2026-01-27,PAY6650324,26163.24,CAD,Paid,Net 30,0
INV-00779,PO-32439,TX-00779,CA01,2023,RE,100016,S016,2023-05-06,2023-05-07,2023-05-21,2023-05-18,2023-05-18,PAY6250385,9390.18,CAD,Paid,Net 15,0
INV-01399,PO-47997,TX-01399,CA01,2025,RE,100031,S031,2025-10-20,2025-10-22,2025-12-04,2025-11-30,2025-11-30,PAY6336272,92794.19,CAD,Paid,Net 45,0
INV-01170,PO-47594,TX-01170,CA01,2025,RE,100039,S039,2025-06-23,2025-06-24,2025-08-07,2025-08-04,2025-08-04,PAY6756027,79523.86,CAD,Paid,Net 45,0
INV-01231,PO-44786,TX-01231,CA01,2023,RE,100033,S033,2023-08-05,2023-08-06,2023-09-04,2023-08-31,2023-08-31,PAY6066418,81379.2,CAD,Paid,Net 30,0
INV-01348,PO-32377,TX-01348,CA01,2023,RE,100030,S030,2023-02-17,2023-02-19,2023-03-19,2023-03-18,2023-03-18,PAY6690266,10510.37,CAD,Paid,Net 30,0
INV-00174,PO-14847,TX-00174,CA01,2024,RE,100030,S030,2024-01-12,2024-01-12,2024-02-11,2024-02-06,2024-02-06,PAY6565136,14442.38,CAD,Paid,Net 30,0
INV-01457,PO-44003,TX-01457,CA01,2025,RE,100009,S009,2025-09-24,2025-09-26,2025-10-24,2025-10-20,2025-10-20,PAY6858835,100086.6,CAD,Paid,Net 30,0
INV-01681,PO-10046,TX-01681,CA01,2025,RE,100039,S039,2025-08-17,2025-08-17,2025-10-01,2025-09-30,2025-09-30,PAY6406313,24618.22,CAD,Paid,Net 45,0
INV-01859,PO-58924,TX-01859,CA01,2025,RE,100033,S033,2025-01-26,2025-01-28,2025-02-25,,,,121872.65,CAD,Pending,Net 30,0
INV-00638,PO-28526,TX-00638,CA01,2025,RE,100024,S024,2025-12-13,2025-12-15,2026-01-12,2026-01-07,2026-01-07,PAY6199092,8638.81,CAD,Paid,Net 30,0
INV-01484,PO-64444,TX-01484,CA01,2024,RE,100039,S039,2024-07-08,2024-07-09,2024-08-22,2024-08-21,2024-08-21,PAY6549526,9803.38,CAD,Paid,Net 45,0
INV-00492,PO-18936,TX-00492,CA01,2024,RE,100033,S033,2024-10-17,2024-10-17,2024-11-16,2024-11-16,2024-11-16,PAY6716412,157710.35,CAD,Paid,Net 30,0
INV-01310,PO-50840,TX-01310,CA01,2024,RE,100017,S017,2024-08-04,2024-08-05,2024-09-03,2024-08-31,2024-08-31,PAY6521718,24518.57,CAD,Paid,Net 30,0
INV-00303,PO-94930,TX-00303,CA01,2024,RE,100028,S028,2024-09-11,2024-09-11,2024-10-26,2024-10-21,2024-10-21,PAY6802930,11609.21,CAD,Paid,Net 45,0
INV-00835,PO-29078,TX-00835,CA01,2024,RE,100027,S027,2024-02-20,2024-02-22,2024-03-21,2024-03-17,2024-03-17,PAY6578255,21364.68,CAD,Paid,Net 30,0
INV-01906,PO-28255,TX-01906,CA01,2025,RE,100039,S039,2025-05-22,2025-05-24,2025-07-06,2025-07-02,2025-07-02,PAY6161618,14927.43,CAD,Paid,Net 45,0
INV-01276,PO-55780,TX-01276,CA01,2024,RE,100001,S001,2024-12-08,2024-12-08,2025-01-07,,,,26464.74,CAD,Overdue,Net 30,0
INV-02359,PO-51470,TX-02359,CA01,2023,RE,100034,S034,2023-10-12,2023-10-13,2023-11-26,2023-11-24,2023-11-24,PAY6642818,41215.52,CAD,Paid,Net 45,0
INV-00201,PO-22689,TX-00201,CA01,2025,RE,100009,S009,2025-08-15,2025-08-16,2025-09-14,2025-09-10,2025-09-10,PAY6296882,19432.15,CAD,Paid,Net 30,0
INV-01266,PO-30258,TX-01266,CA01,2023,RE,100005,S005,2023-05-04,2023-05-05,2023-06-03,2023-05-31,2023-05-31,PAY6338270,17182.6,CAD,Paid,Net 30,0
INV-01408,PO-82029,TX-01408,CA01,2025,RE,100026,S026,2025-02-15,2025-02-16,2025-03-17,2025-03-14,2025-03-14,PAY6429711,52091.87,CAD,Paid,Net 30,0
INV-01947,PO-58702,TX-01947,CA01,2024,RE,100002,S002,2024-06-07,2024-06-09,2024-07-07,2024-07-03,2024-07-03,PAY6672036,21783.81,CAD,Paid,Net 30,0
INV-01217,PO-61834,TX-01217,CA01,2024,RE,100025,S025,2024-10-31,2024-11-02,2024-11-30,2024-11-25,2024-11-25,PAY6337666,3889.95,CAD,Paid,Net 30,0
INV-01944,PO-64055,TX-01944,CA01,2023,RE,100016,S016,2023-06-05,2023-06-07,2023-06-20,,,,44451.4,CAD,Pending,Net 15,0
INV-01010,PO-61361,TX-01010,CA01,2023,RE,100040,S040,2023-04-09,2023-04-11,2023-06-08,2023-06-07,2023-06-07,PAY6115830,13396.06,CAD,Paid,Net 60,0
INV-01506,PO-44463,TX-01506,CA01,2023,RE,100024,S024,2023-11-16,2023-11-18,2023-12-16,2023-12-14,2023-12-14,PAY6100932,613.5,CAD,Paid,Net 30,0
INV-02326,PO-73071,TX-02326,CA01,2023,RE,100038,S038,2023-02-05,2023-02-06,2023-03-07,2023-03-04,2023-03-04,PAY6548615,7626.28,CAD,Paid,Net 30,0
INV-00081,PO-82384,TX-00081,CA01,2024,RE,100007,S007,2024-05-12,2024-05-13,2024-06-11,,,,62023.0,CAD,Overdue,Net 30,0
INV-02332,PO-43189,TX-02332,CA01,2023,RE,100018,S018,2023-09-12,2023-09-13,2023-10-12,2023-10-10,2023-10-10,PAY6690897,86139.8,CAD,Paid,Net 30,0
INV-01816,PO-40597,TX-01816,CA01,2025,RE,100026,S026,2025-07-08,2025-07-09,2025-08-07,2025-08-05,2025-08-05,PAY6069918,18231.55,CAD,Paid,Net 30,0
INV-01304,PO-96463,TX-01304,CA01,2023,RE,100006,S006,2023-12-03,2023-12-05,2024-01-17,2024-01-14,2024-01-14,PAY6045903,1547.35,CAD,Paid,Net 45,0
INV-01052,PO-37470,TX-01052,CA01,2023,RE,100030,S030,2023-07-01,2023-07-03,2023-07-31,,,,12702.03,CAD,Overdue,Net 30,0
INV-01742,PO-19563,TX-01742,CA01,2025,RE,100002,S002,2025-07-31,2025-08-02,2025-08-30,2025-08-29,2025-08-29,PAY6875763,76599.67,CAD,Paid,Net 30,0
INV-01055,PO-30144,TX-01055,CA01,2023,RE,100033,S033,2023-02-18,2023-02-18,2023-03-20,,,,26586.4,CAD,Overdue,Net 30,0
INV-01391,PO-18116,TX-01391,CA01,2025,RE,100008,S008,2025-03-02,2025-03-03,2025-04-01,,,,84551.12,CAD,Overdue,Net 30,0
INV-02233,PO-62142,TX-02233,CA01,2025,RE,100029,S029,2025-10-27,2025-10-28,2025-11-26,,,,2170.67,CAD,Pending,Net 30,0
INV-00310,PO-28528,TX-00310,CA01,2023,RE,100031,S031,2023-10-06,2023-10-08,2023-11-20,2023-11-19,2023-11-19,PAY6983354,53745.39,CAD,Paid,Net 45,0
INV-02361,PO-19769,TX-02361,CA01,2024,RE,100016,S016,2024-07-27,2024-07-28,2024-08-11,2024-08-08,2024-08-08,PAY6136078,162230.48,CAD,Paid,Net 15,0
INV-00546,PO-20490,TX-00546,CA01,2025,RE,100036,S036,2025-06-12,2025-06-13,2025-07-12,,,,6603.42,CAD,Pending,Net 30,0
INV-00657,PO-59856,TX-00657,CA01,2025,RE,100028,S028,2025-08-02,2025-08-04,2025-09-16,2025-09-12,2025-09-12,PAY6187316,73934.33,CAD,Paid,Net 45,0
INV-01425,PO-84852,TX-01425,CA01,2024,RE,100016,S016,2024-07-18,2024-07-18,2024-08-02,2024-07-28,2024-07-28,PAY6915923,6981.78,CAD,Paid,Net 15,0
INV-02150,PO-44681,TX-02150,CA01,2023,RE,100024,S024,2023-06-06,2023-06-06,2023-07-06,2023-07-01,2023-07-01,PAY6032792,10154.5,CAD,Paid,Net 30,0
INV-01341,PO-77976,TX-01341,CA01,2024,RE,100032,S032,2024-01-02,2024-01-02,2024-03-02,,,,171380.61,CAD,Pending,Net 60,0
INV-02190,PO-29619,TX-02190,CA01,2024,RE,100025,S025,2024-10-15,2024-10-17,2024-11-14,,,,1352.48,CAD,Overdue,Net 30,0
INV-00704,PO-73898,TX-00704,CA01,2024,RE,100038,S038,2024-11-09,2024-11-10,2024-12-09,2024-12-05,2024-12-05,PAY6211895,70436.53,CAD,Paid,Net 30,0
INV-01514,PO-55349,TX-01514,CA01,2023,RE,100039,S039,2023-02-27,2023-03-01,2023-04-13,2023-04-11,2023-04-11,PAY6112255,74748.25,CAD,Paid,Net 45,0
INV-01698,PO-57000,TX-01698,CA01,2023,RE,100009,S009,2023-03-06,2023-03-08,2023-04-05,2023-03-31,2023-03-31,PAY6508947,153157.26,CAD,Paid,Net 30,0
INV-01884,PO-83763,TX-01884,CA01,2023,RE,100026,S026,2023-12-07,2023-12-08,2024-01-06,2024-01-02,2024-01-02,PAY6200924,21937.22,CAD,Paid,Net 30,0
INV-00282,PO-61068,TX-00282,CA01,2025,RE,100009,S009,2025-02-22,2025-02-22,2025-03-24,2025-03-22,2025-03-22,PAY6103550,114703.5,CAD,Paid,Net 30,0
INV-01363,PO-38686,TX-01363,CA01,2024,RE,100032,S032,2024-02-09,2024-02-09,2024-04-09,,,,212558.6,CAD,Pending,Net 60,0
INV-00842,PO-48088,TX-00842,CA01,2024,RE,100040,S040,2024-10-02,2024-10-04,2024-12-01,2024-11-26,2024-11-26,PAY6033362,104575.13,CAD,Paid,Net 60,0
INV-01610,PO-72558,TX-01610,CA01,2023,RE,100037,S037,2023-05-12,2023-05-12,2023-06-11,2023-06-06,2023-06-06,PAY6598749,11531.27,CAD,Paid,Net 30,0
INV-00444,PO-62873,TX-00444,CA01,2024,RE,100006,S006,2024-01-22,2024-01-24,2024-03-07,,,,56258.98,CAD,Pending,Net 45,0
INV-00524,PO-77720,TX-00524,CA01,2025,RE,100036,S036,2025-02-21,2025-02-23,2025-03-23,,,,42876.16,CAD,Pending,Net 30,0
INV-00301,PO-50880,TX-00301,CA01,2023,RE,100034,S034,2023-08-30,2023-08-31,2023-10-14,2023-10-10,2023-10-10,PAY6672925,313463.47,CAD,Paid,Net 45,0
INV-01984,PO-65358,TX-01984,CA01,2023,RE,100039,S039,2023-10-03,2023-10-04,2023-11-17,,,,61948.54,CAD,Pending,Net 45,0
INV-00606,PO-46087,TX-00606,CA01,2024,RE,100027,S027,2024-01-24,2024-01-25,2024-02-23,2024-02-18,2024-02-18,PAY6876923,32403.46,CAD,Paid,Net 30,0
INV-00182,PO-57467,TX-00182,CA01,2025,RE,100016,S016,2025-06-22,2025-06-24,2025-07-07,2025-07-06,2025-07-06,PAY6407475,1891.27,CAD,Paid,Net 15,0
INV-02337,PO-80634,TX-02337,CA01,2023,RE,100032,S032,2023-12-20,2023-12-21,2024-02-18,,,,34584.35,CAD,Pending,Net 60,0
INV-01709,PO-64332,TX-01709,CA01,2023,RE,100003,S003,2023-02-15,2023-02-15,2023-03-02,,,,38047.86,CAD,Pending,Net 15,0
INV-01807,PO-28275,TX-01807,CA01,2023,RE,100030,S030,2023-10-22,2023-10-22,2023-11-21,2023-11-20,2023-11-20,PAY6689880,50020.96,CAD,Paid,Net 30,0
INV-00889,PO-36224,TX-00889,CA01,2024,RE,100040,S040,2024-01-18,2024-01-20,2024-03-18,2024-03-17,2024-03-17,PAY6513707,50448.76,CAD,Paid,Net 60,0
INV-02179,PO-23513,TX-02179,CA01,2024,RE,100034,S034,2024-04-06,2024-04-08,2024-05-21,,,,106023.06,CAD,Pending,Net 45,0
INV-00790,PO-16758,TX-00790,CA01,2023,RE,100027,S027,2023-04-27,2023-04-28,2023-05-27,2023-05-23,2023-05-23,PAY6551363,118494.3,CAD,Paid,Net 30,0
INV-00346,PO-42044,TX-00346,CA01,2025,RE,100009,S009,2025-06-17,2025-06-19,2025-07-17,2025-07-12,2025-07-12,PAY6654280,152870.14,CAD,Paid,Net 30,0
INV-01734,PO-96462,TX-01734,CA01,2025,RE,100025,S025,2025-01-08,2025-01-10,2025-02-07,2025-02-05,2025-02-05,PAY6735381,1708.12,CAD,Paid,Net 30,0
INV-00266,PO-94123,TX-00266,CA01,2023,RE,100018,S018,2023-10-21,2023-10-21,2023-11-20,,,,69961.27,CAD,Pending,Net 30,0
INV-00389,PO-93839,TX-00389,CA01,2024,RE,100002,S002,2024-10-18,2024-10-18,2024-11-17,2024-11-12,2024-11-12,PAY6618975,80577.12,CAD,Paid,Net 30,0
INV-00930,PO-96208,TX-00930,CA01,2023,RE,100004,S004,2023-02-03,2023-02-04,2023-03-05,2023-03-03,2023-03-03,PAY6268371,9257.75,CAD,Paid,Net 30,0
INV-00343,PO-65518,TX-00343,CA01,2025,RE,100001,S001,2025-03-30,2025-04-01,2025-04-29,,,,30265.1,CAD,Pending,Net 30,0
INV-00772,PO-66973,TX-00772,CA01,2023,RE,100017,S017,2023-04-03,2023-04-05,2023-05-03,2023-04-28,2023-04-28,PAY6051470,6559.84,CAD,Paid,Net 30,0
INV-02036,PO-86871,TX-02036,CA01,2023,RE,100032,S032,2023-02-01,2023-02-01,2023-04-02,2023-04-01,2023-04-01,PAY6384150,194024.58,CAD,Paid,Net 60,0
INV-01326,PO-80458,TX-01326,CA01,2024,RE,100024,S024,2024-01-30,2024-02-01,2024-02-29,2024-02-24,2024-02-24,PAY6231444,11996.45,CAD,Paid,Net 30,0
INV-00620,PO-14543,TX-00620,CA01,2024,RE,100025,S025,2024-06-05,2024-06-05,2024-07-05,2024-06-30,2024-06-30,PAY6635388,4094.98,CAD,Paid,Net 30,0
INV-02205,PO-81219,TX-02205,CA01,2023,RE,100035,S035,2023-05-26,2023-05-27,2023-07-10,2023-07-09,2023-07-09,PAY6752715,133195.39,CAD,Paid,Net 45,0
INV-00705,PO-46996,TX-00705,CA01,2023,RE,100001,S001,2023-08-25,2023-08-25,2023-09-24,,,,16147.43,CAD,Pending,Net 30,0
INV-00854,PO-31514,TX-00854,CA01,2024,RE,100026,S026,2024-01-04,2024-01-06,2024-02-03,2024-01-30,2024-01-30,PAY6074316,80350.61,CAD,Paid,Net 30,0
INV-01163,PO-18645,TX-01163,CA01,2023,RE,100024,S024,2023-09-17,2023-09-18,2023-10-17,,,,7557.57,CAD,Pending,Net 30,0
INV-00461,PO-11620,TX-00461,CA01,2025,RE,100030,S030,2025-04-24,2025-04-24,2025-05-24,2025-05-20,2025-05-20,PAY6013721,8258.25,CAD,Paid,Net 30,0
INV-01469,PO-92709,TX-01469,CA01,2023,RE,100029,S029,2023-03-26,2023-03-26,2023-04-25,2023-04-20,2023-04-20,PAY6975396,2579.36,CAD,Paid,Net 30,0
INV-02203,PO-48360,TX-02203,CA01,2024,RE,100027,S027,2024-04-03,2024-04-04,2024-05-03,2024-04-28,2024-04-28,PAY6965775,65371.86,CAD,Paid,Net 30,0
INV-01578,PO-38613,TX-01578,CA01,2023,RE,100025,S025,2023-09-28,2023-09-29,2023-10-28,,,,8078.46,CAD,Pending,Net 30,0
INV-01239,PO-48626,TX-01239,CA01,2023,RE,100027,S027,2023-05-04,2023-05-04,2023-06-03,2023-06-01,2023-06-01,PAY6218877,57570.97,CAD,Paid,Net 30,0
INV-00628,PO-52838,TX-00628,CA01,2025,RE,100038,S038,2025-12-13,2025-12-15,2026-01-12,2026-01-07,2026-01-07,PAY6687603,3350.01,CAD,Paid,Net 30,0
INV-01403,PO-40882,TX-01403,CA01,2024,RE,100029,S029,2024-11-08,2024-11-08,2024-12-08,2024-12-08,2024-12-08,PAY6515276,12596.84,CAD,Paid,Net 30,0
INV-00403,PO-21233,TX-00403,CA01,2024,RE,100028,S028,2024-07-10,2024-07-11,2024-08-24,2024-08-22,2024-08-22,PAY6973501,20486.33,CAD,Paid,Net 45,0
INV-02007,PO-18768,TX-02007,CA01,2024,RE,100038,S038,2024-01-26,2024-01-26,2024-02-25,,,,31656.54,CAD,Overdue,Net 30,0
INV-00802,PO-47387,TX-00802,CA01,2023,RE,100035,S035,2023-12-14,2023-12-15,2024-01-28,2024-01-24,2024-01-24,PAY6932988,32891.05,CAD,Paid,Net 45,0
INV-00884,PO-43493,TX-00884,CA01,2024,RE,100027,S027,2024-04-30,2024-05-01,2024-05-30,2024-05-27,2024-05-27,PAY6872496,89110.22,CAD,Paid,Net 30,0
INV-01977,PO-71952,TX-01977,CA01,2023,RE,100029,S029,2023-03-10,2023-03-12,2023-04-09,,,,3018.41,CAD,Pending,Net 30,0
INV-00904,PO-51591,TX-00904,CA01,2025,RE,100018,S018,2025-11-02,2025-11-03,2025-12-02,,,,35090.05,CAD,Pending,Net 30,0
INV-00075,PO-86720,TX-00075,CA01,2025,RE,100002,S002,2025-12-03,2025-12-04,2026-01-02,2025-12-29,2025-12-29,PAY6083840,55212.84,CAD,Paid,Net 30,0
INV-02310,PO-72620,TX-02310,CA01,2023,RE,100001,S001,2023-10-09,2023-10-11,2023-11-08,2023-11-04,2023-11-04,PAY6490795,45278.25,CAD,Paid,Net 30,0
INV-00616,PO-23829,TX-00616,CA01,2024,RE,100029,S029,2024-01-07,2024-01-08,2024-02-06,2024-02-01,2024-02-01,PAY6839930,6591.36,CAD,Paid,Net 30,0
INV-02291,PO-93840,TX-02291,CA01,2023,RE,100038,S038,2023-04-07,2023-04-09,2023-05-07,,,,82511.18,CAD,Pending,Net 30,0
INV-01176,PO-32089,TX-01176,CA01,2025,RE,100034,S034,2025-12-24,2025-12-26,2026-02-07,,,,11576.18,CAD,Pending,Net 45,0
INV-01242,PO-57873,TX-01242,CA01,2023,RE,100028,S028,2023-06-06,2023-06-07,2023-07-21,,,,81794.24,CAD,Pending,Net 45,0
INV-00248,PO-70375,TX-00248,CA01,2025,RE,100003,S003,2025-05-25,2025-05-26,2025-06-09,,,,41261.98,CAD,Pending,Net 15,0
INV-01482,PO-15542,TX-01482,CA01,2025,RE,100001,S001,2025-12-20,2025-12-20,2026-01-19,,,,5371.42,CAD,Pending,Net 30,0
INV-01483,PO-26206,TX-01483,CA01,2023,RE,100018,S018,2023-02-20,2023-02-22,2023-03-22,,,,37082.43,CAD,Overdue,Net 30,0
INV-01613,PO-94230,TX-01613,CA01,2023,RE,100028,S028,2023-01-24,2023-01-24,2023-03-10,,,,91031.12,CAD,Pending,Net 45,0
INV-00345,PO-99267,TX-00345,CA01,2025,RE,100037,S037,2025-03-18,2025-03-19,2025-04-17,,,,75561.55,CAD,Overdue,Net 30,0
INV-00627,PO-93084,TX-00627,CA01,2024,RE,100038,S038,2024-04-10,2024-04-10,2024-05-10,,,,64333.6,CAD,Pending,Net 30,0
INV-01614,PO-88820,TX-01614,CA01,2025,RE,100029,S029,2025-07-24,2025-07-26,2025-08-23,2025-08-18,2025-08-18,PAY6669952,5736.74,CAD,Paid,Net 30,0
INV-00958,PO-11035,TX-00958,CA01,2024,RE,100034,S034,2024-09-17,2024-09-17,2024-11-01,2024-10-29,2024-10-29,PAY6063648,130504.77,CAD,Paid,Net 45,0
INV-01570,PO-52547,TX-01570,CA01,2024,RE,100033,S033,2024-10-20,2024-10-22,2024-11-19,2024-11-14,2024-11-14,PAY6378458,19332.63,CAD,Paid,Net 30,0
INV-00167,PO-65027,TX-00167,CA01,2024,RE,100038,S038,2024-08-18,2024-08-19,2024-09-17,2024-09-12,2024-09-12,PAY6585126,3955.77,CAD,Paid,Net 30,0
INV-01887,PO-28025,TX-01887,CA01,2025,RE,100007,S007,2025-01-07,2025-01-08,2025-02-06,2025-02-02,2025-02-02,PAY6779592,64926.29,CAD,Paid,Net 30,0
INV-01611,PO-72691,TX-01611,CA01,2023,RE,100026,S026,2023-04-17,2023-04-19,2023-05-17,2023-05-15,2023-05-15,PAY6983819,36836.82,CAD,Paid,Net 30,0
INV-DUP-016,PO-93839,TX-DUP-016,CA01,2024,RE,100002,S002,2024-10-19,2024-10-20,2024-11-18,2024-11-15,2024-11-15,PAY6933684,80577.12,CAD,Paid,Net 30,0
INV-01510,PO-41558,TX-01510,CA01,2025,RE,100030,S030,2025-08-31,2025-09-01,2025-09-30,2025-09-30,2025-09-30,PAY6436158,30302.55,CAD,Paid,Net 30,0
INV-01663,PO-50819,TX-01663,CA01,2025,RE,100030,S030,2025-06-23,2025-06-24,2025-07-23,2025-07-19,2025-07-19,PAY6861957,17696.25,CAD,Paid,Net 30,0
INV-01503,PO-83289,TX-01503,CA01,2025,RE,100007,S007,2025-08-21,2025-08-22,2025-09-20,,,,19023.08,CAD,Overdue,Net 30,0
INV-00229,PO-47941,TX-00229,CA01,2025,RE,100038,S038,2025-03-26,2025-03-28,2025-04-25,,,,17333.71,CAD,Pending,Net 30,0
INV-02053,PO-10012,TX-02053,CA01,2023,RE,100025,S025,2023-07-25,2023-07-25,2023-08-24,2023-08-24,2023-08-24,PAY6386996,1465.13,CAD,Paid,Net 30,0
INV-02267,PO-18888,TX-02267,CA01,2024,RE,100039,S039,2024-10-01,2024-10-01,2024-11-15,2024-11-15,2024-11-15,PAY6832831,61994.5,CAD,Paid,Net 45,0
INV-02344,PO-18645,TX-02344,CA01,2025,RE,100034,S034,2025-12-29,2025-12-30,2026-02-12,2026-02-09,2026-02-09,PAY6742846,70371.95,CAD,Paid,Net 45,0
INV-01720,PO-33506,TX-01720,CA01,2023,RE,100027,S027,2023-12-02,2023-12-02,2024-01-01,,,,53511.33,CAD,Pending,Net 30,0
INV-02378,PO-85303,TX-02378,CA01,2023,RE,100016,S016,2023-10-24,2023-10-24,2023-11-08,2023-11-07,2023-11-07,PAY6061132,26616.56,CAD,Paid,Net 15,0
INV-00832,PO-24643,TX-00832,CA01,2023,RE,100017,S017,2023-09-16,2023-09-17,2023-10-16,2023-10-16,2023-10-16,PAY6863652,39213.02,CAD,Paid,Net 30,0
INV-00333,PO-40008,TX-00333,CA01,2023,RE,100040,S040,2023-09-10,2023-09-11,2023-11-09,2023-11-04,2023-11-04,PAY6646901,41546.46,CAD,Paid,Net 60,0
INV-00618,PO-51307,TX-00618,CA01,2023,RE,100039,S039,2023-11-27,2023-11-27,2024-01-11,2024-01-11,2024-01-11,PAY6278727,33506.05,CAD,Paid,Net 45,0
INV-00665,PO-60343,TX-00665,CA01,2025,RE,100007,S007,2025-07-11,2025-07-13,2025-08-10,,,,22908.36,CAD,Pending,Net 30,0
INV-01606,PO-53190,TX-01606,CA01,2025,RE,100029,S029,2025-01-21,2025-01-22,2025-02-20,2025-02-19,2025-02-19,PAY6554718,5742.91,CAD,Paid,Net 30,0
INV-01586,PO-82359,TX-01586,CA01,2023,RE,100026,S026,2023-02-23,2023-02-25,2023-03-25,2023-03-23,2023-03-23,PAY6042627,107574.11,CAD,Paid,Net 30,0
INV-00274,PO-79226,TX-00274,CA01,2023,RE,100040,S040,2023-06-21,2023-06-21,2023-08-20,2023-08-19,2023-08-19,PAY6769969,23605.47,CAD,Paid,Net 60,0
INV-02172,PO-26972,TX-02172,CA01,2025,RE,100037,S037,2025-06-15,2025-06-16,2025-07-15,2025-07-13,2025-07-13,PAY6073807,62482.82,CAD,Paid,Net 30,0
INV-01016,PO-17181,TX-01016,CA01,2023,RE,100039,S039,2023-05-15,2023-05-17,2023-06-29,2023-06-24,2023-06-24,PAY6874991,7822.27,CAD,Paid,Net 45,0
INV-01080,PO-83669,TX-01080,CA01,2025,RE,100017,S017,2025-05-08,2025-05-09,2025-06-07,2025-06-05,2025-06-05,PAY6318667,71068.51,CAD,Paid,Net 30,0
INV-00120,PO-62640,TX-00120,CA01,2025,RE,100040,S040,2025-12-09,2025-12-09,2026-02-07,,,,21214.64,CAD,Overdue,Net 60,0
INV-00489,PO-82954,TX-00489,CA01,2025,RE,100017,S017,2025-11-21,2025-11-23,2025-12-21,2025-12-20,2025-12-20,PAY6081721,2631.57,CAD,Paid,Net 30,0
INV-00894,PO-62564,TX-00894,CA01,2024,RE,100024,S024,2024-02-12,2024-02-12,2024-03-13,2024-03-13,2024-03-13,PAY6990488,4743.06,CAD,Paid,Net 30,0
INV-00652,PO-90864,TX-00652,CA01,2023,RE,100017,S017,2023-10-02,2023-10-02,2023-11-01,2023-10-27,2023-10-27,PAY6226387,28044.8,CAD,Paid,Net 30,0
INV-00168,PO-85372,TX-00168,CA01,2025,RE,100026,S026,2025-10-26,2025-10-27,2025-11-25,2025-11-23,2025-11-23,PAY6544719,6477.39,CAD,Paid,Net 30,0
INV-01549,PO-88534,TX-01549,CA01,2025,RE,100017,S017,2025-01-14,2025-01-16,2025-02-13,,,,49790.2,CAD,Pending,Net 30,0
INV-01223,PO-11769,TX-01223,CA01,2023,RE,100017,S017,2023-06-24,2023-06-24,2023-07-24,2023-07-23,2023-07-23,PAY6101836,45915.49,CAD,Paid,Net 30,0
INV-01924,PO-28941,TX-01924,CA01,2025,RE,100004,S004,2025-03-08,2025-03-08,2025-04-07,2025-04-03,2025-04-03,PAY6106142,46543.45,CAD,Paid,Net 30,0
INV-00304,PO-30989,TX-00304,CA01,2023,RE,100028,S028,2023-12-08,2023-12-10,2024-01-22,2024-01-22,2024-01-22,PAY6760397,189489.48,CAD,Paid,Net 45,0
INV-01703,PO-12087,TX-01703,CA01,2025,RE,100028,S028,2025-06-16,2025-06-16,2025-07-31,,,,126846.74,CAD,Overdue,Net 45,0
INV-00368,PO-82869,TX-00368,CA01,2024,RE,100040,S040,2024-06-19,2024-06-19,2024-08-18,2024-08-16,2024-08-16,PAY6242239,15659.81,CAD,Paid,Net 60,0
INV-02220,PO-85708,TX-02220,CA01,2023,RE,100039,S039,2023-02-14,2023-02-16,2023-03-31,,,,16854.51,CAD,Overdue,Net 45,0
INV-00094,PO-48452,TX-00094,CA01,2024,RE,100027,S027,2024-09-11,2024-09-13,2024-10-11,,,,13618.96,CAD,Overdue,Net 30,0
INV-00291,PO-51180,TX-00291,CA01,2024,RE,100038,S038,2024-10-19,2024-10-21,2024-11-18,,,,43297.78,CAD,Pending,Net 30,0
INV-00541,PO-80268,TX-00541,CA01,2025,RE,100033,S033,2025-05-24,2025-05-26,2025-06-23,,,,52901.31,CAD,Overdue,Net 30,0
INV-00919,PO-89103,TX-00919,CA01,2025,RE,100016,S016,2025-10-09,2025-10-10,2025-10-24,2025-10-21,2025-10-21,PAY6557487,111740.39,CAD,Paid,Net 15,0
INV-02168,PO-14692,TX-02168,CA01,2024,RE,100028,S028,2024-08-04,2024-08-06,2024-09-18,2024-09-18,2024-09-18,PAY6404048,66142.52,CAD,Paid,Net 45,0
INV-02340,PO-28982,TX-02340,CA01,2024,RE,100024,S024,2024-04-20,2024-04-21,2024-05-20,,,,3840.02,CAD,Overdue,Net 30,0
INV-01458,PO-76676,TX-01458,CA01,2024,RE,100008,S008,2024-07-25,2024-07-26,2024-08-24,2024-08-20,2024-08-20,PAY6198663,11469.24,CAD,Paid,Net 30,0
INV-01883,PO-39980,TX-01883,CA01,2024,RE,100003,S003,2024-04-09,2024-04-10,2024-04-24,2024-04-19,2024-04-19,PAY6202500,23047.67,CAD,Paid,Net 15,0
INV-01872,PO-66167,TX-01872,CA01,2024,RE,100038,S038,2024-09-13,2024-09-13,2024-10-13,2024-10-08,2024-10-08,PAY6551752,14237.15,CAD,Paid,Net 30,0
INV-DUP-006,PO-24302,TX-DUP-006,CA01,2025,RE,100026,S026,2025-08-13,2025-08-14,2025-09-12,,,,44222.11,CAD,Pending,Net 30,0
INV-02242,PO-58067,TX-02242,CA01,2023,RE,100034,S034,2023-02-10,2023-02-11,2023-03-27,2023-03-23,2023-03-23,PAY6688784,261148.89,CAD,Paid,Net 45,0
INV-02221,PO-67513,TX-02221,CA01,2023,RE,100040,S040,2023-09-03,2023-09-03,2023-11-02,2023-11-01,2023-11-01,PAY6260846,19131.97,CAD,Paid,Net 60,0
INV-00236,PO-75866,TX-00236,CA01,2023,RE,100034,S034,2023-09-04,2023-09-04,2023-10-19,2023-10-14,2023-10-14,PAY6597717,25227.89,CAD,Paid,Net 45,0
INV-02317,PO-31211,TX-02317,CA01,2025,RE,100039,S039,2025-04-27,2025-04-27,2025-06-11,,,,5583.27,CAD,Pending,Net 45,0
INV-00808,PO-15253,TX-00808,CA01,2025,RE,100037,S037,2025-06-26,2025-06-28,2025-07-26,2025-07-21,2025-07-21,PAY6655700,9987.23,CAD,Paid,Net 30,0
INV-01622,PO-39979,TX-01622,CA01,2025,RE,100018,S018,2025-08-31,2025-08-31,2025-09-30,,,,97684.72,CAD,Pending,Net 30,0
INV-01039,PO-52182,TX-01039,CA01,2025,RE,100037,S037,2025-11-14,2025-11-14,2025-12-14,2025-12-10,2025-12-10,PAY6993529,35616.61,CAD,Paid,Net 30,0
INV-01668,PO-14485,TX-01668,CA01,2025,RE,100032,S032,2025-05-18,2025-05-19,2025-07-17,2025-07-14,2025-07-14,PAY6187588,39891.04,CAD,Paid,Net 60,0
INV-00193,PO-52291,TX-00193,CA01,2023,RE,100038,S038,2023-09-15,2023-09-15,2023-10-15,2023-10-14,2023-10-14,PAY6585549,17527.49,CAD,Paid,Net 30,0
INV-01375,PO-30286,TX-01375,CA01,2025,RE,100037,S037,2025-10-15,2025-10-17,2025-11-14,2025-11-10,2025-11-10,PAY6785587,25894.28,CAD,Paid,Net 30,0
INV-01712,PO-42361,TX-01712,CA01,2023,RE,100033,S033,2023-10-06,2023-10-06,2023-11-05,2023-10-31,2023-10-31,PAY6585253,88492.7,CAD,Paid,Net 30,0
INV-00384,PO-17806,TX-00384,CA01,2024,RE,100024,S024,2024-01-06,2024-01-08,2024-02-05,,,,15678.18,CAD,Overdue,Net 30,0
INV-02062,PO-12625,TX-02062,CA01,2025,RE,100037,S037,2025-07-07,2025-07-07,2025-08-06,,,,15445.84,CAD,Pending,Net 30,0
INV-00536,PO-98940,TX-00536,CA01,2023,RE,100007,S007,2023-09-30,2023-09-30,2023-10-30,,,,124077.6,CAD,Pending,Net 30,0
INV-00170,PO-81313,TX-00170,CA01,2023,RE,100038,S038,2023-06-28,2023-06-28,2023-07-28,,,,20622.01,CAD,Pending,Net 30,0
INV-00795,PO-69241,TX-00795,CA01,2025,RE,100026,S026,2025-12-26,2025-12-26,2026-01-25,2026-01-23,2026-01-23,PAY6435352,94007.24,CAD,Paid,Net 30,0
INV-01528,PO-42339,TX-01528,CA01,2023,RE,100002,S002,2023-01-24,2023-01-26,2023-02-23,2023-02-18,2023-02-18,PAY6782351,8806.47,CAD,Paid,Net 30,0
INV-00999,PO-80533,TX-00999,CA01,2025,RE,100040,S040,2025-04-30,2025-05-02,2025-06-29,2025-06-24,2025-06-24,PAY6110639,40565.54,CAD,Paid,Net 60,0
INV-00423,PO-11166,TX-00423,CA01,2023,RE,100034,S034,2023-02-15,2023-02-16,2023-04-01,2023-04-01,2023-04-01,PAY6803506,422289.68,CAD,Paid,Net 45,0
INV-00521,PO-44649,TX-00521,CA01,2023,RE,100036,S036,2023-03-26,2023-03-28,2023-04-25,,,,21451.77,CAD,Pending,Net 30,0
INV-02358,PO-73253,TX-02358,CA01,2023,RE,100034,S034,2023-06-27,2023-06-27,2023-08-11,2023-08-08,2023-08-08,PAY6669646,138783.91,CAD,Paid,Net 45,0
INV-02040,PO-24040,TX-02040,CA01,2025,RE,100031,S031,2025-11-27,2025-11-28,2026-01-11,2026-01-08,2026-01-08,PAY6604570,333364.4,CAD,Paid,Net 45,0
INV-01798,PO-33049,TX-01798,CA01,2023,RE,100036,S036,2023-05-12,2023-05-13,2023-06-11,,,,40527.74,CAD,Overdue,Net 30,0
INV-00535,PO-15116,TX-00535,CA01,2023,RE,100038,S038,2023-07-22,2023-07-23,2023-08-21,,,,17567.57,CAD,Overdue,Net 30,0
INV-00538,PO-20986,TX-00538,CA01,2023,RE,100033,S033,2023-10-08,2023-10-08,2023-11-07,2023-11-04,2023-11-04,PAY6375351,67362.71,CAD,Paid,Net 30,0
INV-00898,PO-98760,TX-00898,CA01,2025,RE,100030,S030,2025-06-06,2025-06-08,2025-07-06,2025-07-01,2025-07-01,PAY6707256,85670.08,CAD,Paid,Net 30,0
INV-00612,PO-37359,TX-00612,CA01,2024,RE,100040,S040,2024-06-13,2024-06-13,2024-08-12,2024-08-10,2024-08-10,PAY6481003,4531.79,CAD,Paid,Net 60,0
INV-01135,PO-97208,TX-01135,CA01,2024,RE,100018,S018,2024-03-29,2024-03-30,2024-04-28,,,,46166.61,CAD,Pending,Net 30,0
INV-DUP-015,PO-75564,TX-DUP-015,CA01,2025,RE,100029,S029,2025-06-29,2025-06-29,2025-07-29,,,,15977.11,CAD,Pending,Net 30,0
INV-00852,PO-80848,TX-00852,CA01,2025,RE,100027,S027,2025-10-18,2025-10-18,2025-11-17,2025-11-13,2025-11-13,PAY6736677,24627.08,CAD,Paid,Net 30,0
INV-00148,PO-15376,TX-00148,CA01,2023,RE,100031,S031,2023-07-05,2023-07-07,2023-08-19,2023-08-19,2023-08-19,PAY6697557,189384.54,CAD,Paid,Net 45,0
INV-02157,PO-63533,TX-02157,CA01,2025,RE,100024,S024,2025-11-24,2025-11-26,2025-12-24,,,,2706.11,CAD,Overdue,Net 30,0
INV-02342,PO-18776,TX-02342,CA01,2025,RE,100027,S027,2025-03-28,2025-03-29,2025-04-27,2025-04-27,2025-04-27,PAY6447820,60509.12,CAD,Paid,Net 30,0
INV-00519,PO-96858,TX-00519,CA01,2025,RE,100036,S036,2025-11-13,2025-11-13,2025-12-13,,,,8782.85,CAD,Overdue,Net 30,0
INV-00042,PO-44099,TX-00042,CA01,2025,RE,100001,S001,2025-05-29,2025-05-29,2025-06-28,2025-06-23,2025-06-23,PAY6925708,7534.32,CAD,Paid,Net 30,0
INV-00804,PO-97235,TX-00804,CA01,2025,RE,100036,S036,2025-01-30,2025-02-01,2025-03-01,2025-02-27,2025-02-27,PAY6109159,21281.11,CAD,Paid,Net 30,0
INV-01475,PO-98472,TX-01475,CA01,2025,RE,100032,S032,2025-04-24,2025-04-24,2025-06-23,,,,42416.5,CAD,Overdue,Net 60,0
INV-01727,PO-93424,TX-01727,CA01,2025,RE,100039,S039,2025-02-09,2025-02-09,2025-03-26,2025-03-25,2025-03-25,PAY6174912,82535.21,CAD,Paid,Net 45,0
INV-00271,PO-56457,TX-00271,CA01,2024,RE,100027,S027,2024-05-11,2024-05-11,2024-06-10,2024-06-06,2024-06-06,PAY6830956,31137.84,CAD,Paid,Net 30,0
INV-00450,PO-36037,TX-00450,CA01,2023,RE,100027,S027,2023-09-02,2023-09-04,2023-10-02,2023-09-29,2023-09-29,PAY6189159,61083.9,CAD,Paid,Net 30,0
INV-00540,PO-63588,TX-00540,CA01,2025,RE,100027,S027,2025-02-12,2025-02-13,2025-03-14,2025-03-13,2025-03-13,PAY6576680,114280.19,CAD,Paid,Net 30,0
INV-00866,PO-49563,TX-00866,CA01,2025,RE,100031,S031,2025-12-27,2025-12-28,2026-02-10,2026-02-05,2026-02-05,PAY6421063,73231.44,CAD,Paid,Net 45,0
INV-02209,PO-33680,TX-02209,CA01,2025,RE,100036,S036,2025-12-02,2025-12-02,2026-01-01,,,,79146.77,CAD,Overdue,Net 30,0
INV-01996,PO-86044,TX-01996,CA01,2024,RE,100038,S038,2024-09-22,2024-09-23,2024-10-22,2024-10-17,2024-10-17,PAY6529208,52382.77,CAD,Paid,Net 30,0
INV-01142,PO-37494,TX-01142,CA01,2023,RE,100027,S027,2023-10-13,2023-10-15,2023-11-12,,,,38225.66,CAD,Pending,Net 30,0
INV-02376,PO-23793,TX-02376,CA01,2024,RE,100026,S026,2024-07-01,2024-07-03,2024-07-31,2024-07-26,2024-07-26,PAY6353907,72090.86,CAD,Paid,Net 30,0
INV-00364,PO-86638,TX-00364,CA01,2024,RE,100035,S035,2024-07-12,2024-07-13,2024-08-26,,,,77055.48,CAD,Pending,Net 45,0
INV-01033,PO-41476,TX-01033,CA01,2023,RE,100036,S036,2023-08-19,2023-08-20,2023-09-18,,,,15430.48,CAD,Pending,Net 30,0
INV-02346,PO-80630,TX-02346,CA01,2025,RE,100008,S008,2025-07-28,2025-07-28,2025-08-27,2025-08-22,2025-08-22,PAY6689472,125893.27,CAD,Paid,Net 30,0
INV-00637,PO-80517,TX-00637,CA01,2023,RE,100031,S031,2023-08-19,2023-08-20,2023-10-03,2023-10-01,2023-10-01,PAY6165860,94322.05,CAD,Paid,Net 45,0
INV-00555,PO-25239,TX-00555,CA01,2025,RE,100025,S025,2025-08-03,2025-08-03,2025-09-02,2025-08-29,2025-08-29,PAY6559835,14148.72,CAD,Paid,Net 30,0
INV-00937,PO-87468,TX-00937,CA01,2024,RE,100039,S039,2024-08-24,2024-08-24,2024-10-08,,,,2372.69,CAD,Overdue,Net 45,0
INV-00523,PO-44513,TX-00523,CA01,2024,RE,100026,S026,2024-10-30,2024-11-01,2024-11-29,2024-11-25,2024-11-25,PAY6629057,22970.04,CAD,Paid,Net 30,0
INV-01207,PO-34928,TX-01207,CA01,2023,RE,100037,S037,2023-09-23,2023-09-25,2023-10-23,2023-10-18,2023-10-18,PAY6464531,49845.38,CAD,Paid,Net 30,0
INV-00876,PO-40938,TX-00876,CA01,2023,RE,100039,S039,2023-07-07,2023-07-09,2023-08-21,2023-08-17,2023-08-17,PAY6978866,34525.78,CAD,Paid,Net 45,0
INV-00728,PO-91830,TX-00728,CA01,2025,RE,100031,S031,2025-08-29,2025-08-31,2025-10-13,,,,201822.15,CAD,Pending,Net 45,0
INV-00222,PO-48070,TX-00222,CA01,2025,RE,100031,S031,2025-02-17,2025-02-18,2025-04-03,2025-04-02,2025-04-02,PAY6369438,214320.15,CAD,Paid,Net 45,0
INV-02253,PO-42256,TX-02253,CA01,2024,RE,100009,S009,2024-12-14,2024-12-16,2025-01-13,2025-01-08,2025-01-08,PAY6946324,44884.61,CAD,Paid,Net 30,0
INV-00666,PO-84120,TX-00666,CA01,2025,RE,100036,S036,2025-02-23,2025-02-24,2025-03-25,2025-03-24,2025-03-24,PAY6330463,3260.4,CAD,Paid,Net 30,0
INV-01953,PO-47345,TX-01953,CA01,2024,RE,100004,S004,2024-11-22,2024-11-24,2024-12-22,,,,33929.35,CAD,Overdue,Net 30,0
INV-00689,PO-51222,TX-00689,CA01,2023,RE,100038,S038,2023-08-29,2023-08-30,2023-09-28,2023-09-26,2023-09-26,PAY6576802,66096.46,CAD,Paid,Net 30,0
INV-00566,PO-58799,TX-00566,CA01,2024,RE,100025,S025,2024-12-10,2024-12-10,2025-01-09,2025-01-06,2025-01-06,PAY6340424,4335.28,CAD,Paid,Net 30,0
INV-02105,PO-24267,TX-02105,CA01,2023,RE,100001,S001,2023-05-29,2023-05-30,2023-06-28,2023-06-27,2023-06-27,PAY6885893,64217.09,CAD,Paid,Net 30,0
INV-00394,PO-51774,TX-00394,CA01,2023,RE,100024,S024,2023-06-04,2023-06-05,2023-07-04,2023-06-29,2023-06-29,PAY6389776,1314.54,CAD,Paid,Net 30,0
INV-00219,PO-99226,TX-00219,CA01,2024,RE,100036,S036,2024-12-03,2024-12-05,2025-01-02,,,,63375.33,CAD,Pending,Net 30,0
INV-01274,PO-20709,TX-01274,CA01,2023,RE,100033,S033,2023-12-30,2023-12-31,2024-01-29,,,,8100.46,CAD,Pending,Net 30,0
INV-01359,PO-91762,TX-01359,CA01,2023,RE,100007,S007,2023-10-31,2023-10-31,2023-11-30,2023-11-30,2023-11-30,PAY6432373,24477.94,CAD,Paid,Net 30,0
INV-01131,PO-54595,TX-01131,CA01,2024,RE,100038,S038,2024-06-21,2024-06-21,2024-07-21,2024-07-20,2024-07-20,PAY6801305,1663.94,CAD,Paid,Net 30,0
INV-02086,PO-65023,TX-02086,CA01,2024,RE,100032,S032,2024-09-22,2024-09-24,2024-11-21,,,,45735.64,CAD,Pending,Net 60,0
INV-00707,PO-41941,TX-00707,CA01,2025,RE,100009,S009,2025-08-04,2025-08-04,2025-09-03,2025-09-02,2025-09-02,PAY6664001,46811.34,CAD,Paid,Net 30,0
INV-01965,PO-41784,TX-01965,CA01,2025,RE,100006,S006,2025-04-04,2025-04-05,2025-05-19,,,,45764.49,CAD,Pending,Net 45,0
INV-02083,PO-33258,TX-02083,CA01,2025,RE,100031,S031,2025-12-24,2025-12-24,2026-02-07,2026-02-02,2026-02-02,PAY6451504,130041.96,CAD,Paid,Net 45,0
INV-00634,PO-13172,TX-00634,CA01,2025,RE,100028,S028,2025-05-23,2025-05-25,2025-07-07,2025-07-03,2025-07-03,PAY6866286,25717.02,CAD,Paid,Net 45,0
INV-01538,PO-41927,TX-01538,CA01,2025,RE,100016,S016,2025-07-25,2025-07-26,2025-08-09,,,,79298.59,CAD,Overdue,Net 15,0
INV-00276,PO-62205,TX-00276,CA01,2024,RE,100002,S002,2024-10-13,2024-10-15,2024-11-12,,,,1263.4,CAD,Overdue,Net 30,0
INV-00885,PO-92752,TX-00885,CA01,2024,RE,100031,S031,2024-05-04,2024-05-05,2024-06-18,2024-06-18,2024-06-18,PAY6761127,157441.01,CAD,Paid,Net 45,0
INV-01961,PO-97523,TX-01961,CA01,2024,RE,100006,S006,2024-11-15,2024-11-15,2024-12-30,2024-12-27,2024-12-27,PAY6339162,65424.97,CAD,Paid,Net 45,0
INV-00969,PO-74165,TX-00969,CA01,2025,RE,100039,S039,2025-10-24,2025-10-26,2025-12-08,2025-12-08,2025-12-08,PAY6637967,64184.26,CAD,Paid,Net 45,0
INV-DUP-005,PO-44640,TX-DUP-005,CA01,2023,RE,100001,S001,2023-04-04,2023-04-06,2023-05-04,2023-05-01,2023-05-01,PAY6252415,16437.64,CAD,Paid,Net 30,0
INV-00207,PO-47827,TX-00207,CA01,2023,RE,100033,S033,2023-04-19,2023-04-20,2023-05-19,,,,36477.86,CAD,Pending,Net 30,0
INV-00183,PO-68188,TX-00183,CA01,2023,RE,100038,S038,2023-11-13,2023-11-15,2023-12-13,2023-12-11,2023-12-11,PAY6590500,65229.68,CAD,Paid,Net 30,0
INV-02117,PO-49117,TX-02117,CA01,2023,RE,100025,S025,2023-01-13,2023-01-14,2023-02-12,2023-02-08,2023-02-08,PAY6572130,17853.25,CAD,Paid,Net 30,0
INV-01564,PO-60058,TX-01564,CA01,2024,RE,100026,S026,2024-11-03,2024-11-04,2024-12-03,2024-12-01,2024-12-01,PAY6224319,12243.62,CAD,Paid,Net 30,0
INV-00386,PO-67261,TX-00386,CA01,2023,RE,100006,S006,2023-07-31,2023-08-01,2023-09-14,,,,36761.78,CAD,Pending,Net 45,0
INV-00686,PO-82768,TX-00686,CA01,2025,RE,100038,S038,2025-12-07,2025-12-08,2026-01-06,2026-01-05,2026-01-05,PAY6393282,23109.3,CAD,Paid,Net 30,0
INV-01927,PO-60969,TX-01927,CA01,2024,RE,100026,S026,2024-05-15,2024-05-15,2024-06-14,2024-06-13,2024-06-13,PAY6802903,11823.68,CAD,Paid,Net 30,0
INV-02395,PO-81522,TX-02395,CA01,2023,RE,100032,S032,2023-11-10,2023-11-11,2024-01-09,,,,26261.32,CAD,Pending,Net 60,0
INV-01282,PO-11883,TX-01282,CA01,2024,RE,100038,S038,2024-03-07,2024-03-09,2024-04-06,2024-04-02,2024-04-02,PAY6576967,92812.28,CAD,Paid,Net 30,0
INV-00335,PO-95199,TX-00335,CA01,2023,RE,100038,S038,2023-10-27,2023-10-27,2023-11-26,,,,5110.69,CAD,Overdue,Net 30,0
INV-01362,PO-21272,TX-01362,CA01,2024,RE,100003,S003,2024-12-19,2024-12-21,2025-01-03,2025-01-01,2025-01-01,PAY6971135,62736.23,CAD,Paid,Net 15,0
INV-01522,PO-32179,TX-01522,CA01,2023,RE,100032,S032,2023-02-11,2023-02-11,2023-04-12,,,,126575.9,CAD,Pending,Net 60,0
INV-02194,PO-76380,TX-02194,CA01,2025,RE,100017,S017,2025-05-28,2025-05-29,2025-06-27,2025-06-27,2025-06-27,PAY6780746,68309.41,CAD,Paid,Net 30,0
INV-00867,PO-77550,TX-00867,CA01,2024,RE,100034,S034,2024-10-05,2024-10-05,2024-11-19,2024-11-17,2024-11-17,PAY6266431,52579.54,CAD,Paid,Net 45,0
INV-01789,PO-63371,TX-01789,CA01,2025,RE,100034,S034,2025-01-26,2025-01-26,2025-03-12,2025-03-09,2025-03-09,PAY6377496,350569.34,CAD,Paid,Net 45,0
INV-02061,PO-65690,TX-02061,CA01,2025,RE,100006,S006,2025-12-28,2025-12-30,2026-02-11,,,,45943.99,CAD,Pending,Net 45,0
INV-00460,PO-27125,TX-00460,CA01,2023,RE,100039,S039,2023-03-03,2023-03-05,2023-04-17,,,,76619.35,CAD,Pending,Net 45,0
INV-00436,PO-84632,TX-00436,CA01,2023,RE,100038,S038,2023-11-09,2023-11-10,2023-12-09,2023-12-04,2023-12-04,PAY6474379,3577.19,CAD,Paid,Net 30,0
INV-01777,PO-49746,TX-01777,CA01,2025,RE,100035,S035,2025-07-07,2025-07-07,2025-08-21,2025-08-20,2025-08-20,PAY6469237,106451.7,CAD,Paid,Net 45,0
INV-00387,PO-48602,TX-00387,CA01,2025,RE,100028,S028,2025-01-05,2025-01-05,2025-02-19,,,,27907.98,CAD,Pending,Net 45,0
INV-02391,PO-77458,TX-02391,CA01,2023,RE,100033,S033,2023-08-26,2023-08-26,2023-09-25,2023-09-25,2023-09-25,PAY6416379,165658.81,CAD,Paid,Net 30,0
INV-00018,PO-70332,TX-00018,CA01,2023,RE,100026,S026,2023-03-25,2023-03-26,2023-04-24,2023-04-23,2023-04-23,PAY6000205,56971.71,CAD,Paid,Net 30,0
INV-02003,PO-56299,TX-02003,CA01,2024,RE,100026,S026,2024-07-26,2024-07-27,2024-08-25,2024-08-23,2024-08-23,PAY6761594,76258.39,CAD,Paid,Net 30,0
INV-02140,PO-58281,TX-02140,CA01,2025,RE,100037,S037,2025-06-29,2025-06-30,2025-07-29,2025-07-25,2025-07-25,PAY6036346,68670.76,CAD,Paid,Net 30,0
INV-00510,PO-73857,TX-00510,CA01,2023,RE,100009,S009,2023-05-22,2023-05-23,2023-06-21,2023-06-21,2023-06-21,PAY6298301,17343.82,CAD,Paid,Net 30,0
INV-02149,PO-25894,TX-02149,CA01,2025,RE,100034,S034,2025-10-15,2025-10-16,2025-11-29,2025-11-24,2025-11-24,PAY6624702,166730.77,CAD,Paid,Net 45,0
INV-01445,PO-20683,TX-01445,CA01,2024,RE,100038,S038,2024-06-19,2024-06-21,2024-07-19,2024-07-15,2024-07-15,PAY6017094,29432.8,CAD,Paid,Net 30,0
INV-00277,PO-80852,TX-00277,CA01,2024,RE,100009,S009,2024-05-14,2024-05-14,2024-06-13,,,,121392.96,CAD,Pending,Net 30,0
INV-02248,PO-68079,TX-02248,CA01,2024,RE,100029,S029,2024-07-24,2024-07-24,2024-08-23,2024-08-18,2024-08-18,PAY6542752,990.6,CAD,Paid,Net 30,0
INV-00406,PO-26539,TX-00406,CA01,2025,RE,100016,S016,2025-07-15,2025-07-15,2025-07-30,2025-07-28,2025-07-28,PAY6141647,38733.19,CAD,Paid,Net 15,0
INV-00690,PO-49666,TX-00690,CA01,2023,RE,100003,S003,2023-06-30,2023-06-30,2023-07-15,2023-07-12,2023-07-12,PAY6933572,11562.4,CAD,Paid,Net 15,0
INV-01768,PO-96419,TX-01768,CA01,2024,RE,100024,S024,2024-01-30,2024-01-30,2024-02-29,2024-02-25,2024-02-25,PAY6316503,10988.94,CAD,Paid,Net 30,0
INV-00775,PO-22853,TX-00775,CA01,2024,RE,100006,S006,2024-11-05,2024-11-05,2024-12-20,2024-12-16,2024-12-16,PAY6006887,9826.94,CAD,Paid,Net 45,0
INV-00742,PO-88562,TX-00742,CA01,2023,RE,100001,S001,2023-07-09,2023-07-09,2023-08-08,2023-08-06,2023-08-06,PAY6314922,5603.35,CAD,Paid,Net 30,0
INV-00026,PO-63225,TX-00026,CA01,2025,RE,100025,S025,2025-02-19,2025-02-19,2025-03-21,2025-03-21,2025-03-21,PAY6232665,13945.39,CAD,Paid,Net 30,0
INV-00925,PO-22384,TX-00925,CA01,2023,RE,100005,S005,2023-04-10,2023-04-12,2023-05-10,2023-05-05,2023-05-05,PAY6225258,24965.8,CAD,Paid,Net 30,0
INV-00664,PO-26193,TX-00664,CA01,2024,RE,100026,S026,2024-10-27,2024-10-27,2024-11-26,2024-11-24,2024-11-24,PAY6897287,103143.24,CAD,Paid,Net 30,0
INV-01411,PO-67482,TX-01411,CA01,2024,RE,100001,S001,2024-05-31,2024-06-02,2024-06-30,,,,6426.72,CAD,Pending,Net 30,0
INV-00373,PO-46042,TX-00373,CA01,2025,RE,100026,S026,2025-05-26,2025-05-27,2025-06-25,,,,8696.28,CAD,Pending,Net 30,0
INV-00470,PO-96364,TX-00470,CA01,2025,RE,100028,S028,2025-09-01,2025-09-01,2025-10-16,2025-10-12,2025-10-12,PAY6330201,51375.56,CAD,Paid,Net 45,0
INV-01823,PO-34667,TX-01823,CA01,2025,RE,100018,S018,2025-09-24,2025-09-25,2025-10-24,2025-10-23,2025-10-23,PAY6022755,110978.05,CAD,Paid,Net 30,0
INV-00005,PO-94607,TX-00005,CA01,2024,RE,100035,S035,2024-10-08,2024-10-09,2024-11-22,2024-11-21,2024-11-21,PAY6809000,33559.27,CAD,Paid,Net 45,0
INV-02374,PO-67113,TX-02374,CA01,2023,RE,100016,S016,2023-10-26,2023-10-27,2023-11-10,2023-11-06,2023-11-06,PAY6861866,35949.4,CAD,Paid,Net 15,0
INV-00102,PO-27224,TX-00102,CA01,2023,RE,100016,S016,2023-03-26,2023-03-28,2023-04-10,2023-04-10,2023-04-10,PAY6989171,29301.1,CAD,Paid,Net 15,0
INV-01898,PO-30615,TX-01898,CA01,2025,RE,100036,S036,2025-11-13,2025-11-14,2025-12-13,,,,95627.6,CAD,Pending,Net 30,0
INV-01893,PO-82487,TX-01893,CA01,2025,RE,100029,S029,2025-09-09,2025-09-10,2025-10-09,,,,1412.18,CAD,Pending,Net 30,0
INV-01048,PO-81188,TX-01048,CA01,2024,RE,100035,S035,2024-07-19,2024-07-20,2024-09-02,2024-08-29,2024-08-29,PAY6723222,42225.41,CAD,Paid,Net 45,0
INV-00319,PO-31755,TX-00319,CA01,2024,RE,100029,S029,2024-12-20,2024-12-20,2025-01-19,2025-01-18,2025-01-18,PAY6862283,10882.08,CAD,Paid,Net 30,0
INV-00765,PO-90273,TX-00765,CA01,2023,RE,100036,S036,2023-04-01,2023-04-01,2023-05-01,,,,22708.1,CAD,Overdue,Net 30,0
INV-02133,PO-84908,TX-02133,CA01,2023,RE,100038,S038,2023-11-02,2023-11-04,2023-12-02,2023-11-29,2023-11-29,PAY6289362,62913.75,CAD,Paid,Net 30,0
INV-01449,PO-48455,TX-01449,CA01,2023,RE,100039,S039,2023-09-20,2023-09-22,2023-11-04,,,,23791.13,CAD,Overdue,Net 45,0
INV-01516,PO-43260,TX-01516,CA01,2025,RE,100025,S025,2025-12-19,2025-12-19,2026-01-18,,,,2811.38,CAD,Pending,Net 30,0
INV-01875,PO-72242,TX-01875,CA01,2025,RE,100006,S006,2025-02-20,2025-02-22,2025-04-06,2025-04-02,2025-04-02,PAY6963758,12826.64,CAD,Paid,Net 45,0
INV-00580,PO-44400,TX-00580,CA01,2025,RE,100001,S001,2025-03-30,2025-03-30,2025-04-29,,,,49125.57,CAD,Overdue,Net 30,0
INV-00035,PO-73517,TX-00035,CA01,2024,RE,100030,S030,2024-05-28,2024-05-29,2024-06-27,,,,42528.39,CAD,Overdue,Net 30,0
INV-00734,PO-16884,TX-00734,CA01,2024,RE,100017,S017,2024-12-10,2024-12-11,2025-01-09,,,,5040.43,CAD,Pending,Net 30,0
INV-01717,PO-38207,TX-01717,CA01,2025,RE,100031,S031,2025-10-08,2025-10-10,2025-11-22,2025-11-18,2025-11-18,PAY6580557,194839.67,CAD,Paid,Net 45,0
INV-00985,PO-32176,TX-00985,CA01,2023,RE,100017,S017,2023-07-08,2023-07-08,2023-08-07,2023-08-04,2023-08-04,PAY6536107,30030.07,CAD,Paid,Net 30,0
INV-00946,PO-24938,TX-00946,CA01,2025,RE,100017,S017,2025-10-30,2025-10-30,2025-11-29,2025-11-29,2025-11-29,PAY6583347,1573.76,CAD,Paid,Net 30,0
INV-02276,PO-31645,TX-02276,CA01,2023,RE,100027,S027,2023-02-05,2023-02-07,2023-03-07,2023-03-05,2023-03-05,PAY6598388,22728.4,CAD,Paid,Net 30,0
INV-01619,PO-50027,TX-01619,CA01,2023,RE,100034,S034,2023-08-12,2023-08-12,2023-09-26,2023-09-25,2023-09-25,PAY6970900,51978.24,CAD,Paid,Net 45,0
INV-00687,PO-18678,TX-00687,CA01,2024,RE,100002,S002,2024-11-17,2024-11-18,2024-12-17,2024-12-16,2024-12-16,PAY6599378,64788.01,CAD,Paid,Net 30,0
INV-01277,PO-84752,TX-01277,CA01,2023,RE,100039,S039,2023-11-28,2023-11-30,2024-01-12,2024-01-07,2024-01-07,PAY6162230,44369.83,CAD,Paid,Net 45,0
INV-01735,PO-79720,TX-01735,CA01,2024,RE,100027,S027,2024-10-21,2024-10-23,2024-11-20,2024-11-18,2024-11-18,PAY6098867,130244.91,CAD,Paid,Net 30,0
INV-00701,PO-20295,TX-00701,CA01,2024,RE,100040,S040,2024-10-07,2024-10-07,2024-12-06,,,,15786.53,CAD,Pending,Net 60,0
INV-00360,PO-17850,TX-00360,CA01,2024,RE,100040,S040,2024-09-22,2024-09-24,2024-11-21,2024-11-19,2024-11-19,PAY6039569,7868.45,CAD,Paid,Net 60,0
INV-00763,PO-15975,TX-00763,CA01,2023,RE,100039,S039,2023-10-13,2023-10-13,2023-11-27,2023-11-25,2023-11-25,PAY6482732,32461.13,CAD,Paid,Net 45,0
INV-01325,PO-67105,TX-01325,CA01,2023,RE,100007,S007,2023-04-15,2023-04-15,2023-05-15,2023-05-13,2023-05-13,PAY6372932,39261.88,CAD,Paid,Net 30,0
INV-01848,PO-16557,TX-01848,CA01,2023,RE,100032,S032,2023-08-11,2023-08-11,2023-10-10,2023-10-09,2023-10-09,PAY6163690,383376.58,CAD,Paid,Net 60,0
INV-02225,PO-44774,TX-02225,CA01,2023,RE,100006,S006,2023-04-25,2023-04-25,2023-06-09,2023-06-05,2023-06-05,PAY6145131,31541.12,CAD,Paid,Net 45,0
INV-02311,PO-19225,TX-02311,CA01,2025,RE,100034,S034,2025-02-25,2025-02-25,2025-04-11,2025-04-07,2025-04-07,PAY6277860,15357.31,CAD,Paid,Net 45,0
INV-01870,PO-99192,TX-01870,CA01,2023,RE,100008,S008,2023-02-08,2023-02-10,2023-03-10,2023-03-07,2023-03-07,PAY6384914,3428.12,CAD,Paid,Net 30,0
INV-01371,PO-62814,TX-01371,CA01,2024,RE,100034,S034,2024-08-30,2024-08-31,2024-10-14,2024-10-10,2024-10-10,PAY6932839,25669.33,CAD,Paid,Net 45,0
INV-01154,PO-65450,TX-01154,CA01,2025,RE,100001,S001,2025-11-03,2025-11-04,2025-12-03,2025-11-28,2025-11-28,PAY6610434,29014.03,CAD,Paid,Net 30,0
INV-00027,PO-70946,TX-00027,CA01,2024,RE,100003,S003,2024-03-12,2024-03-14,2024-03-27,2024-03-27,2024-03-27,PAY6261993,24125.63,CAD,Paid,Net 15,0
INV-00558,PO-99536,TX-00558,CA01,2024,RE,100036,S036,2024-12-26,2024-12-28,2025-01-25,2025-01-25,2025-01-25,PAY6244312,24734.63,CAD,Paid,Net 30,0
INV-00901,PO-83007,TX-00901,CA01,2025,RE,100029,S029,2025-05-19,2025-05-20,2025-06-18,2025-06-13,2025-06-13,PAY6268691,4354.43,CAD,Paid,Net 30,0
INV-01819,PO-91737,TX-01819,CA01,2025,RE,100026,S026,2025-11-16,2025-11-17,2025-12-16,2025-12-14,2025-12-14,PAY6850472,58854.56,CAD,Paid,Net 30,0
INV-02316,PO-90398,TX-02316,CA01,2024,RE,100039,S039,2024-07-19,2024-07-20,2024-09-02,2024-08-30,2024-08-30,PAY6314889,59324.26,CAD,Paid,Net 45,0
INV-01573,PO-37608,TX-01573,CA01,2025,RE,100035,S035,2025-07-01,2025-07-02,2025-08-15,2025-08-14,2025-08-14,PAY6096369,49836.54,CAD,Paid,Net 45,0
INV-00363,PO-61505,TX-00363,CA01,2023,RE,100004,S004,2023-09-30,2023-10-01,2023-10-30,,,,6662.76,CAD,Pending,Net 30,0
INV-00478,PO-88974,TX-00478,CA01,2024,RE,100034,S034,2024-08-30,2024-08-30,2024-10-14,2024-10-09,2024-10-09,PAY6598199,44488.7,CAD,Paid,Net 45,0
INV-00621,PO-38157,TX-00621,CA01,2023,RE,100031,S031,2023-10-05,2023-10-07,2023-11-19,,,,187998.02,CAD,Pending,Net 45,0
INV-00058,PO-53357,TX-00058,CA01,2025,RE,100006,S006,2025-12-28,2025-12-28,2026-02-11,2026-02-07,2026-02-07,PAY6419218,112574.63,CAD,Paid,Net 45,0
INV-00996,PO-54909,TX-00996,CA01,2025,RE,100034,S034,2025-11-01,2025-11-02,2025-12-16,2025-12-12,2025-12-12,PAY6596707,172328.89,CAD,Paid,Net 45,0
INV-01038,PO-18503,TX-01038,CA01,2023,RE,100027,S027,2023-06-18,2023-06-19,2023-07-18,2023-07-17,2023-07-17,PAY6962468,102008.24,CAD,Paid,Net 30,0
INV-02091,PO-77237,TX-02091,CA01,2024,RE,100026,S026,2024-09-25,2024-09-26,2024-10-25,2024-10-25,2024-10-25,PAY6227999,34655.19,CAD,Paid,Net 30,0
INV-01696,PO-14885,TX-01696,CA01,2025,RE,100038,S038,2025-06-21,2025-06-21,2025-07-21,2025-07-16,2025-07-16,PAY6769933,50539.1,CAD,Paid,Net 30,0
INV-02216,PO-19877,TX-02216,CA01,2025,RE,100038,S038,2025-05-28,2025-05-28,2025-06-27,2025-06-25,2025-06-25,PAY6080951,53944.78,CAD,Paid,Net 30,0
INV-00024,PO-26334,TX-00024,CA01,2023,RE,100025,S025,2023-05-28,2023-05-29,2023-06-27,2023-06-24,2023-06-24,PAY6758729,19741.95,CAD,Paid,Net 30,0
INV-01001,PO-11105,TX-01001,CA01,2025,RE,100009,S009,2025-02-10,2025-02-10,2025-03-12,,,,80410.16,CAD,Overdue,Net 30,0
INV-01459,PO-74011,TX-01459,CA01,2023,RE,100016,S016,2023-03-24,2023-03-24,2023-04-08,2023-04-08,2023-04-08,PAY6340464,99413.46,CAD,Paid,Net 15,0
INV-00191,PO-68979,TX-00191,CA01,2025,RE,100040,S040,2025-04-23,2025-04-24,2025-06-22,2025-06-19,2025-06-19,PAY6831420,18349.43,CAD,Paid,Net 60,0
INV-01728,PO-88606,TX-01728,CA01,2024,RE,100027,S027,2024-03-27,2024-03-27,2024-04-26,2024-04-24,2024-04-24,PAY6505972,22215.81,CAD,Paid,Net 30,0
INV-00164,PO-53947,TX-00164,CA01,2024,RE,100034,S034,2024-10-19,2024-10-21,2024-12-03,2024-11-29,2024-11-29,PAY6181301,235864.25,CAD,Paid,Net 45,0
INV-00131,PO-92991,TX-00131,CA01,2023,RE,100033,S033,2023-10-27,2023-10-29,2023-11-26,2023-11-21,2023-11-21,PAY6511994,72107.73,CAD,Paid,Net 30,0
INV-00063,PO-43092,TX-00063,CA01,2025,RE,100005,S005,2025-08-23,2025-08-25,2025-09-22,2025-09-20,2025-09-20,PAY6865814,15818.01,CAD,Paid,Net 30,0
INV-00286,PO-41816,TX-00286,CA01,2025,RE,100038,S038,2025-04-30,2025-05-02,2025-05-30,,,,4852.4,CAD,Pending,Net 30,0
INV-00391,PO-55938,TX-00391,CA01,2024,RE,100028,S028,2024-11-25,2024-11-26,2025-01-09,2025-01-09,2025-01-09,PAY6942695,39268.39,CAD,Paid,Net 45,0
INV-01356,PO-61252,TX-01356,CA01,2023,RE,100034,S034,2023-12-31,2024-01-01,2024-02-14,2024-02-10,2024-02-10,PAY6723092,105446.68,CAD,Paid,Net 45,0
INV-01261,PO-46715,TX-01261,CA01,2024,RE,100026,S026,2024-10-11,2024-10-12,2024-11-10,2024-11-08,2024-11-08,PAY6736989,11168.74,CAD,Paid,Net 30,0
INV-02362,PO-61109,TX-02362,CA01,2023,RE,100033,S033,2023-04-12,2023-04-14,2023-05-12,2023-05-08,2023-05-08,PAY6604223,135415.34,CAD,Paid,Net 30,0
INV-00897,PO-47743,TX-00897,CA01,2024,RE,100029,S029,2024-01-31,2024-02-02,2024-03-01,2024-02-26,2024-02-26,PAY6859324,15599.34,CAD,Paid,Net 30,0
INV-00613,PO-58374,TX-00613,CA01,2023,RE,100026,S026,2023-05-07,2023-05-07,2023-06-06,,,,47556.38,CAD,Overdue,Net 30,0
INV-00766,PO-95426,TX-00766,CA01,2025,RE,100038,S038,2025-09-30,2025-09-30,2025-10-30,2025-10-27,2025-10-27,PAY6951745,469.35,CAD,Paid,Net 30,0
INV-00251,PO-17398,TX-00251,CA01,2023,RE,100002,S002,2023-04-04,2023-04-06,2023-05-04,2023-05-01,2023-05-01,PAY6099996,9441.88,CAD,Paid,Net 30,0
INV-02296,PO-61798,TX-02296,CA01,2023,RE,100038,S038,2023-04-01,2023-04-03,2023-05-01,2023-05-01,2023-05-01,PAY6624145,15166.87,CAD,Paid,Net 30,0
INV-01044,PO-51552,TX-01044,CA01,2025,RE,100006,S006,2025-08-19,2025-08-21,2025-10-03,2025-10-01,2025-10-01,PAY6673452,51993.24,CAD,Paid,Net 45,0
INV-02201,PO-47212,TX-02201,CA01,2025,RE,100005,S005,2025-05-23,2025-05-25,2025-06-22,2025-06-17,2025-06-17,PAY6314985,9948.07,CAD,Paid,Net 30,0
INV-01882,PO-59377,TX-01882,CA01,2023,RE,100030,S030,2023-01-14,2023-01-14,2023-02-13,,,,50648.47,CAD,Overdue,Net 30,0
INV-00434,PO-93151,TX-00434,CA01,2024,RE,100035,S035,2024-08-29,2024-08-31,2024-10-13,,,,19062.5,CAD,Pending,Net 45,0
INV-01171,PO-63282,TX-01171,CA01,2024,RE,100034,S034,2024-04-19,2024-04-19,2024-06-03,2024-06-02,2024-06-02,PAY6039186,147295.82,CAD,Paid,Net 45,0
INV-00753,PO-20545,TX-00753,CA01,2023,RE,100034,S034,2023-07-08,2023-07-10,2023-08-22,,,,171135.11,CAD,Overdue,Net 45,0
INV-01603,PO-32988,TX-01603,CA01,2025,RE,100035,S035,2025-09-21,2025-09-23,2025-11-05,2025-11-03,2025-11-03,PAY6766288,174326.57,CAD,Paid,Net 45,0
INV-00533,PO-40122,TX-00533,CA01,2024,RE,100032,S032,2024-12-09,2024-12-11,2025-02-07,2025-02-03,2025-02-03,PAY6847607,287403.18,CAD,Paid,Net 60,0
INV-01045,PO-57067,TX-01045,CA01,2024,RE,100034,S034,2024-01-06,2024-01-06,2024-02-20,,,,72699.07,CAD,Pending,Net 45,0
INV-01283,PO-26350,TX-01283,CA01,2024,RE,100035,S035,2024-09-11,2024-09-11,2024-10-26,2024-10-26,2024-10-26,PAY6604277,137660.71,CAD,Paid,Net 45,0
INV-01555,PO-89119,TX-01555,CA01,2023,RE,100030,S030,2023-04-24,2023-04-25,2023-05-24,2023-05-24,2023-05-24,PAY6400080,15992.33,CAD,Paid,Net 30,0
INV-00871,PO-47623,TX-00871,CA01,2023,RE,100039,S039,2023-05-16,2023-05-18,2023-06-30,2023-06-29,2023-06-29,PAY6082289,54706.75,CAD,Paid,Net 45,0
INV-02021,PO-44640,TX-02021,CA01,2023,RE,100001,S001,2023-03-30,2023-03-31,2023-04-29,2023-04-25,2023-04-25,PAY6818017,16437.64,CAD,Paid,Net 30,0
INV-00299,PO-68429,TX-00299,CA01,2024,RE,100001,S001,2024-04-02,2024-04-03,2024-05-02,2024-04-28,2024-04-28,PAY6058639,25237.56,CAD,Paid,Net 30,0
INV-00046,PO-70952,TX-00046,CA01,2025,RE,100017,S017,2025-09-01,2025-09-01,2025-10-01,2025-10-01,2025-10-01,PAY6966652,64892.44,CAD,Paid,Net 30,0
INV-01426,PO-89691,TX-01426,CA01,2024,RE,100038,S038,2024-07-16,2024-07-16,2024-08-15,2024-08-10,2024-08-10,PAY6808348,25164.96,CAD,Paid,Net 30,0
INV-00659,PO-61853,TX-00659,CA01,2023,RE,100026,S026,2023-04-04,2023-04-05,2023-05-04,2023-05-04,2023-05-04,PAY6350632,62800.77,CAD,Paid,Net 30,0
INV-02324,PO-20363,TX-02324,CA01,2023,RE,100028,S028,2023-10-05,2023-10-07,2023-11-19,2023-11-18,2023-11-18,PAY6364831,86917.42,CAD,Paid,Net 45,0
INV-00033,PO-70901,TX-00033,CA01,2024,RE,100026,S026,2024-05-31,2024-05-31,2024-06-30,2024-06-25,2024-06-25,PAY6922529,24370.54,CAD,Paid,Net 30,0
INV-01344,PO-45162,TX-01344,CA01,2023,RE,100039,S039,2023-07-29,2023-07-31,2023-09-12,2023-09-07,2023-09-07,PAY6856835,19614.08,CAD,Paid,Net 45,0
INV-01369,PO-13463,TX-01369,CA01,2025,RE,100006,S006,2025-05-13,2025-05-15,2025-06-27,2025-06-26,2025-06-26,PAY6455401,135410.29,CAD,Paid,Net 45,0
INV-00644,PO-46159,TX-00644,CA01,2024,RE,100035,S035,2024-09-12,2024-09-13,2024-10-27,,,,80582.33,CAD,Overdue,Net 45,0
INV-01545,PO-61648,TX-01545,CA01,2023,RE,100033,S033,2023-11-25,2023-11-26,2023-12-25,,,,54117.27,CAD,Pending,Net 30,0
INV-01878,PO-98505,TX-01878,CA01,2023,RE,100029,S029,2023-07-19,2023-07-20,2023-08-18,2023-08-13,2023-08-13,PAY6436754,103.19,CAD,Paid,Net 30,0
INV-02011,PO-82299,TX-02011,CA01,2023,RE,100027,S027,2023-09-02,2023-09-03,2023-10-02,2023-09-29,2023-09-29,PAY6975433,74815.55,CAD,Paid,Net 30,0
INV-02385,PO-24314,TX-02385,CA01,2025,RE,100001,S001,2025-02-03,2025-02-03,2025-03-05,2025-03-05,2025-03-05,PAY6909986,53999.35,CAD,Paid,Net 30,0
INV-00012,PO-82309,TX-00012,CA01,2023,RE,100003,S003,2023-10-01,2023-10-01,2023-10-16,2023-10-15,2023-10-15,PAY6126395,15937.83,CAD,Paid,Net 15,0
INV-00085,PO-49132,TX-00085,CA01,2025,RE,100039,S039,2025-11-11,2025-11-12,2025-12-26,,,,1197.51,CAD,Pending,Net 45,0
INV-00922,PO-94883,TX-00922,CA01,2025,RE,100038,S038,2025-11-24,2025-11-24,2025-12-24,2025-12-20,2025-12-20,PAY6912037,17168.47,CAD,Paid,Net 30,0
INV-01536,PO-72324,TX-01536,CA01,2025,RE,100033,S033,2025-01-05,2025-01-06,2025-02-04,2025-01-30,2025-01-30,PAY6807812,5551.91,CAD,Paid,Net 30,0
INV-01257,PO-75748,TX-01257,CA01,2024,RE,100028,S028,2024-03-19,2024-03-21,2024-05-03,2024-04-28,2024-04-28,PAY6237730,150570.49,CAD,Paid,Net 45,0
INV-01184,PO-80310,TX-01184,CA01,2025,RE,100018,S018,2025-08-24,2025-08-26,2025-09-23,2025-09-20,2025-09-20,PAY6783997,25925.8,CAD,Paid,Net 30,0
INV-00794,PO-79033,TX-00794,CA01,2023,RE,100039,S039,2023-05-15,2023-05-17,2023-06-29,2023-06-24,2023-06-24,PAY6684488,18308.56,CAD,Paid,Net 45,0
INV-00893,PO-94817,TX-00893,CA01,2024,RE,100036,S036,2024-04-06,2024-04-07,2024-05-06,2024-05-06,2024-05-06,PAY6890742,934.47,CAD,Paid,Net 30,0
INV-00514,PO-70666,TX-00514,CA01,2025,RE,100039,S039,2025-01-09,2025-01-11,2025-02-23,2025-02-18,2025-02-18,PAY6631559,11303.56,CAD,Paid,Net 45,0
INV-01094,PO-26457,TX-01094,CA01,2024,RE,100026,S026,2024-02-03,2024-02-03,2024-03-04,,,,23701.97,CAD,Overdue,Net 30,0
INV-02052,PO-74166,TX-02052,CA01,2024,RE,100004,S004,2024-07-22,2024-07-24,2024-08-21,,,,33557.66,CAD,Pending,Net 30,0
INV-01962,PO-49396,TX-01962,CA01,2023,RE,100032,S032,2023-02-17,2023-02-19,2023-04-18,2023-04-13,2023-04-13,PAY6973763,72963.01,CAD,Paid,Net 60,0
INV-00990,PO-49926,TX-00990,CA01,2023,RE,100003,S003,2023-08-01,2023-08-03,2023-08-16,2023-08-15,2023-08-15,PAY6011989,14304.8,CAD,Paid,Net 15,0
INV-00181,PO-77251,TX-00181,CA01,2023,RE,100006,S006,2023-05-05,2023-05-05,2023-06-19,,,,23413.51,CAD,Pending,Net 45,0
INV-01077,PO-42728,TX-01077,CA01,2023,RE,100026,S026,2023-01-16,2023-01-17,2023-02-15,2023-02-15,2023-02-15,PAY6664678,6274.96,CAD,Paid,Net 30,0
INV-01956,PO-61694,TX-01956,CA01,2023,RE,100028,S028,2023-10-21,2023-10-21,2023-12-05,2023-12-02,2023-12-02,PAY6815182,32898.41,CAD,Paid,Net 45,0
INV-01800,PO-38607,TX-01800,CA01,2024,RE,100024,S024,2024-09-01,2024-09-02,2024-10-01,2024-09-26,2024-09-26,PAY6662903,6482.16,CAD,Paid,Net 30,0
INV-01585,PO-31818,TX-01585,CA01,2025,RE,100027,S027,2025-04-20,2025-04-21,2025-05-20,,,,84186.76,CAD,Pending,Net 30,0
INV-02240,PO-83188,TX-02240,CA01,2024,RE,100008,S008,2024-08-03,2024-08-05,2024-09-02,2024-08-31,2024-08-31,PAY6401066,7869.72,CAD,Paid,Net 30,0
INV-00302,PO-67431,TX-00302,CA01,2024,RE,100006,S006,2024-03-03,2024-03-04,2024-04-17,,,,58367.76,CAD,Pending,Net 45,0
INV-00241,PO-68390,TX-00241,CA01,2024,RE,100026,S026,2024-02-27,2024-02-27,2024-03-28,2024-03-28,2024-03-28,PAY6056757,60162.62,CAD,Paid,Net 30,0
INV-02243,PO-38130,TX-02243,CA01,2023,RE,100006,S006,2023-05-21,2023-05-21,2023-07-05,2023-07-05,2023-07-05,PAY6319588,181917.82,CAD,Paid,Net 45,0
INV-01756,PO-67523,TX-01756,CA01,2023,RE,100018,S018,2023-05-13,2023-05-14,2023-06-12,2023-06-12,2023-06-12,PAY6549855,30321.93,CAD,Paid,Net 30,0
INV-01630,PO-58424,TX-01630,CA01,2023,RE,100034,S034,2023-08-02,2023-08-04,2023-09-16,2023-09-16,2023-09-16,PAY6043182,19775.25,CAD,Paid,Net 45,0
INV-00079,PO-91973,TX-00079,CA01,2025,RE,100040,S040,2025-08-11,2025-08-13,2025-10-10,2025-10-09,2025-10-09,PAY6334827,8654.59,CAD,Paid,Net 60,0
INV-00054,PO-13761,TX-00054,CA01,2025,RE,100027,S027,2025-08-12,2025-08-12,2025-09-11,2025-09-09,2025-09-09,PAY6566157,64807.46,CAD,Paid,Net 30,0
INV-02333,PO-95566,TX-02333,CA01,2023,RE,100035,S035,2023-03-13,2023-03-15,2023-04-27,2023-04-23,2023-04-23,PAY6592354,90689.51,CAD,Paid,Net 45,0
INV-01995,PO-80157,TX-01995,CA01,2023,RE,100038,S038,2023-04-14,2023-04-15,2023-05-14,2023-05-14,2023-05-14,PAY6156846,77788.32,CAD,Paid,Net 30,0
INV-01670,PO-55075,TX-01670,CA01,2024,RE,100024,S024,2024-10-29,2024-10-30,2024-11-28,,,,324.32,CAD,Pending,Net 30,0
INV-00243,PO-65534,TX-00243,CA01,2024,RE,100031,S031,2024-06-08,2024-06-08,2024-07-23,2024-07-19,2024-07-19,PAY6342707,351972.56,CAD,Paid,Net 45,0
INV-00137,PO-53007,TX-00137,CA01,2024,RE,100002,S002,2024-03-13,2024-03-14,2024-04-12,2024-04-11,2024-04-11,PAY6526806,53759.1,CAD,Paid,Net 30,0
INV-00290,PO-53874,TX-00290,CA01,2024,RE,100031,S031,2024-11-14,2024-11-14,2024-12-29,2024-12-27,2024-12-27,PAY6731663,202027.07,CAD,Paid,Net 45,0
INV-01589,PO-75564,TX-01589,CA01,2025,RE,100029,S029,2025-07-01,2025-07-02,2025-07-31,,,,15977.11,CAD,Pending,Net 30,0
INV-01481,PO-11787,TX-01481,CA01,2024,RE,100032,S032,2024-11-12,2024-11-12,2025-01-11,2025-01-08,2025-01-08,PAY6231522,128275.0,CAD,Paid,Net 60,0
INV-00188,PO-30644,TX-00188,CA01,2023,RE,100035,S035,2023-05-20,2023-05-22,2023-07-04,2023-07-01,2023-07-01,PAY6160639,51494.77,CAD,Paid,Net 45,0
INV-00601,PO-72294,TX-00601,CA01,2024,RE,100026,S026,2024-05-18,2024-05-19,2024-06-17,2024-06-14,2024-06-14,PAY6052973,1486.29,CAD,Paid,Net 30,0
INV-01395,PO-14356,TX-01395,CA01,2023,RE,100038,S038,2023-02-23,2023-02-24,2023-03-25,,,,43369.48,CAD,Overdue,Net 30,0
INV-02323,PO-72700,TX-02323,CA01,2023,RE,100016,S016,2023-11-12,2023-11-12,2023-11-27,2023-11-22,2023-11-22,PAY6706357,57821.71,CAD,Paid,Net 15,0
INV-01532,PO-55471,TX-01532,CA01,2025,RE,100027,S027,2025-03-03,2025-03-03,2025-04-02,2025-03-30,2025-03-30,PAY6767115,18699.95,CAD,Paid,Net 30,0
INV-00998,PO-10560,TX-00998,CA01,2023,RE,100033,S033,2023-10-02,2023-10-03,2023-11-01,2023-10-29,2023-10-29,PAY6411967,3058.38,CAD,Paid,Net 30,0
INV-01418,PO-87101,TX-01418,CA01,2023,RE,100030,S030,2023-02-20,2023-02-20,2023-03-22,,,,6880.64,CAD,Pending,Net 30,0
INV-01472,PO-96824,TX-01472,CA01,2024,RE,100024,S024,2024-08-13,2024-08-14,2024-09-12,2024-09-10,2024-09-10,PAY6467262,4102.49,CAD,Paid,Net 30,0
INV-02235,PO-25195,TX-02235,CA01,2023,RE,100027,S027,2023-08-26,2023-08-28,2023-09-25,,,,75932.7,CAD,Pending,Net 30,0
INV-00714,PO-55123,TX-00714,CA01,2024,RE,100035,S035,2024-09-20,2024-09-20,2024-11-04,2024-11-04,2024-11-04,PAY6789410,259458.84,CAD,Paid,Net 45,0
INV-01380,PO-41546,TX-01380,CA01,2023,RE,100026,S026,2023-02-18,2023-02-19,2023-03-20,2023-03-17,2023-03-17,PAY6624041,44954.6,CAD,Paid,Net 30,0
INV-00907,PO-82833,TX-00907,CA01,2024,RE,100006,S006,2024-10-09,2024-10-11,2024-11-23,2024-11-18,2024-11-18,PAY6603198,112063.05,CAD,Paid,Net 45,0
INV-00385,PO-19506,TX-00385,CA01,2023,RE,100002,S002,2023-10-25,2023-10-27,2023-11-24,,,,59962.56,CAD,Overdue,Net 30,0
INV-01229,PO-15681,TX-01229,CA01,2023,RE,100027,S027,2023-09-02,2023-09-03,2023-10-02,2023-10-02,2023-10-02,PAY6529247,87579.78,CAD,Paid,Net 30,0
INV-02224,PO-27657,TX-02224,CA01,2023,RE,100024,S024,2023-03-06,2023-03-06,2023-04-05,2023-04-01,2023-04-01,PAY6094458,12486.43,CAD,Paid,Net 30,0
INV-00295,PO-65460,TX-00295,CA01,2024,RE,100039,S039,2024-09-15,2024-09-16,2024-10-30,2024-10-30,2024-10-30,PAY6232873,17345.73,CAD,Paid,Net 45,0
INV-00264,PO-42208,TX-00264,CA01,2025,RE,100016,S016,2025-05-09,2025-05-11,2025-05-24,,,,14283.55,CAD,Pending,Net 15,0
INV-01165,PO-33033,TX-01165,CA01,2025,RE,100031,S031,2025-02-14,2025-02-15,2025-03-31,,,,151153.1,CAD,Overdue,Net 45,0
INV-02075,PO-15565,TX-02075,CA01,2023,RE,100040,S040,2023-06-10,2023-06-10,2023-08-09,2023-08-04,2023-08-04,PAY6452917,28305.92,CAD,Paid,Net 60,0
INV-00187,PO-21506,TX-00187,CA01,2023,RE,100024,S024,2023-06-04,2023-06-06,2023-07-04,2023-06-29,2023-06-29,PAY6303859,8386.8,CAD,Paid,Net 30,0
INV-01755,PO-59811,TX-01755,CA01,2025,RE,100032,S032,2025-08-07,2025-08-08,2025-10-06,2025-10-02,2025-10-02,PAY6824566,80024.84,CAD,Paid,Net 60,0
INV-DUP-010,PO-64997,TX-DUP-010,CA01,2023,RE,100034,S034,2023-01-31,2023-01-31,2023-03-17,2023-03-17,2023-03-17,PAY6413477,257301.25,CAD,Paid,Net 45,0
INV-00129,PO-66244,TX-00129,CA01,2025,RE,100024,S024,2025-01-28,2025-01-30,2025-02-27,,,,830.68,CAD,Overdue,Net 30,0
INV-00517,PO-14804,TX-00517,CA01,2023,RE,100005,S005,2023-03-07,2023-03-07,2023-04-06,,,,43173.25,CAD,Pending,Net 30,0
INV-01427,PO-70650,TX-01427,CA01,2024,RE,100001,S001,2024-10-26,2024-10-28,2024-11-25,2024-11-20,2024-11-20,PAY6155202,64511.82,CAD,Paid,Net 30,0
INV-01137,PO-30014,TX-01137,CA01,2024,RE,100027,S027,2024-08-22,2024-08-23,2024-09-21,,,,46921.8,CAD,Pending,Net 30,0
INV-00013,PO-81511,TX-00013,CA01,2023,RE,100038,S038,2023-06-06,2023-06-06,2023-07-06,2023-07-02,2023-07-02,PAY6138610,66539.75,CAD,Paid,Net 30,0
INV-00486,PO-82368,TX-00486,CA01,2025,RE,100004,S004,2025-05-09,2025-05-11,2025-06-08,,,,84246.42,CAD,Pending,Net 30,0
INV-02372,PO-70367,TX-02372,CA01,2025,RE,100034,S034,2025-08-06,2025-08-06,2025-09-20,2025-09-20,2025-09-20,PAY6352497,60957.05,CAD,Paid,Net 45,0
INV-00833,PO-14298,TX-00833,CA01,2025,RE,100007,S007,2025-09-23,2025-09-23,2025-10-23,2025-10-18,2025-10-18,PAY6086554,19640.56,CAD,Paid,Net 30,0
INV-00050,PO-11658,TX-00050,CA01,2025,RE,100003,S003,2025-05-28,2025-05-29,2025-06-12,2025-06-12,2025-06-12,PAY6498969,4842.59,CAD,Paid,Net 15,0
INV-01246,PO-84981,TX-01246,CA01,2025,RE,100016,S016,2025-05-18,2025-05-18,2025-06-02,2025-05-31,2025-05-31,PAY6599198,110102.33,CAD,Paid,Net 15,0
INV-00886,PO-74447,TX-00886,CA01,2023,RE,100006,S006,2023-03-15,2023-03-17,2023-04-29,,,,8603.33,CAD,Pending,Net 45,0
INV-01180,PO-90969,TX-01180,CA01,2025,RE,100038,S038,2025-11-27,2025-11-29,2025-12-27,,,,6142.83,CAD,Overdue,Net 30,0
INV-01609,PO-18345,TX-01609,CA01,2024,RE,100027,S027,2024-06-30,2024-07-02,2024-07-30,,,,12573.85,CAD,Pending,Net 30,0
INV-00040,PO-62994,TX-00040,CA01,2024,RE,100025,S025,2024-07-17,2024-07-19,2024-08-16,,,,766.98,CAD,Overdue,Net 30,0
INV-00198,PO-69446,TX-00198,CA01,2024,RE,100033,S033,2024-05-19,2024-05-20,2024-06-18,2024-06-14,2024-06-14,PAY6781519,286659.69,CAD,Paid,Net 30,0
INV-00270,PO-24026,TX-00270,CA01,2025,RE,100033,S033,2025-10-31,2025-10-31,2025-11-30,2025-11-30,2025-11-30,PAY6051706,285239.22,CAD,Paid,Net 30,0
INV-00945,PO-56798,TX-00945,CA01,2023,RE,100024,S024,2023-04-12,2023-04-13,2023-05-12,2023-05-10,2023-05-10,PAY6574779,7817.0,CAD,Paid,Net 30,0
INV-00115,PO-53064,TX-00115,CA01,2024,RE,100024,S024,2024-03-06,2024-03-06,2024-04-05,2024-03-31,2024-03-31,PAY6418582,9770.11,CAD,Paid,Net 30,0
INV-01500,PO-27739,TX-01500,CA01,2024,RE,100034,S034,2024-03-13,2024-03-13,2024-04-27,2024-04-25,2024-04-25,PAY6275311,437550.89,CAD,Paid,Net 45,0
INV-01450,PO-15929,TX-01450,CA01,2024,RE,100009,S009,2024-11-24,2024-11-24,2024-12-24,,,,94324.5,CAD,Pending,Net 30,0
INV-00203,PO-50441,TX-00203,CA01,2023,RE,100034,S034,2023-11-27,2023-11-28,2024-01-11,,,,81853.73,CAD,Pending,Net 45,0
INV-02256,PO-46198,TX-02256,CA01,2025,RE,100024,S024,2025-04-26,2025-04-26,2025-05-26,2025-05-22,2025-05-22,PAY6089211,1633.73,CAD,Paid,Net 30,0
INV-01900,PO-15236,TX-01900,CA01,2023,RE,100038,S038,2023-06-27,2023-06-28,2023-07-27,2023-07-27,2023-07-27,PAY6417885,55803.51,CAD,Paid,Net 30,0
INV-00529,PO-27658,TX-00529,CA01,2024,RE,100036,S036,2024-05-16,2024-05-18,2024-06-15,2024-06-13,2024-06-13,PAY6526199,8738.09,CAD,Paid,Net 30,0
INV-00784,PO-69302,TX-00784,CA01,2025,RE,100004,S004,2025-03-25,2025-03-27,2025-04-24,,,,36407.93,CAD,Pending,Net 30,0
INV-01815,PO-84098,TX-01815,CA01,2025,RE,100033,S033,2025-02-08,2025-02-08,2025-03-10,,,,356314.78,CAD,Pending,Net 30,0
INV-00410,PO-23845,TX-00410,CA01,2023,RE,100026,S026,2023-11-01,2023-11-02,2023-12-01,2023-11-28,2023-11-28,PAY6455596,86226.78,CAD,Paid,Net 30,0
INV-02017,PO-37827,TX-02017,CA01,2024,RE,100009,S009,2024-11-17,2024-11-19,2024-12-17,,,,15409.47,CAD,Pending,Net 30,0
