transaction_id,po_number,company_code,purchasing_org,purchasing_group,document_type,date,vendor_number,supplier_id,supplier_name,plant_code,site,storage_location,material_number,category,description,quantity,unit_price,total_amount,currency,on_contract,planned_lead_days,planned_delivery_date,actual_gr_date,gr_document_number,delivery_status,days_late
TX-00445,PO-26143,CA01,PO01,PG1,NB,2023-09-26,100002,S002,Wesco Distribution,NX10,Allan,SL01,MAT-10001,MRO,Valve repair parts,5.01,147.51,739.03,CAD,1,5,2023-10-01,2023-10-01,GR5000000,On Time,0
TX-01700,PO-75514,CA01,PO01,PG2,NB,2024-10-21,100032,S032,Endress+Hauser,NX10,Allan,SL02,MAT-10002,Instrumentation,Flow meter,15.07,19203.0,289389.21,CAD,1,21,2024-11-11,2024-11-11,GR5000001,On Time,0
TX-01919,PO-70228,CA01,PO01,PG2,NB,2023-07-15,100034,S034,ABB Canada,NX20,Vanscoy,SL02,MAT-10002,Instrumentation,Flow meter,5.68,11050.45,62766.56,CAD,1,12,2023-07-27,2023-07-27,GR5000002,On Time,0
TX-00641,PO-23055,CA01,PO01,PG3,NB,2025-03-02,100007,S007,Brenntag Canada,NX30,Cory,SL03,MAT-10003,Chemicals,Sulfuric acid,5.39,5063.85,27294.15,CAD,1,8,2025-03-10,2025-03-10,GR5000003,On Time,0
TX-00947,PO-56562,CA01,PO01,PG4,NB,2024-04-03,100024,S024,Northern Safety,NX40,Patience Lake,SL04,MAT-10004,Safety,First aid kit,24.8,397.59,9860.23,CAD,1,2,2024-04-05,2024-04-05,GR5000004,On Time,0
TX-02070,PO-20962,CA01,PO01,PG1,NB,2023-02-25,100001,S001,Prairie Industrial Supply,NX50,Redwater,SL01,MAT-10005,MRO,Bearing assembly,15.73,3124.43,49147.28,CAD,1,7,2023-03-04,2023-03-04,GR5000005,On Time,0
TX-DUP-017,PO-91973,CA01,PO01,PG1,NB,2025-08-04,100040,S040,Generic Supplies Inc,NX50,Redwater,SL01,MAT-10006,MRO,Gear oil,8.85,977.92,8654.59,CAD,0,15,2025-08-19,2025-08-20,GR5000006,Late,1
TX-01778,PO-63697,CA01,PO01,PG3,NB,2023-11-08,100027,S027,Western Agri-Chem,NX10,Allan,SL03,MAT-10007,Chemicals,Corrosion inhibitor,4.1,2126.53,8718.77,CAD,1,8,2023-11-16,2023-11-16,GR5000007,On Time,0
TX-02218,PO-64771,CA01,PO01,PG4,NB,2024-02-21,100029,S029,3M Canada,NX50,Redwater,SL04,MAT-10008,Safety,FR coveralls,16.7,377.08,6297.24,CAD,1,5,2024-02-26,2024-02-26,GR5000008,On Time,0
TX-02119,PO-16224,CA01,PO01,PG3,NB,2025-01-28,100007,S007,Brenntag Canada,NX20,Vanscoy,SL03,MAT-10007,Chemicals,Corrosion inhibitor,9.58,8572.43,82123.88,CAD,1,8,2025-02-05,2025-02-05,GR5000009,On Time,0
TX-DUP-029,PO-11035,CA01,PO01,PG2,NB,2024-09-15,100034,S034,ABB Canada,NX60,Rocanville,SL02,MAT-10009,Instrumentation,Level sensor,14.71,8871.84,130504.77,CAD,1,12,2024-09-27,2024-09-27,GR5000010,On Time,0
TX-00431,PO-49347,CA01,PO01,PG4,NB,2025-09-01,100029,S029,3M Canada,NX40,Patience Lake,SL04,MAT-10010,Safety,Hearing protection,45.4,275.31,12499.07,CAD,1,5,2025-09-06,2025-09-06,GR5000011,On Time,0
TX-01000,PO-98112,CA01,PO01,PG3,NB,2023-06-08,100028,S028,BioAgra Solutions,NX70,Aurora,SL03,MAT-10011,Chemicals,Scale inhibitor,11.23,12277.31,137874.19,CAD,0,10,2023-06-18,2023-06-18,GR5000012,On Time,0
TX-01076,PO-50412,CA01,PO01,PG1,NB,2025-12-06,100040,S040,Generic Supplies Inc,NX50,Redwater,SL01,MAT-10012,MRO,Coupling set,13.18,3700.39,48771.14,CAD,0,15,2025-12-21,2025-12-21,GR5000013,On Time,0
TX-02163,PO-19535,CA01,PO01,PG4,NB,2023-05-30,100038,S038,Prairie Packaging,NX70,Aurora,SL04,MAT-10013,Packaging,Pallet wrap,26.6,1558.57,41457.96,CAD,1,5,2023-06-04,2023-06-04,GR5000014,On Time,0
TX-02388,PO-21353,CA01,PO01,PG2,NB,2025-09-17,100033,S033,Siemens Canada,NX20,Vanscoy,SL02,MAT-10014,Electrical,Conduit kit,5.87,10569.78,62044.61,CAD,1,10,2025-09-27,2025-09-27,GR5000015,On Time,0
TX-01189,PO-99710,CA01,PO01,PG3,NB,2023-02-13,100007,S007,Brenntag Canada,NX50,Redwater,SL03,MAT-10015,Chemicals,Sodium hydroxide 50%,3.4,4654.15,15824.11,CAD,1,8,2023-02-21,2023-02-21,GR5000016,On Time,0
TX-01104,PO-55688,CA01,PO01,PG1,NB,2023-11-29,100001,S001,Prairie Industrial Supply,NX60,Rocanville,SL01,MAT-10016,MRO,Filter element,4.69,1991.53,9340.28,CAD,1,7,2023-12-06,2023-12-06,GR5000017,On Time,0
TX-00592,PO-45283,CA01,PO01,PG1,NB,2025-12-31,100002,S002,Wesco Distribution,NX20,Vanscoy,SL01,MAT-10016,MRO,Filter element,1.42,4376.88,6215.17,CAD,1,5,2026-01-05,2026-01-12,GR5000018,Late,7
TX-00931,PO-21486,CA01,PO01,PG3,NB,2025-01-08,100028,S028,BioAgra Solutions,NX40,Patience Lake,SL03,MAT-10017,Agri-Chemicals,Phosphate blend,14.12,8702.29,122876.33,CAD,0,10,2025-01-18,2025-01-18,GR5000019,On Time,0
TX-02383,PO-81073,CA01,PO01,PG2,NB,2023-07-04,100034,S034,ABB Canada,NX10,Allan,SL02,MAT-10018,Instrumentation,Temperature probe,3.59,11362.6,40791.73,CAD,1,12,2023-07-16,2023-07-16,GR5000020,On Time,0
TX-00212,PO-79774,CA01,PO01,PG2,NB,2024-09-04,100034,S034,ABB Canada,NX60,Rocanville,SL02,MAT-10019,Electrical,LED fixture,12.28,7708.26,94657.43,CAD,1,12,2024-09-16,2024-09-16,GR5000021,On Time,0
TX-00381,PO-56095,CA01,PO01,PG4,NB,2025-01-04,100029,S029,3M Canada,NX30,Cory,SL04,MAT-10020,Safety,Safety harness,45.8,30.72,1406.98,CAD,1,5,2025-01-09,2025-01-09,GR5000022,On Time,0
TX-00727,PO-49855,CA01,PO01,PG2,NB,2024-08-26,100006,S006,HD Supply,NX30,Cory,SL02,MAT-10019,Electrical,LED fixture,6.49,722.83,4691.17,CAD,1,10,2024-09-05,2024-09-03,GR5000023,On Time,0
TX-01894,PO-18912,CA01,PO01,PG3,NB,2023-09-18,100008,S008,Univar Solutions,NX70,Aurora,SL03,MAT-10021,Chemicals,Process chemical,17.3,2428.51,42013.22,CAD,1,9,2023-09-27,2023-09-27,GR5000024,On Time,0
TX-01255,PO-13104,CA01,PO01,PG5,UB,2025-04-14,100016,S016,Nutrien Logistics,NX30,Cory,SL05,MAT-10022,Logistics,Outbound freight,18.03,4769.33,85991.02,CAD,0,2,2025-04-16,2025-04-16,GR5000025,On Time,0
TX-00716,PO-40833,CA01,PO01,PG2,NB,2025-01-05,100033,S033,Siemens Canada,NX20,Vanscoy,SL02,MAT-10023,Electrical,Motor starter,3.08,4376.7,13480.24,CAD,1,10,2025-01-15,2025-01-15,GR5000026,On Time,0
TX-01706,PO-23582,CA01,PO01,PG4,NB,2024-11-27,100039,S039,Sealed Air Canada,NX10,Allan,SL04,MAT-10024,Packaging,Poly liner,27.1,841.77,22811.97,CAD,1,8,2024-12-05,2024-12-05,GR5000027,On Time,0
TX-00186,PO-74382,CA01,PO01,PG2,NB,2025-07-02,100033,S033,Siemens Canada,NX70,Aurora,SL02,MAT-10025,Instrumentation,Analyzer calibration,5.08,15879.11,80665.88,CAD,1,10,2025-07-12,2025-07-12,GR5000028,On Time,0
TX-02379,PO-63740,CA01,PO01,PG1,NB,2023-05-10,100040,S040,Generic Supplies Inc,NX20,Vanscoy,SL01,MAT-10026,MRO,Hose assembly,13.01,1159.81,15089.13,CAD,0,15,2023-05-25,2023-05-25,GR5000029,On Time,0
TX-02335,PO-80420,CA01,PO01,PG3,NB,2023-11-12,100008,S008,Univar Solutions,NX10,Allan,SL03,MAT-10027,Chemicals,Defoamer,18.76,11828.93,221910.73,CAD,1,9,2023-11-21,2023-11-21,GR5000030,On Time,0
TX-01024,PO-77853,CA01,PO01,PG5,UB,2024-09-24,100017,S017,Canadian Freightways,NX60,Rocanville,SL05,MAT-10028,Logistics,Inbound freight,12.46,2682.98,33429.93,CAD,1,3,2024-09-27,2024-09-27,GR5000031,On Time,0
TX-01169,PO-42651,CA01,PO01,PG5,UB,2024-07-01,100017,S017,Canadian Freightways,NX60,Rocanville,SL05,MAT-10029,Logistics,Expedited shipping,2.0,5940.64,11881.28,CAD,1,3,2024-07-04,2024-07-05,GR5000032,Late,1
TX-00561,PO-46009,CA01,PO01,PG3,NB,2023-03-28,100040,S040,Generic Supplies Inc,NX20,Vanscoy,SL03,MAT-10030,Agri-Chemicals,Micronutrient blend,17.11,3549.9,60738.79,CAD,0,15,2023-04-12,2023-04-12,GR5000033,On Time,0
TX-00513,PO-93995,CA01,PO01,PG2,NB,2023-01-10,100006,S006,HD Supply,NX10,Allan,SL02,MAT-10014,Electrical,Conduit kit,6.95,11827.77,82203.0,CAD,1,10,2023-01-20,2023-01-20,GR5000034,On Time,0
TX-00073,PO-42816,CA01,PO01,PG3,NB,2023-03-23,100030,S030,DuPont Canada,NX20,Vanscoy,SL03,MAT-10030,Agri-Chemicals,Micronutrient blend,17.9,5982.46,107086.03,CAD,1,7,2023-03-30,2023-03-30,GR5000035,On Time,0
TX-01590,PO-70583,CA01,PO01,PG3,NB,2024-11-09,100027,S027,Western Agri-Chem,NX50,Redwater,SL03,MAT-10031,Chemicals,Hydrochloric acid,17.57,10979.44,192908.76,CAD,1,8,2024-11-17,2024-11-22,GR5000036,Late,5
TX-02195,PO-74580,CA01,PO01,PG4,NB,2025-06-24,100039,S039,Sealed Air Canada,NX40,Patience Lake,SL04,MAT-10013,Packaging,Pallet wrap,14.7,1736.18,25521.85,CAD,1,8,2025-07-02,2025-07-02,GR5000037,On Time,0
TX-00768,PO-75521,CA01,PO01,PG3,NB,2023-12-24,100030,S030,DuPont Canada,NX10,Allan,SL03,MAT-10032,Agri-Chemicals,Anhydrous ammonia,12.6,685.92,8642.59,CAD,1,7,2023-12-31,2023-12-31,GR5000038,On Time,0
TX-01902,PO-87274,CA01,PO01,PG2,NB,2025-08-20,100035,S035,Rockwell Automation,NX50,Redwater,SL02,MAT-10033,Electrical,Transformer,10.72,5914.19,63400.12,CAD,1,14,2025-09-03,2025-09-03,GR5000039,On Time,0
TX-00441,PO-55134,CA01,PO01,PG4,NB,2023-01-09,100024,S024,Northern Safety,NX70,Aurora,SL04,MAT-10020,Safety,Safety harness,31.7,114.55,3631.23,CAD,1,2,2023-01-11,2023-01-11,GR5000040,On Time,0
TX-00668,PO-10463,CA01,PO01,PG2,NB,2024-01-06,100034,S034,ABB Canada,NX30,Cory,SL02,MAT-10002,Instrumentation,Flow meter,3.23,4591.92,14831.9,CAD,1,12,2024-01-18,2024-01-17,GR5000041,On Time,0
TX-01501,PO-71668,CA01,PO01,PG5,UB,2025-08-28,100037,S037,Purolator,NX70,Aurora,SL05,MAT-10022,Logistics,Outbound freight,1.19,3622.27,4310.5,CAD,1,1,2025-08-29,2025-09-02,GR5000042,Late,4
TX-01410,PO-80283,CA01,PO01,PG4,NB,2024-04-20,100038,S038,Prairie Packaging,NX10,Allan,SL04,MAT-10024,Packaging,Poly liner,5.5,99.3,546.15,CAD,1,5,2024-04-25,2024-04-25,GR5000043,On Time,0
TX-00994,PO-31157,CA01,PO01,PG4,NB,2024-03-11,100039,S039,Sealed Air Canada,NX50,Redwater,SL04,MAT-10034,Packaging,Bulk bags,29.7,1059.83,31476.95,CAD,1,8,2024-03-19,2024-03-19,GR5000044,On Time,0
TX-01107,PO-11617,CA01,PO01,PG3,NB,2024-05-21,100027,S027,Western Agri-Chem,NX30,Cory,SL03,MAT-10032,Agri-Chemicals,Anhydrous ammonia,12.44,7633.51,94960.86,CAD,1,8,2024-05-29,2024-05-29,GR5000045,On Time,0
TX-00660,PO-48165,CA01,PO01,PG1,NB,2025-11-23,100005,S005,Motion Industries,NX60,Rocanville,SL01,MAT-10035,MRO,Conveyor belt,15.54,4333.54,67343.21,CAD,1,6,2025-11-29,2025-11-29,GR5000046,On Time,0
TX-00144,PO-95918,CA01,PO01,PG5,UB,2023-10-27,100017,S017,Canadian Freightways,NX20,Vanscoy,SL05,MAT-10022,Logistics,Outbound freight,5.86,1801.24,10555.27,CAD,1,3,2023-10-30,2023-10-30,GR5000047,On Time,0
TX-00427,PO-93964,CA01,PO01,PG2,NB,2023-08-10,100033,S033,Siemens Canada,NX70,Aurora,SL02,MAT-10009,Instrumentation,Level sensor,10.15,9402.67,95437.1,CAD,1,10,2023-08-20,2023-08-20,GR5000048,On Time,0
TX-02266,PO-62819,CA01,PO01,PG4,NB,2025-08-30,100024,S024,Northern Safety,NX70,Aurora,SL04,MAT-10008,Safety,FR coveralls,1.9,41.88,79.57,CAD,1,2,2025-09-01,2025-09-07,GR5000049,Late,6
TX-01985,PO-53850,CA01,PO01,PG2,NB,2023-12-03,100034,S034,ABB Canada,NX20,Vanscoy,SL02,MAT-10036,Electrical,Control panel,19.13,6353.86,121549.34,CAD,1,12,2023-12-15,2023-12-15,GR5000050,On Time,0
TX-00710,PO-33091,CA01,PO01,PG3,NB,2025-08-06,100026,S026,Sask Chemical Corp,NX40,Patience Lake,SL03,MAT-10037,Agri-Chemicals,Potassium chloride,7.18,1142.17,8200.78,CAD,1,6,2025-08-12,2025-08-12,GR5000051,On Time,0
TX-01643,PO-79778,CA01,PO01,PG4,NB,2023-11-05,100025,S025,Direct Safety,NX60,Rocanville,SL04,MAT-10008,Safety,FR coveralls,13.7,118.02,1616.87,CAD,0,7,2023-11-12,2023-11-12,GR5000052,On Time,0
TX-00679,PO-35369,CA01,PO01,PG3,NB,2024-01-04,100030,S030,DuPont Canada,NX50,Redwater,SL03,MAT-10017,Agri-Chemicals,Phosphate blend,17.79,2168.68,38580.82,CAD,1,7,2024-01-11,2024-01-11,GR5000053,On Time,0
TX-01608,PO-39928,CA01,PO01,PG3,NB,2024-05-22,100040,S040,Generic Supplies Inc,NX40,Patience Lake,SL03,MAT-10032,Agri-Chemicals,Anhydrous ammonia,5.65,7058.59,39881.03,CAD,0,15,2024-06-06,2024-06-06,GR5000054,On Time,0
TX-01665,PO-28690,CA01,PO01,PG3,NB,2024-02-06,100026,S026,Sask Chemical Corp,NX60,Rocanville,SL03,MAT-10021,Chemicals,Process chemical,3.39,6565.02,22255.42,CAD,1,6,2024-02-12,2024-02-12,GR5000055,On Time,0
TX-00744,PO-69433,CA01,PO01,PG5,UB,2024-01-13,100016,S016,Nutrien Logistics,NX70,Aurora,SL05,MAT-10038,Logistics,Rail freight,5.81,4584.62,26636.64,CAD,0,2,2024-01-15,2024-01-21,GR5000056,Late,6
TX-00787,PO-92157,CA01,PO01,PG1,NB,2023-10-11,100004,S004,Fastenal Canada,NX60,Rocanville,SL01,MAT-10026,MRO,Hose assembly,17.61,1853.85,32646.3,CAD,1,4,2023-10-15,2023-10-15,GR5000057,On Time,0
TX-00870,PO-67067,CA01,PO01,PG1,NB,2025-01-16,100005,S005,Motion Industries,NX10,Allan,SL01,MAT-10016,MRO,Filter element,9.79,1119.66,10961.47,CAD,1,6,2025-01-22,2025-01-22,GR5000058,On Time,0
TX-01615,PO-94578,CA01,PO01,PG2,NB,2023-12-28,100034,S034,ABB Canada,NX70,Aurora,SL02,MAT-10009,Instrumentation,Level sensor,7.24,12857.07,93085.19,CAD,1,12,2024-01-09,2024-01-09,GR5000059,On Time,0
TX-00785,PO-27394,CA01,PO01,PG3,NB,2023-01-26,100027,S027,Western Agri-Chem,NX20,Vanscoy,SL03,MAT-10032,Agri-Chemicals,Anhydrous ammonia,14.17,3490.3,49457.55,CAD,1,8,2023-02-03,2023-02-03,GR5000060,On Time,0
TX-01575,PO-51331,CA01,PO01,PG3,NB,2023-06-20,100040,S040,Generic Supplies Inc,NX30,Cory,SL03,MAT-10017,Agri-Chemicals,Phosphate blend,4.94,8719.58,43074.73,CAD,0,15,2023-07-05,2023-07-05,GR5000061,On Time,0
TX-01376,PO-25035,CA01,PO01,PG2,NB,2023-01-14,100033,S033,Siemens Canada,NX70,Aurora,SL02,MAT-10002,Instrumentation,Flow meter,16.31,16156.1,263505.99,CAD,1,10,2023-01-24,2023-01-24,GR5000062,On Time,0
TX-00675,PO-48382,CA01,PO01,PG2,NB,2023-05-19,100006,S006,HD Supply,NX50,Redwater,SL02,MAT-10023,Electrical,Motor starter,15.41,12680.98,195413.9,CAD,1,10,2023-05-29,2023-05-29,GR5000063,On Time,0
TX-01029,PO-11296,CA01,PO01,PG3,NB,2025-02-08,100028,S028,BioAgra Solutions,NX50,Redwater,SL03,MAT-10017,Agri-Chemicals,Phosphate blend,4.9,2069.02,10138.2,CAD,0,10,2025-02-18,2025-02-18,GR5000064,On Time,0
TX-02058,PO-32950,CA01,PO01,PG5,UB,2023-11-22,100016,S016,Nutrien Logistics,NX50,Redwater,SL05,MAT-10039,Logistics,Flatbed transport,10.0,616.35,6163.5,CAD,0,2,2023-11-24,2023-11-24,GR5000065,On Time,0
TX-00850,PO-99024,CA01,PO01,PG3,NB,2023-05-20,100028,S028,BioAgra Solutions,NX20,Vanscoy,SL03,MAT-10007,Chemicals,Corrosion inhibitor,10.46,1201.34,12566.02,CAD,0,10,2023-05-30,2023-06-05,GR5000066,Late,6
TX-00718,PO-57223,CA01,PO01,PG4,NB,2025-08-30,100029,S029,3M Canada,NX10,Allan,SL04,MAT-10004,Safety,First aid kit,7.8,231.06,1802.27,CAD,1,5,2025-09-04,2025-09-04,GR5000067,On Time,0
TX-00542,PO-64162,CA01,PO01,PG4,NB,2024-07-18,100039,S039,Sealed Air Canada,NX40,Patience Lake,SL04,MAT-10013,Packaging,Pallet wrap,49.6,843.11,41818.26,CAD,1,8,2024-07-26,2024-07-26,GR5000068,On Time,0
TX-02174,PO-16798,CA01,PO01,PG1,NB,2024-01-17,100004,S004,Fastenal Canada,NX70,Aurora,SL01,MAT-10026,MRO,Hose assembly,13.96,3576.2,49923.75,CAD,1,4,2024-01-21,2024-01-21,GR5000069,On Time,0
TX-02154,PO-87200,CA01,PO01,PG5,UB,2023-01-29,100017,S017,Canadian Freightways,NX20,Vanscoy,SL05,MAT-10040,Logistics,LTL shipment,16.85,5292.97,89186.54,CAD,1,3,2023-02-01,2023-02-05,GR5000070,Late,4
TX-01805,PO-39899,CA01,PO01,PG2,NB,2025-09-28,100006,S006,HD Supply,NX30,Cory,SL02,MAT-10041,Electrical,Cable tray,6.96,14986.64,104307.01,CAD,1,10,2025-10-08,2025-10-08,GR5000071,On Time,0
TX-02244,PO-69471,CA01,PO01,PG2,NB,2025-10-13,100034,S034,ABB Canada,NX50,Redwater,SL02,MAT-10041,Electrical,Cable tray,16.65,11690.17,194641.33,CAD,1,12,2025-10-25,2025-10-25,GR5000072,On Time,0
TX-00119,PO-39038,CA01,PO01,PG3,NB,2025-01-11,100026,S026,Sask Chemical Corp,NX60,Rocanville,SL03,MAT-10007,Chemicals,Corrosion inhibitor,10.75,2021.4,21730.05,CAD,1,6,2025-01-17,2025-01-17,GR5000073,On Time,0
TX-01015,PO-14370,CA01,PO01,PG3,NB,2025-07-03,100026,S026,Sask Chemical Corp,NX70,Aurora,SL03,MAT-10042,Agri-Chemicals,Urea 46-0-0,12.0,1050.06,12600.72,CAD,1,6,2025-07-09,2025-07-09,GR5000074,On Time,0
TX-02280,PO-76014,CA01,PO01,PG3,NB,2023-06-21,100027,S027,Western Agri-Chem,NX20,Vanscoy,SL03,MAT-10030,Agri-Chemicals,Micronutrient blend,19.54,7715.15,150754.03,CAD,1,8,2023-06-29,2023-06-29,GR5000075,On Time,0
TX-00272,PO-39603,CA01,PO01,PG2,NB,2025-02-03,100034,S034,ABB Canada,NX20,Vanscoy,SL02,MAT-10002,Instrumentation,Flow meter,19.23,12286.45,236268.43,CAD,1,12,2025-02-15,2025-02-15,GR5000076,On Time,0
TX-02292,PO-13358,CA01,PO01,PG2,NB,2024-05-24,100034,S034,ABB Canada,NX60,Rocanville,SL02,MAT-10018,Instrumentation,Temperature probe,14.69,23485.58,345003.17,CAD,1,12,2024-06-05,2024-06-05,GR5000077,On Time,0
TX-00837,PO-32514,CA01,PO01,PG3,NB,2023-01-29,100007,S007,Brenntag Canada,NX50,Redwater,SL03,MAT-10027,Chemicals,Defoamer,11.05,8817.09,97428.84,CAD,1,8,2023-02-06,2023-02-06,GR5000078,On Time,0
TX-01082,PO-37887,CA01,PO01,PG2,NB,2023-01-31,100035,S035,Rockwell Automation,NX10,Allan,SL02,MAT-10036,Electrical,Control panel,8.64,4880.36,42166.31,CAD,1,14,2023-02-14,2023-02-13,GR5000079,On Time,0
TX-00128,PO-73201,CA01,PO01,PG2,NB,2023-08-01,100033,S033,Siemens Canada,NX30,Cory,SL02,MAT-10025,Instrumentation,Analyzer calibration,11.98,6499.36,77862.33,CAD,1,10,2023-08-11,2023-08-11,GR5000080,On Time,0
TX-02025,PO-48365,CA01,PO01,PG3,NB,2023-05-02,100040,S040,Generic Supplies Inc,NX10,Allan,SL03,MAT-10030,Agri-Chemicals,Micronutrient blend,9.16,5603.23,51325.59,CAD,0,15,2023-05-17,2023-05-17,GR5000081,On Time,0
TX-01935,PO-88988,CA01,PO01,PG2,NB,2023-12-10,100034,S034,ABB Canada,NX60,Rocanville,SL02,MAT-10002,Instrumentation,Flow meter,5.49,20481.63,112444.15,CAD,1,12,2023-12-22,2023-12-22,GR5000082,On Time,0
TX-00090,PO-30232,CA01,PO01,PG3,NB,2023-02-01,100027,S027,Western Agri-Chem,NX60,Rocanville,SL03,MAT-10003,Chemicals,Sulfuric acid,14.73,5391.76,79420.62,CAD,1,8,2023-02-09,2023-02-09,GR5000083,On Time,0
TX-02153,PO-75491,CA01,PO01,PG4,NB,2023-08-10,100039,S039,Sealed Air Canada,NX40,Patience Lake,SL04,MAT-10043,Packaging,Stretch film,46.5,1817.68,84522.12,CAD,1,8,2023-08-18,2023-08-18,GR5000084,On Time,0
TX-01521,PO-81314,CA01,PO01,PG4,NB,2025-06-27,100038,S038,Prairie Packaging,NX20,Vanscoy,SL04,MAT-10034,Packaging,Bulk bags,32.2,199.66,6429.05,CAD,1,5,2025-07-02,2025-07-02,GR5000085,On Time,0
TX-01832,PO-22040,CA01,PO01,PG3,NB,2023-10-14,100026,S026,Sask Chemical Corp,NX20,Vanscoy,SL03,MAT-10032,Agri-Chemicals,Anhydrous ammonia,3.88,4373.13,16967.74,CAD,1,6,2023-10-20,2023-10-20,GR5000086,On Time,0
TX-01760,PO-92350,CA01,PO01,PG1,NB,2025-03-04,100005,S005,Motion Industries,NX20,Vanscoy,SL01,MAT-10035,MRO,Conveyor belt,15.61,582.41,9091.42,CAD,1,6,2025-03-10,2025-03-10,GR5000087,On Time,0
TX-02226,PO-99600,CA01,PO01,PG3,NB,2025-08-11,100040,S040,Generic Supplies Inc,NX50,Redwater,SL03,MAT-10017,Agri-Chemicals,Phosphate blend,10.85,4753.61,51576.67,CAD,0,15,2025-08-26,2025-08-26,GR5000088,On Time,0
TX-02249,PO-46883,CA01,PO01,PG3,NB,2023-02-15,100026,S026,Sask Chemical Corp,NX60,Rocanville,SL03,MAT-10021,Chemicals,Process chemical,8.83,2255.86,19919.24,CAD,1,6,2023-02-21,2023-02-18,GR5000089,On Time,0
TX-01466,PO-98257,CA01,PO01,PG1,NB,2023-01-17,100040,S040,Generic Supplies Inc,NX70,Aurora,SL01,MAT-10035,MRO,Conveyor belt,5.67,3034.31,17204.54,CAD,0,15,2023-02-01,2023-02-01,GR5000090,On Time,0
TX-01436,PO-14083,CA01,PO01,PG2,NB,2025-02-06,100035,S035,Rockwell Automation,NX60,Rocanville,SL02,MAT-10019,Electrical,LED fixture,9.94,14607.82,145201.73,CAD,1,14,2025-02-20,2025-02-20,GR5000091,On Time,0
TX-00227,PO-94659,CA01,PO01,PG3,NB,2024-02-13,100030,S030,DuPont Canada,NX70,Aurora,SL03,MAT-10017,Agri-Chemicals,Phosphate blend,15.36,2583.06,39675.8,CAD,1,7,2024-02-20,2024-02-26,GR5000092,Late,6
TX-01337,PO-34514,CA01,PO01,PG3,NB,2023-08-08,100008,S008,Univar Solutions,NX60,Rocanville,SL03,MAT-10011,Chemicals,Scale inhibitor,15.16,3494.3,52973.59,CAD,1,9,2023-08-17,2023-08-17,GR5000093,On Time,0
TX-00172,PO-86271,CA01,PO01,PG1,NB,2023-05-19,100003,S003,Grainger Canada,NX50,Redwater,SL01,MAT-10044,MRO,Pump seal kit,7.55,3311.59,25002.5,CAD,1,3,2023-05-22,2023-05-22,GR5000094,On Time,0
TX-02063,PO-25118,CA01,PO01,PG4,NB,2025-02-08,100025,S025,Direct Safety,NX30,Cory,SL04,MAT-10010,Safety,Hearing protection,38.9,213.64,8310.6,CAD,0,7,2025-02-15,2025-02-15,GR5000095,On Time,0
TX-02386,PO-57543,CA01,PO01,PG3,NB,2025-05-25,100009,S009,Chemtrade Logistics,NX10,Allan,SL03,MAT-10003,Chemicals,Sulfuric acid,2.54,10657.25,27069.42,CAD,1,5,2025-05-30,2025-05-30,GR5000096,On Time,0
TX-01531,PO-94125,CA01,PO01,PG5,UB,2025-06-19,100018,S018,TransWest Shipping,NX30,Cory,SL05,MAT-10029,Logistics,Expedited shipping,6.03,4677.16,28203.27,CAD,0,4,2025-06-23,2025-06-23,GR5000097,On Time,0
TX-00856,PO-44523,CA01,PO01,PG3,NB,2025-08-20,100040,S040,Generic Supplies Inc,NX70,Aurora,SL03,MAT-10037,Agri-Chemicals,Potassium chloride,10.04,7689.0,77197.56,CAD,0,15,2025-09-04,2025-09-04,GR5000098,On Time,0
TX-01987,PO-58892,CA01,PO01,PG4,NB,2023-01-19,100038,S038,Prairie Packaging,NX50,Redwater,SL04,MAT-10045,Packaging,Label stock,31.9,1445.82,46121.66,CAD,1,5,2023-01-24,2023-01-24,GR5000099,On Time,0
TX-01825,PO-49082,CA01,PO01,PG2,NB,2025-02-09,100032,S032,Endress+Hauser,NX50,Redwater,SL02,MAT-10046,Instrumentation,Pressure transmitter,9.04,20736.78,187460.49,CAD,1,21,2025-03-02,2025-03-02,GR5000100,On Time,0
TX-02019,PO-15339,CA01,PO01,PG3,NB,2024-08-31,100028,S028,BioAgra Solutions,NX40,Patience Lake,SL03,MAT-10011,Chemicals,Scale inhibitor,18.22,8879.39,161782.49,CAD,0,10,2024-09-10,2024-09-07,GR5000101,On Time,0
TX-00220,PO-47880,CA01,PO01,PG2,NB,2024-05-19,100034,S034,ABB Canada,NX10,Allan,SL02,MAT-10009,Instrumentation,Level sensor,6.3,8514.73,53642.8,CAD,1,12,2024-05-31,2024-05-31,GR5000102,On Time,0
TX-00504,PO-79922,CA01,PO01,PG2,NB,2025-06-15,100031,S031,Precision Instruments,NX30,Cory,SL02,MAT-10002,Instrumentation,Flow meter,8.25,22530.39,185875.72,CAD,0,14,2025-06-29,2025-06-29,GR5000103,On Time,0
TX-00082,PO-75323,CA01,PO01,PG4,NB,2023-08-21,100038,S038,Prairie Packaging,NX10,Allan,SL04,MAT-10013,Packaging,Pallet wrap,23.6,305.54,7210.74,CAD,1,5,2023-08-26,2023-08-26,GR5000104,On Time,0
TX-01861,PO-21330,CA01,PO01,PG2,NB,2025-10-09,100035,S035,Rockwell Automation,NX10,Allan,SL02,MAT-10036,Electrical,Control panel,13.84,6235.82,86303.75,CAD,1,14,2025-10-23,2025-10-30,GR5000105,Late,7
TX-02207,PO-64443,CA01,PO01,PG1,NB,2023-07-09,100040,S040,Generic Supplies Inc,NX30,Cory,SL01,MAT-10035,MRO,Conveyor belt,2.12,3809.0,8075.08,CAD,0,15,2023-07-24,2023-07-24,GR5000106,On Time,0
TX-00402,PO-67637,CA01,PO01,PG4,NB,2025-02-20,100038,S038,Prairie Packaging,NX30,Cory,SL04,MAT-10047,Packaging,Corrugated box,19.1,935.89,17875.5,CAD,1,5,2025-02-25,2025-02-25,GR5000107,On Time,0
TX-00815,PO-21282,CA01,PO01,PG3,NB,2025-05-18,100028,S028,BioAgra Solutions,NX10,Allan,SL03,MAT-10030,Agri-Chemicals,Micronutrient blend,14.84,4039.2,59941.73,CAD,0,10,2025-05-28,2025-05-28,GR5000108,On Time,0
TX-01753,PO-96884,CA01,PO01,PG4,NB,2025-01-29,100025,S025,Direct Safety,NX40,Patience Lake,SL04,MAT-10048,Safety,Hard hat,22.5,83.29,1874.03,CAD,0,7,2025-02-05,2025-02-05,GR5000109,On Time,0
TX-01227,PO-39607,CA01,PO01,PG5,UB,2023-02-19,100016,S016,Nutrien Logistics,NX10,Allan,SL05,MAT-10029,Logistics,Expedited shipping,5.31,3745.45,19888.34,CAD,0,2,2023-02-21,2023-02-21,GR5000110,On Time,0
TX-00539,PO-85757,CA01,PO01,PG2,NB,2024-01-23,100034,S034,ABB Canada,NX30,Cory,SL02,MAT-10046,Instrumentation,Pressure transmitter,1.1,18975.67,20873.24,CAD,1,12,2024-02-04,2024-02-04,GR5000111,On Time,0
TX-02303,PO-73470,CA01,PO01,PG2,NB,2025-05-02,100033,S033,Siemens Canada,NX20,Vanscoy,SL02,MAT-10025,Instrumentation,Analyzer calibration,8.64,2984.72,25787.98,CAD,1,10,2025-05-12,2025-05-09,GR5000112,On Time,0
TX-02273,PO-38348,CA01,PO01,PG4,NB,2025-04-21,100039,S039,Sealed Air Canada,NX20,Vanscoy,SL04,MAT-10013,Packaging,Pallet wrap,45.5,1914.47,87108.38,CAD,1,8,2025-04-29,2025-05-04,GR5000113,Late,5
TX-02158,PO-62793,CA01,PO01,PG1,NB,2025-07-09,100003,S003,Grainger Canada,NX10,Allan,SL01,MAT-10012,MRO,Coupling set,19.24,151.99,2924.29,CAD,1,3,2025-07-12,2025-07-12,GR5000114,On Time,0
TX-00731,PO-44242,CA01,PO01,PG5,UB,2023-11-06,100037,S037,Purolator,NX70,Aurora,SL05,MAT-10022,Logistics,Outbound freight,13.52,3273.25,44254.34,CAD,1,1,2023-11-07,2023-11-07,GR5000115,On Time,0
TX-02100,PO-11398,CA01,PO01,PG3,NB,2025-04-13,100040,S040,Generic Supplies Inc,NX50,Redwater,SL03,MAT-10042,Agri-Chemicals,Urea 46-0-0,15.8,6559.76,103644.21,CAD,0,15,2025-04-28,2025-05-05,GR5000116,Late,7
TX-00041,PO-96900,CA01,PO01,PG5,UB,2025-12-29,100036,S036,Canpar Courier,NX10,Allan,SL05,MAT-10039,Logistics,Flatbed transport,1.51,3455.15,5217.28,CAD,1,1,2025-12-30,2025-12-30,GR5000117,On Time,0
TX-00564,PO-98356,CA01,PO01,PG5,UB,2025-11-27,100036,S036,Canpar Courier,NX20,Vanscoy,SL05,MAT-10028,Logistics,Inbound freight,9.74,5669.08,55216.84,CAD,1,1,2025-11-28,2025-11-28,GR5000118,On Time,0
TX-01773,PO-63908,CA01,PO01,PG2,NB,2025-04-03,100032,S032,Endress+Hauser,NX70,Aurora,SL02,MAT-10002,Instrumentation,Flow meter,11.93,20319.66,242413.54,CAD,1,21,2025-04-24,2025-04-24,GR5000119,On Time,0
TX-01126,PO-32027,CA01,PO01,PG1,NB,2023-06-28,100002,S002,Wesco Distribution,NX60,Rocanville,SL01,MAT-10006,MRO,Gear oil,6.73,3045.13,20493.72,CAD,1,5,2023-07-03,2023-07-03,GR5000120,On Time,0
TX-00435,PO-49106,CA01,PO01,PG3,NB,2025-10-21,100026,S026,Sask Chemical Corp,NX10,Allan,SL03,MAT-10007,Chemicals,Corrosion inhibitor,3.28,8423.81,27630.1,CAD,1,6,2025-10-27,2025-10-27,GR5000121,On Time,0
TX-01530,PO-36112,CA01,PO01,PG2,NB,2024-10-08,100032,S032,Endress+Hauser,NX40,Patience Lake,SL02,MAT-10009,Instrumentation,Level sensor,8.87,21128.97,187413.96,CAD,1,21,2024-10-29,2024-10-29,GR5000122,On Time,0
TX-01512,PO-46403,CA01,PO01,PG3,NB,2024-03-14,100027,S027,Western Agri-Chem,NX50,Redwater,SL03,MAT-10021,Chemicals,Process chemical,19.15,11389.49,218108.73,CAD,1,8,2024-03-22,2024-03-22,GR5000123,On Time,0
TX-02307,PO-96922,CA01,PO01,PG5,UB,2025-02-10,100036,S036,Canpar Courier,NX70,Aurora,SL05,MAT-10039,Logistics,Flatbed transport,19.0,4594.36,87292.84,CAD,1,1,2025-02-11,2025-02-08,GR5000124,On Time,0
TX-00477,PO-42537,CA01,PO01,PG4,NB,2025-02-26,100039,S039,Sealed Air Canada,NX40,Patience Lake,SL04,MAT-10043,Packaging,Stretch film,21.5,1249.27,26859.31,CAD,1,8,2025-03-06,2025-03-06,GR5000125,On Time,0
TX-00296,PO-64827,CA01,PO01,PG4,NB,2025-09-08,100038,S038,Prairie Packaging,NX60,Rocanville,SL04,MAT-10043,Packaging,Stretch film,29.5,1105.99,32626.71,CAD,1,5,2025-09-13,2025-09-13,GR5000126,On Time,0
TX-00953,PO-64396,CA01,PO01,PG4,NB,2024-08-10,100025,S025,Direct Safety,NX30,Cory,SL04,MAT-10004,Safety,First aid kit,25.7,57.95,1489.32,CAD,0,7,2024-08-17,2024-08-17,GR5000127,On Time,0
TX-01101,PO-34854,CA01,PO01,PG4,NB,2024-11-13,100039,S039,Sealed Air Canada,NX20,Vanscoy,SL04,MAT-10013,Packaging,Pallet wrap,7.7,980.98,7553.55,CAD,1,8,2024-11-21,2024-11-21,GR5000128,On Time,0
TX-01852,PO-72456,CA01,PO01,PG5,UB,2024-02-24,100018,S018,TransWest Shipping,NX60,Rocanville,SL05,MAT-10028,Logistics,Inbound freight,3.29,6049.05,19901.37,CAD,0,4,2024-02-28,2024-02-28,GR5000129,On Time,0
TX-01994,PO-41323,CA01,PO01,PG4,NB,2025-12-22,100039,S039,Sealed Air Canada,NX20,Vanscoy,SL04,MAT-10024,Packaging,Poly liner,12.2,505.86,6171.49,CAD,1,8,2025-12-30,2026-01-03,GR5000130,Late,4
TX-00010,PO-93130,CA01,PO01,PG3,NB,2023-11-15,100028,S028,BioAgra Solutions,NX40,Patience Lake,SL03,MAT-10031,Chemicals,Hydrochloric acid,6.17,8560.49,52818.22,CAD,0,10,2023-11-25,2023-11-22,GR5000131,On Time,0
TX-01844,PO-49763,CA01,PO01,PG4,NB,2024-09-03,100029,S029,3M Canada,NX70,Aurora,SL04,MAT-10010,Safety,Hearing protection,41.8,276.2,11545.16,CAD,1,5,2024-09-08,2024-09-08,GR5000132,On Time,0
TX-00473,PO-38257,CA01,PO01,PG3,NB,2024-02-06,100009,S009,Chemtrade Logistics,NX40,Patience Lake,SL03,MAT-10011,Chemicals,Scale inhibitor,4.56,11218.42,51156.0,CAD,1,5,2024-02-11,2024-02-11,GR5000133,On Time,0
TX-DUP-003,PO-60242,CA01,PO01,PG3,NB,2025-06-07,100008,S008,Univar Solutions,NX40,Patience Lake,SL03,MAT-10011,Chemicals,Scale inhibitor,13.04,5318.01,69346.85,CAD,1,9,2025-06-16,2025-06-16,GR5000134,On Time,0
TX-01460,PO-78274,CA01,PO01,PG1,NB,2024-07-31,100003,S003,Grainger Canada,NX10,Allan,SL01,MAT-10006,MRO,Gear oil,18.89,2591.68,48956.84,CAD,1,3,2024-08-03,2024-08-03,GR5000135,On Time,0
TX-00896,PO-25533,CA01,PO01,PG1,NB,2025-06-10,100040,S040,Generic Supplies Inc,NX40,Patience Lake,SL01,MAT-10006,MRO,Gear oil,15.69,4757.45,74644.39,CAD,0,15,2025-06-25,2025-06-25,GR5000136,On Time,0
TX-02269,PO-83783,CA01,PO01,PG1,NB,2024-06-21,100040,S040,Generic Supplies Inc,NX70,Aurora,SL01,MAT-10044,MRO,Pump seal kit,12.13,2830.68,34336.15,CAD,0,15,2024-07-06,2024-07-06,GR5000137,On Time,0
TX-01648,PO-37339,CA01,PO01,PG1,NB,2023-09-10,100002,S002,Wesco Distribution,NX60,Rocanville,SL01,MAT-10006,MRO,Gear oil,16.85,1719.26,28969.53,CAD,1,5,2023-09-15,2023-09-19,GR5000138,Late,4
TX-01122,PO-72285,CA01,PO01,PG3,NB,2024-05-24,100027,S027,Western Agri-Chem,NX30,Cory,SL03,MAT-10003,Chemicals,Sulfuric acid,8.0,7725.54,61804.32,CAD,1,8,2024-06-01,2024-06-01,GR5000139,On Time,0
TX-01486,PO-36563,CA01,PO01,PG2,NB,2025-11-15,100033,S033,Siemens Canada,NX60,Rocanville,SL02,MAT-10018,Instrumentation,Temperature probe,15.13,8600.62,130127.38,CAD,1,10,2025-11-25,2025-11-25,GR5000140,On Time,0
TX-DUP-020,PO-38548,CA01,PO01,PG4,NB,2024-07-10,100039,S039,Sealed Air Canada,NX60,Rocanville,SL04,MAT-10045,Packaging,Label stock,11.1,86.91,964.7,CAD,1,8,2024-07-18,2024-07-18,GR5000141,On Time,0
TX-00034,PO-30861,CA01,PO01,PG2,NB,2025-10-30,100006,S006,HD Supply,NX40,Patience Lake,SL02,MAT-10036,Electrical,Control panel,9.11,13621.45,124091.41,CAD,1,10,2025-11-09,2025-11-09,GR5000142,On Time,0
TX-02183,PO-74177,CA01,PO01,PG4,NB,2025-03-12,100029,S029,3M Canada,NX20,Vanscoy,SL04,MAT-10020,Safety,Safety harness,19.1,29.75,568.23,CAD,1,5,2025-03-17,2025-03-17,GR5000143,On Time,0
TX-00350,PO-75031,CA01,PO01,PG1,NB,2025-05-29,100003,S003,Grainger Canada,NX50,Redwater,SL01,MAT-10044,MRO,Pump seal kit,6.17,334.23,2062.2,CAD,1,3,2025-06-01,2025-06-01,GR5000144,On Time,0
TX-00169,PO-84798,CA01,PO01,PG4,NB,2024-08-19,100029,S029,3M Canada,NX10,Allan,SL04,MAT-10049,Safety,Safety glasses,22.0,253.63,5579.86,CAD,1,5,2024-08-24,2024-08-24,GR5000145,On Time,0
TX-01992,PO-68886,CA01,PO01,PG4,NB,2024-04-17,100039,S039,Sealed Air Canada,NX40,Patience Lake,SL04,MAT-10013,Packaging,Pallet wrap,46.2,1682.82,77746.28,CAD,1,8,2024-04-25,2024-04-25,GR5000146,On Time,0
TX-01112,PO-32365,CA01,PO01,PG1,NB,2025-05-05,100001,S001,Prairie Industrial Supply,NX20,Vanscoy,SL01,MAT-10012,MRO,Coupling set,10.97,2962.62,32499.94,CAD,1,7,2025-05-12,2025-05-12,GR5000147,On Time,0
TX-00196,PO-20646,CA01,PO01,PG5,UB,2024-11-22,100037,S037,Purolator,NX70,Aurora,SL05,MAT-10028,Logistics,Inbound freight,17.01,4727.14,80408.65,CAD,1,1,2024-11-23,2024-11-30,GR5000148,Late,7
TX-00636,PO-29356,CA01,PO01,PG2,NB,2023-06-25,100034,S034,ABB Canada,NX50,Redwater,SL02,MAT-10019,Electrical,LED fixture,3.14,1007.16,3162.48,CAD,1,12,2023-07-07,2023-07-07,GR5000149,On Time,0
TX-01505,PO-96424,CA01,PO01,PG2,NB,2025-04-05,100033,S033,Siemens Canada,NX40,Patience Lake,SL02,MAT-10025,Instrumentation,Analyzer calibration,18.75,14686.14,275365.12,CAD,1,10,2025-04-15,2025-04-15,GR5000150,On Time,0
TX-01932,PO-28564,CA01,PO01,PG1,NB,2025-12-11,100003,S003,Grainger Canada,NX20,Vanscoy,SL01,MAT-10016,MRO,Filter element,18.71,2066.3,38660.47,CAD,1,3,2025-12-14,2025-12-14,GR5000151,On Time,0
TX-01713,PO-39861,CA01,PO01,PG5,UB,2025-11-05,100016,S016,Nutrien Logistics,NX50,Redwater,SL05,MAT-10039,Logistics,Flatbed transport,14.46,4909.54,70991.95,CAD,0,2,2025-11-07,2025-11-07,GR5000152,On Time,0
TX-01707,PO-45885,CA01,PO01,PG2,NB,2024-04-05,100031,S031,Precision Instruments,NX30,Cory,SL02,MAT-10025,Instrumentation,Analyzer calibration,9.41,2749.11,25869.13,CAD,0,14,2024-04-19,2024-04-19,GR5000153,On Time,0
TX-00008,PO-95717,CA01,PO01,PG2,NB,2025-06-16,100035,S035,Rockwell Automation,NX10,Allan,SL02,MAT-10019,Electrical,LED fixture,16.84,10612.39,178712.65,CAD,1,14,2025-06-30,2025-06-30,GR5000154,On Time,0
TX-02049,PO-11533,CA01,PO01,PG5,UB,2024-03-15,100017,S017,Canadian Freightways,NX70,Aurora,SL05,MAT-10029,Logistics,Expedited shipping,5.15,1226.42,6316.06,CAD,1,3,2024-03-18,2024-03-23,GR5000155,Late,5
TX-01828,PO-31351,CA01,PO01,PG3,NB,2024-07-14,100028,S028,BioAgra Solutions,NX20,Vanscoy,SL03,MAT-10017,Agri-Chemicals,Phosphate blend,9.66,2136.18,20635.5,CAD,0,10,2024-07-24,2024-07-24,GR5000156,On Time,0
TX-01208,PO-67376,CA01,PO01,PG4,NB,2025-12-26,100039,S039,Sealed Air Canada,NX70,Aurora,SL04,MAT-10013,Packaging,Pallet wrap,43.6,1945.35,84817.26,CAD,1,8,2026-01-03,2026-01-03,GR5000157,On Time,0
TX-00121,PO-29442,CA01,PO01,PG4,NB,2025-06-27,100038,S038,Prairie Packaging,NX60,Rocanville,SL04,MAT-10045,Packaging,Label stock,4.6,235.12,1081.55,CAD,1,5,2025-07-02,2025-07-02,GR5000158,On Time,0
TX-00605,PO-81137,CA01,PO01,PG2,NB,2023-03-22,100034,S034,ABB Canada,NX30,Cory,SL02,MAT-10050,Electrical,Junction box,10.22,6675.0,68218.5,CAD,1,12,2023-04-03,2023-04-03,GR5000159,On Time,0
TX-01817,PO-35477,CA01,PO01,PG2,NB,2024-07-28,100006,S006,HD Supply,NX50,Redwater,SL02,MAT-10050,Electrical,Junction box,11.54,8742.85,100892.49,CAD,1,10,2024-08-07,2024-08-07,GR5000160,On Time,0
TX-00942,PO-71908,CA01,PO01,PG3,NB,2025-03-10,100027,S027,Western Agri-Chem,NX30,Cory,SL03,MAT-10017,Agri-Chemicals,Phosphate blend,19.24,6731.41,129512.33,CAD,1,8,2025-03-18,2025-03-18,GR5000161,On Time,0
TX-01032,PO-12751,CA01,PO01,PG2,NB,2024-02-06,100034,S034,ABB Canada,NX10,Allan,SL02,MAT-10023,Electrical,Motor starter,1.41,12674.65,17871.26,CAD,1,12,2024-02-18,2024-02-18,GR5000162,On Time,0
TX-01765,PO-80975,CA01,PO01,PG5,UB,2023-02-12,100018,S018,TransWest Shipping,NX70,Aurora,SL05,MAT-10040,Logistics,LTL shipment,9.2,2977.03,27388.68,CAD,0,4,2023-02-16,2023-02-16,GR5000163,On Time,0
TX-00014,PO-15229,CA01,PO01,PG1,NB,2023-10-31,100003,S003,Grainger Canada,NX40,Patience Lake,SL01,MAT-10026,MRO,Hose assembly,9.17,236.14,2165.4,CAD,1,3,2023-11-03,2023-11-03,GR5000164,On Time,0
TX-01518,PO-71709,CA01,PO01,PG2,NB,2023-04-28,100033,S033,Siemens Canada,NX70,Aurora,SL02,MAT-10025,Instrumentation,Analyzer calibration,19.45,20848.15,405496.52,CAD,1,10,2023-05-08,2023-05-08,GR5000165,On Time,0
TX-02136,PO-18205,CA01,PO01,PG4,NB,2025-11-18,100024,S024,Northern Safety,NX20,Vanscoy,SL04,MAT-10051,Safety,Gloves — cut-resistant,22.3,168.46,3756.66,CAD,1,2,2025-11-20,2025-11-19,GR5000166,On Time,0
TX-01279,PO-51472,CA01,PO01,PG2,NB,2023-11-05,100035,S035,Rockwell Automation,NX20,Vanscoy,SL02,MAT-10036,Electrical,Control panel,18.03,14020.53,252790.16,CAD,1,14,2023-11-19,2023-11-19,GR5000167,On Time,0
TX-01664,PO-97612,CA01,PO01,PG3,NB,2023-09-20,100030,S030,DuPont Canada,NX30,Cory,SL03,MAT-10030,Agri-Chemicals,Micronutrient blend,7.13,4503.89,32112.74,CAD,1,7,2023-09-27,2023-09-27,GR5000168,On Time,0
TX-00591,PO-52027,CA01,PO01,PG5,UB,2025-07-21,100018,S018,TransWest Shipping,NX20,Vanscoy,SL05,MAT-10022,Logistics,Outbound freight,12.74,2855.06,36373.46,CAD,0,4,2025-07-25,2025-07-25,GR5000169,On Time,0
TX-01766,PO-69285,CA01,PO01,PG4,NB,2024-12-23,100025,S025,Direct Safety,NX10,Allan,SL04,MAT-10051,Safety,Gloves — cut-resistant,11.2,198.91,2227.79,CAD,0,7,2024-12-30,2024-12-30,GR5000170,On Time,0
TX-02381,PO-10662,CA01,PO01,PG5,UB,2024-11-02,100037,S037,Purolator,NX40,Patience Lake,SL05,MAT-10029,Logistics,Expedited shipping,17.86,7141.09,127539.87,CAD,1,1,2024-11-03,2024-11-03,GR5000171,On Time,0
TX-00796,PO-47797,CA01,PO01,PG2,NB,2025-07-26,100033,S033,Siemens Canada,NX10,Allan,SL02,MAT-10041,Electrical,Cable tray,2.66,5982.1,15912.39,CAD,1,10,2025-08-05,2025-08-05,GR5000172,On Time,0
TX-01979,PO-17700,CA01,PO01,PG2,NB,2025-08-02,100034,S034,ABB Canada,NX10,Allan,SL02,MAT-10023,Electrical,Motor starter,3.83,2497.24,9564.43,CAD,1,12,2025-08-14,2025-08-14,GR5000173,On Time,0
TX-02397,PO-60151,CA01,PO01,PG2,NB,2024-09-13,100032,S032,Endress+Hauser,NX40,Patience Lake,SL02,MAT-10002,Instrumentation,Flow meter,19.39,8971.11,173949.82,CAD,1,21,2024-10-04,2024-10-04,GR5000174,On Time,0
TX-00025,PO-26683,CA01,PO01,PG2,NB,2025-04-16,100033,S033,Siemens Canada,NX70,Aurora,SL02,MAT-10052,Instrumentation,Control valve,7.2,17884.4,128767.68,CAD,1,10,2025-04-26,2025-04-26,GR5000175,On Time,0
TX-01565,PO-43666,CA01,PO01,PG3,NB,2024-09-10,100009,S009,Chemtrade Logistics,NX70,Aurora,SL03,MAT-10003,Chemicals,Sulfuric acid,9.03,1050.69,9487.73,CAD,1,5,2024-09-15,2024-09-16,GR5000176,Late,1
TX-02152,PO-23318,CA01,PO01,PG4,NB,2023-04-19,100039,S039,Sealed Air Canada,NX30,Cory,SL04,MAT-10047,Packaging,Corrugated box,12.6,473.39,5964.71,CAD,1,8,2023-04-27,2023-04-27,GR5000177,On Time,0
TX-01904,PO-77307,CA01,PO01,PG3,NB,2024-07-03,100009,S009,Chemtrade Logistics,NX70,Aurora,SL03,MAT-10007,Chemicals,Corrosion inhibitor,18.75,10597.22,198697.88,CAD,1,5,2024-07-08,2024-07-13,GR5000178,Late,5
TX-02074,PO-47641,CA01,PO01,PG2,NB,2023-10-30,100032,S032,Endress+Hauser,NX20,Vanscoy,SL02,MAT-10018,Instrumentation,Temperature probe,12.41,15045.05,186709.07,CAD,1,21,2023-11-20,2023-11-20,GR5000179,On Time,0
TX-00053,PO-46559,CA01,PO01,PG3,NB,2024-07-03,100030,S030,DuPont Canada,NX50,Redwater,SL03,MAT-10042,Agri-Chemicals,Urea 46-0-0,7.12,2265.76,16132.21,CAD,1,7,2024-07-10,2024-07-10,GR5000180,On Time,0
TX-01642,PO-11119,CA01,PO01,PG1,NB,2024-08-24,100004,S004,Fastenal Canada,NX40,Patience Lake,SL01,MAT-10005,MRO,Bearing assembly,1.12,3735.59,4183.86,CAD,1,4,2024-08-28,2024-08-28,GR5000181,On Time,0
TX-00778,PO-54025,CA01,PO01,PG2,NB,2024-02-02,100034,S034,ABB Canada,NX60,Rocanville,SL02,MAT-10041,Electrical,Cable tray,13.01,14638.23,190443.37,CAD,1,12,2024-02-14,2024-02-14,GR5000182,On Time,0
TX-01162,PO-13396,CA01,PO01,PG5,UB,2023-11-11,100036,S036,Canpar Courier,NX50,Redwater,SL05,MAT-10040,Logistics,LTL shipment,7.01,6408.38,44922.74,CAD,1,1,2023-11-12,2023-11-12,GR5000183,On Time,0
TX-01601,PO-77740,CA01,PO01,PG2,NB,2023-01-25,100032,S032,Endress+Hauser,NX40,Patience Lake,SL02,MAT-10025,Instrumentation,Analyzer calibration,5.93,18446.78,109389.41,CAD,1,21,2023-02-15,2023-02-15,GR5000184,On Time,0
TX-00234,PO-60275,CA01,PO01,PG3,NB,2025-09-04,100008,S008,Univar Solutions,NX10,Allan,SL03,MAT-10027,Chemicals,Defoamer,7.15,3578.13,25583.63,CAD,1,9,2025-09-13,2025-09-13,GR5000185,On Time,0
TX-00104,PO-25095,CA01,PO01,PG2,NB,2025-09-13,100032,S032,Endress+Hauser,NX30,Cory,SL02,MAT-10009,Instrumentation,Level sensor,19.38,8435.82,163486.19,CAD,1,21,2025-10-04,2025-10-04,GR5000186,On Time,0
TX-00192,PO-26912,CA01,PO01,PG3,NB,2023-09-20,100040,S040,Generic Supplies Inc,NX30,Cory,SL03,MAT-10032,Agri-Chemicals,Anhydrous ammonia,17.68,7119.89,125879.66,CAD,0,15,2023-10-05,2023-10-05,GR5000187,On Time,0
TX-02281,PO-80137,CA01,PO01,PG2,NB,2023-05-25,100031,S031,Precision Instruments,NX50,Redwater,SL02,MAT-10009,Instrumentation,Level sensor,19.44,26633.56,517756.41,CAD,0,14,2023-06-08,2023-06-09,GR5000188,Late,1
TX-01746,PO-59431,CA01,PO01,PG2,NB,2024-07-12,100032,S032,Endress+Hauser,NX70,Aurora,SL02,MAT-10018,Instrumentation,Temperature probe,8.77,1740.34,15262.78,CAD,1,21,2024-08-02,2024-08-02,GR5000189,On Time,0
TX-01103,PO-63580,CA01,PO01,PG4,NB,2025-09-29,100039,S039,Sealed Air Canada,NX60,Rocanville,SL04,MAT-10034,Packaging,Bulk bags,16.1,1976.04,31814.24,CAD,1,8,2025-10-07,2025-10-07,GR5000190,On Time,0
TX-02355,PO-15938,CA01,PO01,PG1,NB,2025-12-05,100001,S001,Prairie Industrial Supply,NX20,Vanscoy,SL01,MAT-10044,MRO,Pump seal kit,8.33,1981.17,16503.15,CAD,1,7,2025-12-12,2025-12-12,GR5000191,On Time,0
TX-02008,PO-94217,CA01,PO01,PG4,NB,2025-10-09,100029,S029,3M Canada,NX50,Redwater,SL04,MAT-10008,Safety,FR coveralls,28.3,193.98,5489.63,CAD,1,5,2025-10-14,2025-10-21,GR5000192,Late,7
TX-00273,PO-93459,CA01,PO01,PG2,NB,2023-03-06,100031,S031,Precision Instruments,NX70,Aurora,SL02,MAT-10046,Instrumentation,Pressure transmitter,2.78,11648.57,32383.02,CAD,0,14,2023-03-20,2023-03-20,GR5000193,On Time,0
TX-01661,PO-30731,CA01,PO01,PG4,NB,2025-02-11,100038,S038,Prairie Packaging,NX40,Patience Lake,SL04,MAT-10013,Packaging,Pallet wrap,38.4,1467.24,56342.02,CAD,1,5,2025-02-16,2025-02-16,GR5000194,On Time,0
TX-01431,PO-86007,CA01,PO01,PG1,NB,2023-03-20,100002,S002,Wesco Distribution,NX20,Vanscoy,SL01,MAT-10006,MRO,Gear oil,4.5,2304.9,10372.05,CAD,1,5,2023-03-25,2023-03-22,GR5000195,On Time,0
TX-00349,PO-25473,CA01,PO01,PG2,NB,2023-09-17,100032,S032,Endress+Hauser,NX30,Cory,SL02,MAT-10025,Instrumentation,Analyzer calibration,15.25,22026.31,335901.23,CAD,1,21,2023-10-08,2023-10-08,GR5000196,On Time,0
TX-00095,PO-33600,CA01,PO01,PG2,NB,2023-10-26,100035,S035,Rockwell Automation,NX60,Rocanville,SL02,MAT-10014,Electrical,Conduit kit,5.64,6298.37,35522.81,CAD,1,14,2023-11-09,2023-11-09,GR5000197,On Time,0
TX-01105,PO-72616,CA01,PO01,PG3,NB,2023-04-29,100028,S028,BioAgra Solutions,NX70,Aurora,SL03,MAT-10032,Agri-Chemicals,Anhydrous ammonia,13.37,8420.08,112576.47,CAD,0,10,2023-05-09,2023-05-09,GR5000198,On Time,0
TX-02219,PO-31176,CA01,PO01,PG3,NB,2025-08-06,100026,S026,Sask Chemical Corp,NX70,Aurora,SL03,MAT-10031,Chemicals,Hydrochloric acid,15.01,10684.07,160367.89,CAD,1,6,2025-08-12,2025-08-12,GR5000199,On Time,0
TX-00771,PO-75210,CA01,PO01,PG2,NB,2023-08-19,100031,S031,Precision Instruments,NX10,Allan,SL02,MAT-10018,Instrumentation,Temperature probe,16.14,20204.99,326108.54,CAD,0,14,2023-09-02,2023-09-02,GR5000200,On Time,0
TX-01444,PO-42105,CA01,PO01,PG4,NB,2025-05-07,100025,S025,Direct Safety,NX50,Redwater,SL04,MAT-10010,Safety,Hearing protection,12.3,384.45,4728.74,CAD,0,7,2025-05-14,2025-05-14,GR5000201,On Time,0
TX-02246,PO-30469,CA01,PO01,PG2,NB,2023-09-24,100006,S006,HD Supply,NX30,Cory,SL02,MAT-10023,Electrical,Motor starter,5.03,600.22,3019.11,CAD,1,10,2023-10-04,2023-10-04,GR5000202,On Time,0
TX-01907,PO-70645,CA01,PO01,PG2,NB,2025-01-10,100032,S032,Endress+Hauser,NX70,Aurora,SL02,MAT-10002,Instrumentation,Flow meter,14.54,14493.23,210731.56,CAD,1,21,2025-01-31,2025-01-31,GR5000203,On Time,0
TX-00238,PO-42435,CA01,PO01,PG3,NB,2025-05-01,100040,S040,Generic Supplies Inc,NX30,Cory,SL03,MAT-10032,Agri-Chemicals,Anhydrous ammonia,14.34,8313.22,119211.57,CAD,0,15,2025-05-16,2025-05-16,GR5000204,On Time,0
TX-00648,PO-28102,CA01,PO01,PG5,UB,2023-10-11,100017,S017,Canadian Freightways,NX70,Aurora,SL05,MAT-10022,Logistics,Outbound freight,12.04,5630.36,67789.53,CAD,1,3,2023-10-14,2023-10-14,GR5000205,On Time,0
TX-01770,PO-64017,CA01,PO01,PG3,NB,2025-07-15,100026,S026,Sask Chemical Corp,NX40,Patience Lake,SL03,MAT-10030,Agri-Chemicals,Micronutrient blend,6.71,6729.95,45157.96,CAD,1,6,2025-07-21,2025-07-26,GR5000206,Late,5
TX-01597,PO-29401,CA01,PO01,PG3,NB,2025-07-11,100028,S028,BioAgra Solutions,NX50,Redwater,SL03,MAT-10032,Agri-Chemicals,Anhydrous ammonia,14.29,5292.38,75628.11,CAD,0,10,2025-07-21,2025-07-21,GR5000207,On Time,0
TX-00578,PO-96772,CA01,PO01,PG3,NB,2024-01-12,100030,S030,DuPont Canada,NX10,Allan,SL03,MAT-10032,Agri-Chemicals,Anhydrous ammonia,17.23,1350.3,23265.67,CAD,1,7,2024-01-19,2024-01-18,GR5000208,On Time,0
TX-01605,PO-78697,CA01,PO01,PG2,NB,2024-02-08,100031,S031,Precision Instruments,NX70,Aurora,SL02,MAT-10046,Instrumentation,Pressure transmitter,7.77,14063.04,109269.82,CAD,0,14,2024-02-22,2024-02-23,GR5000209,Late,1
TX-02039,PO-58605,CA01,PO01,PG3,NB,2025-11-09,100030,S030,DuPont Canada,NX10,Allan,SL03,MAT-10017,Agri-Chemicals,Phosphate blend,13.2,1499.66,19795.51,CAD,1,7,2025-11-16,2025-11-16,GR5000210,On Time,0
TX-01722,PO-50789,CA01,PO01,PG4,NB,2025-08-29,100039,S039,Sealed Air Canada,NX60,Rocanville,SL04,MAT-10034,Packaging,Bulk bags,7.8,739.13,5765.21,CAD,1,8,2025-09-06,2025-09-06,GR5000211,On Time,0
TX-01931,PO-90668,CA01,PO01,PG2,NB,2024-04-13,100033,S033,Siemens Canada,NX50,Redwater,SL02,MAT-10023,Electrical,Motor starter,2.71,13754.58,37274.91,CAD,1,10,2024-04-23,2024-04-23,GR5000212,On Time,0
TX-01258,PO-66479,CA01,PO01,PG2,NB,2023-09-26,100006,S006,HD Supply,NX50,Redwater,SL02,MAT-10033,Electrical,Transformer,7.44,5532.68,41163.14,CAD,1,10,2023-10-06,2023-10-06,GR5000213,On Time,0
TX-00342,PO-38277,CA01,PO01,PG5,UB,2023-05-30,100036,S036,Canpar Courier,NX50,Redwater,SL05,MAT-10029,Logistics,Expedited shipping,1.32,1006.49,1328.57,CAD,1,1,2023-05-31,2023-06-02,GR5000214,Late,2
TX-00467,PO-12329,CA01,PO01,PG3,NB,2024-10-09,100026,S026,Sask Chemical Corp,NX60,Rocanville,SL03,MAT-10003,Chemicals,Sulfuric acid,3.26,6370.58,20768.09,CAD,1,6,2024-10-15,2024-10-15,GR5000215,On Time,0
TX-01086,PO-53922,CA01,PO01,PG2,NB,2024-10-13,100034,S034,ABB Canada,NX70,Aurora,SL02,MAT-10023,Electrical,Motor starter,19.58,10062.28,197019.44,CAD,1,12,2024-10-25,2024-10-25,GR5000216,On Time,0
TX-01468,PO-90113,CA01,PO01,PG3,NB,2024-03-14,100027,S027,Western Agri-Chem,NX50,Redwater,SL03,MAT-10007,Chemicals,Corrosion inhibitor,1.06,1553.33,1646.53,CAD,1,8,2024-03-22,2024-03-22,GR5000217,On Time,0
TX-01775,PO-53451,CA01,PO01,PG1,NB,2023-05-14,100040,S040,Generic Supplies Inc,NX20,Vanscoy,SL01,MAT-10005,MRO,Bearing assembly,2.63,101.01,265.66,CAD,0,15,2023-05-29,2023-05-29,GR5000218,On Time,0
TX-DUP-021,PO-76077,CA01,PO01,PG3,NB,2023-05-05,100009,S009,Chemtrade Logistics,NX70,Aurora,SL03,MAT-10021,Chemicals,Process chemical,14.97,2983.36,44660.9,CAD,1,5,2023-05-10,2023-05-10,GR5000219,On Time,0
TX-00252,PO-85690,CA01,PO01,PG5,UB,2024-04-24,100037,S037,Purolator,NX30,Cory,SL05,MAT-10029,Logistics,Expedited shipping,16.5,5986.38,98775.27,CAD,1,1,2024-04-25,2024-04-25,GR5000220,On Time,0
TX-00206,PO-62855,CA01,PO01,PG3,NB,2023-01-17,100028,S028,BioAgra Solutions,NX40,Patience Lake,SL03,MAT-10017,Agri-Chemicals,Phosphate blend,17.1,4196.07,71752.8,CAD,0,10,2023-01-27,2023-01-27,GR5000221,On Time,0
TX-00737,PO-22761,CA01,PO01,PG3,NB,2024-10-08,100030,S030,DuPont Canada,NX70,Aurora,SL03,MAT-10042,Agri-Chemicals,Urea 46-0-0,19.27,5589.86,107716.6,CAD,1,7,2024-10-15,2024-10-15,GR5000222,On Time,0
TX-00989,PO-40636,CA01,PO01,PG2,NB,2025-08-09,100031,S031,Precision Instruments,NX30,Cory,SL02,MAT-10025,Instrumentation,Analyzer calibration,11.51,3287.48,37838.89,CAD,0,14,2025-08-23,2025-08-23,GR5000223,On Time,0
TX-00487,PO-39563,CA01,PO01,PG1,NB,2024-05-29,100001,S001,Prairie Industrial Supply,NX70,Aurora,SL01,MAT-10006,MRO,Gear oil,4.86,3916.38,19033.61,CAD,1,7,2024-06-05,2024-06-05,GR5000224,On Time,0
TX-00593,PO-38467,CA01,PO01,PG5,UB,2023-01-17,100036,S036,Canpar Courier,NX70,Aurora,SL05,MAT-10040,Logistics,LTL shipment,5.42,1630.13,8835.3,CAD,1,1,2023-01-18,2023-01-18,GR5000225,On Time,0
TX-01633,PO-51151,CA01,PO01,PG2,NB,2023-02-14,100033,S033,Siemens Canada,NX70,Aurora,SL02,MAT-10025,Instrumentation,Analyzer calibration,3.67,19592.79,71905.54,CAD,1,10,2023-02-24,2023-02-24,GR5000226,On Time,0
TX-00139,PO-51033,CA01,PO01,PG2,NB,2023-03-28,100033,S033,Siemens Canada,NX60,Rocanville,SL02,MAT-10023,Electrical,Motor starter,9.29,7004.36,65070.5,CAD,1,10,2023-04-07,2023-04-07,GR5000227,On Time,0
TX-01456,PO-31704,CA01,PO01,PG4,NB,2024-07-23,100025,S025,Direct Safety,NX40,Patience Lake,SL04,MAT-10008,Safety,FR coveralls,29.2,275.96,8058.03,CAD,0,7,2024-07-30,2024-07-31,GR5000228,Late,1
TX-00143,PO-94599,CA01,PO01,PG3,NB,2024-02-02,100027,S027,Western Agri-Chem,NX40,Patience Lake,SL03,MAT-10003,Chemicals,Sulfuric acid,18.21,4713.0,85823.73,CAD,1,8,2024-02-10,2024-02-10,GR5000229,On Time,0
TX-02038,PO-94570,CA01,PO01,PG2,NB,2024-03-27,100032,S032,Endress+Hauser,NX60,Rocanville,SL02,MAT-10002,Instrumentation,Flow meter,9.32,4636.94,43216.28,CAD,1,21,2024-04-17,2024-04-17,GR5000230,On Time,0
TX-00367,PO-77300,CA01,PO01,PG2,NB,2024-11-02,100031,S031,Precision Instruments,NX10,Allan,SL02,MAT-10018,Instrumentation,Temperature probe,3.82,20903.74,79852.29,CAD,0,14,2024-11-16,2024-11-16,GR5000231,On Time,0
TX-00397,PO-80795,CA01,PO01,PG5,UB,2024-11-09,100016,S016,Nutrien Logistics,NX20,Vanscoy,SL05,MAT-10038,Logistics,Rail freight,4.91,2172.81,10668.5,CAD,0,2,2024-11-11,2024-11-11,GR5000232,On Time,0
TX-02258,PO-54920,CA01,PO01,PG2,NB,2023-10-31,100006,S006,HD Supply,NX20,Vanscoy,SL02,MAT-10023,Electrical,Motor starter,12.26,13052.8,160027.33,CAD,1,10,2023-11-10,2023-11-10,GR5000233,On Time,0
TX-00838,PO-67627,CA01,PO01,PG1,NB,2024-03-14,100040,S040,Generic Supplies Inc,NX20,Vanscoy,SL01,MAT-10001,MRO,Valve repair parts,18.49,4272.88,79005.55,CAD,0,15,2024-03-29,2024-03-29,GR5000234,On Time,0
TX-01701,PO-21853,CA01,PO01,PG3,NB,2024-04-11,100009,S009,Chemtrade Logistics,NX30,Cory,SL03,MAT-10003,Chemicals,Sulfuric acid,7.01,4225.35,29619.7,CAD,1,5,2024-04-16,2024-04-16,GR5000235,On Time,0
TX-00065,PO-89471,CA01,PO01,PG5,UB,2023-06-24,100037,S037,Purolator,NX30,Cory,SL05,MAT-10040,Logistics,LTL shipment,19.88,1388.39,27601.19,CAD,1,1,2023-06-25,2023-06-25,GR5000236,On Time,0
TX-01480,PO-40059,CA01,PO01,PG1,NB,2025-01-11,100005,S005,Motion Industries,NX10,Allan,SL01,MAT-10012,MRO,Coupling set,11.17,4434.22,49530.24,CAD,1,6,2025-01-17,2025-01-17,GR5000237,On Time,0
TX-01588,PO-70187,CA01,PO01,PG2,NB,2023-05-13,100034,S034,ABB Canada,NX30,Cory,SL02,MAT-10036,Electrical,Control panel,17.99,3263.71,58714.14,CAD,1,12,2023-05-25,2023-05-25,GR5000238,On Time,0
TX-01043,PO-91412,CA01,PO01,PG5,UB,2025-06-29,100016,S016,Nutrien Logistics,NX30,Cory,SL05,MAT-10039,Logistics,Flatbed transport,10.86,2410.85,26181.83,CAD,0,2,2025-07-01,2025-07-01,GR5000239,On Time,0
TX-01853,PO-83065,CA01,PO01,PG5,UB,2023-06-26,100016,S016,Nutrien Logistics,NX20,Vanscoy,SL05,MAT-10038,Logistics,Rail freight,14.77,4470.36,66027.22,CAD,0,2,2023-06-28,2023-06-28,GR5000240,On Time,0
TX-01452,PO-20982,CA01,PO01,PG3,NB,2024-01-11,100027,S027,Western Agri-Chem,NX70,Aurora,SL03,MAT-10030,Agri-Chemicals,Micronutrient blend,14.75,4880.64,71989.44,CAD,1,8,2024-01-19,2024-01-19,GR5000241,On Time,0
TX-01440,PO-78740,CA01,PO01,PG4,NB,2025-12-16,100038,S038,Prairie Packaging,NX50,Redwater,SL04,MAT-10043,Packaging,Stretch film,40.1,1245.64,49950.16,CAD,1,5,2025-12-21,2025-12-21,GR5000242,On Time,0
TX-02088,PO-30535,CA01,PO01,PG3,NB,2025-03-10,100026,S026,Sask Chemical Corp,NX50,Redwater,SL03,MAT-10037,Agri-Chemicals,Potassium chloride,6.54,7864.78,51435.66,CAD,1,6,2025-03-16,2025-03-13,GR5000243,On Time,0
TX-00016,PO-13248,CA01,PO01,PG5,UB,2023-11-29,100017,S017,Canadian Freightways,NX50,Redwater,SL05,MAT-10040,Logistics,LTL shipment,19.55,6580.79,128654.44,CAD,1,3,2023-12-02,2023-12-02,GR5000244,On Time,0
TX-02241,PO-29677,CA01,PO01,PG4,NB,2023-01-18,100038,S038,Prairie Packaging,NX30,Cory,SL04,MAT-10013,Packaging,Pallet wrap,29.2,707.15,20648.78,CAD,1,5,2023-01-23,2023-01-23,GR5000245,On Time,0
TX-00482,PO-17419,CA01,PO01,PG4,NB,2023-08-07,100038,S038,Prairie Packaging,NX40,Patience Lake,SL04,MAT-10043,Packaging,Stretch film,2.2,359.03,789.87,CAD,1,5,2023-08-12,2023-08-12,GR5000246,On Time,0
TX-01740,PO-56106,CA01,PO01,PG2,NB,2023-02-27,100033,S033,Siemens Canada,NX40,Patience Lake,SL02,MAT-10041,Electrical,Cable tray,1.9,4683.6,8898.84,CAD,1,10,2023-03-09,2023-03-10,GR5000247,Late,1
TX-01361,PO-10084,CA01,PO01,PG3,NB,2024-09-18,100007,S007,Brenntag Canada,NX60,Rocanville,SL03,MAT-10021,Chemicals,Process chemical,1.1,4745.26,5219.79,CAD,1,8,2024-09-26,2024-09-28,GR5000248,Late,2
TX-00824,PO-48228,CA01,PO01,PG5,UB,2025-01-09,100016,S016,Nutrien Logistics,NX30,Cory,SL05,MAT-10029,Logistics,Expedited shipping,8.97,8110.97,72755.4,CAD,0,2,2025-01-11,2025-01-11,GR5000249,On Time,0
TX-01234,PO-65552,CA01,PO01,PG3,NB,2024-01-08,100009,S009,Chemtrade Logistics,NX10,Allan,SL03,MAT-10011,Chemicals,Scale inhibitor,15.58,4749.22,73992.85,CAD,1,5,2024-01-13,2024-01-19,GR5000250,Late,6
TX-01799,PO-52127,CA01,PO01,PG4,NB,2024-01-23,100025,S025,Direct Safety,NX10,Allan,SL04,MAT-10049,Safety,Safety glasses,35.3,311.58,10998.77,CAD,0,7,2024-01-30,2024-01-30,GR5000251,On Time,0
TX-01540,PO-31499,CA01,PO01,PG3,NB,2024-07-05,100026,S026,Sask Chemical Corp,NX60,Rocanville,SL03,MAT-10015,Chemicals,Sodium hydroxide 50%,19.13,5288.4,101167.09,CAD,1,6,2024-07-11,2024-07-11,GR5000252,On Time,0
TX-00496,PO-13238,CA01,PO01,PG2,NB,2023-08-21,100006,S006,HD Supply,NX50,Redwater,SL02,MAT-10050,Electrical,Junction box,8.33,8195.51,68268.6,CAD,1,10,2023-08-31,2023-08-31,GR5000253,On Time,0
TX-01865,PO-39724,CA01,PO01,PG1,NB,2023-01-09,100005,S005,Motion Industries,NX20,Vanscoy,SL01,MAT-10001,MRO,Valve repair parts,5.84,2499.5,14597.08,CAD,1,6,2023-01-15,2023-01-15,GR5000254,On Time,0
TX-02298,PO-42543,CA01,PO01,PG3,NB,2023-06-01,100007,S007,Brenntag Canada,NX30,Cory,SL03,MAT-10007,Chemicals,Corrosion inhibitor,5.07,10092.6,51169.48,CAD,1,8,2023-06-09,2023-06-09,GR5000255,On Time,0
TX-02101,PO-53855,CA01,PO01,PG5,UB,2023-02-24,100017,S017,Canadian Freightways,NX50,Redwater,SL05,MAT-10028,Logistics,Inbound freight,19.95,720.49,14373.78,CAD,1,3,2023-02-27,2023-02-27,GR5000256,On Time,0
TX-00934,PO-31771,CA01,PO01,PG4,NB,2025-08-07,100024,S024,Northern Safety,NX30,Cory,SL04,MAT-10048,Safety,Hard hat,8.3,180.31,1496.57,CAD,1,2,2025-08-09,2025-08-09,GR5000257,On Time,0
TX-00061,PO-80010,CA01,PO01,PG2,NB,2024-02-02,100031,S031,Precision Instruments,NX50,Redwater,SL02,MAT-10025,Instrumentation,Analyzer calibration,6.63,10990.35,72866.02,CAD,0,14,2024-02-16,2024-02-16,GR5000258,On Time,0
TX-01763,PO-80314,CA01,PO01,PG2,NB,2025-07-20,100033,S033,Siemens Canada,NX70,Aurora,SL02,MAT-10018,Instrumentation,Temperature probe,10.1,22616.55,228427.15,CAD,1,10,2025-07-30,2025-08-06,GR5000259,Late,7
TX-00559,PO-36577,CA01,PO01,PG4,NB,2024-02-13,100025,S025,Direct Safety,NX70,Aurora,SL04,MAT-10049,Safety,Safety glasses,12.5,123.02,1537.75,CAD,0,7,2024-02-20,2024-02-20,GR5000260,On Time,0
TX-00661,PO-17149,CA01,PO01,PG3,NB,2024-08-08,100030,S030,DuPont Canada,NX30,Cory,SL03,MAT-10030,Agri-Chemicals,Micronutrient blend,9.77,3610.71,35276.64,CAD,1,7,2024-08-15,2024-08-15,GR5000261,On Time,0
TX-01914,PO-26701,CA01,PO01,PG1,NB,2023-05-24,100001,S001,Prairie Industrial Supply,NX50,Redwater,SL01,MAT-10016,MRO,Filter element,6.27,2490.78,15617.19,CAD,1,7,2023-05-31,2023-05-31,GR5000262,On Time,0
TX-02068,PO-65328,CA01,PO01,PG5,UB,2023-07-03,100017,S017,Canadian Freightways,NX70,Aurora,SL05,MAT-10028,Logistics,Inbound freight,10.84,5186.3,56219.49,CAD,1,3,2023-07-06,2023-07-06,GR5000263,On Time,0
TX-01270,PO-72419,CA01,PO01,PG4,NB,2023-05-13,100025,S025,Direct Safety,NX30,Cory,SL04,MAT-10020,Safety,Safety harness,16.5,444.11,7327.82,CAD,0,7,2023-05-20,2023-05-20,GR5000264,On Time,0
TX-01197,PO-42370,CA01,PO01,PG1,NB,2024-07-05,100003,S003,Grainger Canada,NX20,Vanscoy,SL01,MAT-10012,MRO,Coupling set,7.91,4246.34,33588.55,CAD,1,3,2024-07-08,2024-07-08,GR5000265,On Time,0
TX-00682,PO-82088,CA01,PO01,PG4,NB,2024-06-05,100029,S029,3M Canada,NX30,Cory,SL04,MAT-10010,Safety,Hearing protection,39.7,136.95,5436.91,CAD,1,5,2024-06-10,2024-06-09,GR5000266,On Time,0
TX-00569,PO-75483,CA01,PO01,PG4,NB,2023-11-03,100024,S024,Northern Safety,NX50,Redwater,SL04,MAT-10051,Safety,Gloves — cut-resistant,24.2,23.7,573.54,CAD,1,2,2023-11-05,2023-11-05,GR5000267,On Time,0
TX-01109,PO-60172,CA01,PO01,PG4,NB,2025-05-24,100025,S025,Direct Safety,NX10,Allan,SL04,MAT-10020,Safety,Safety harness,13.4,154.76,2073.78,CAD,0,7,2025-05-31,2025-05-31,GR5000268,On Time,0
TX-01548,PO-39057,CA01,PO01,PG4,NB,2025-09-27,100038,S038,Prairie Packaging,NX30,Cory,SL04,MAT-10034,Packaging,Bulk bags,33.8,1942.83,65667.65,CAD,1,5,2025-10-02,2025-10-02,GR5000269,On Time,0
TX-02343,PO-44295,CA01,PO01,PG4,NB,2024-07-25,100039,S039,Sealed Air Canada,NX10,Allan,SL04,MAT-10047,Packaging,Corrugated box,13.5,1840.24,24843.24,CAD,1,8,2024-08-02,2024-08-02,GR5000270,On Time,0
TX-01496,PO-74904,CA01,PO01,PG3,NB,2025-06-15,100008,S008,Univar Solutions,NX10,Allan,SL03,MAT-10011,Chemicals,Scale inhibitor,17.53,2073.04,36340.39,CAD,1,9,2025-06-24,2025-06-24,GR5000271,On Time,0
TX-01626,PO-66033,CA01,PO01,PG4,NB,2024-06-08,100029,S029,3M Canada,NX70,Aurora,SL04,MAT-10008,Safety,FR coveralls,15.4,161.92,2493.57,CAD,1,5,2024-06-13,2024-06-15,GR5000272,Late,2
TX-01287,PO-91766,CA01,PO01,PG3,NB,2023-02-03,100007,S007,Brenntag Canada,NX70,Aurora,SL03,MAT-10011,Chemicals,Scale inhibitor,12.71,5406.33,68714.45,CAD,1,8,2023-02-11,2023-02-11,GR5000273,On Time,0
TX-00472,PO-63636,CA01,PO01,PG2,NB,2023-12-03,100033,S033,Siemens Canada,NX20,Vanscoy,SL02,MAT-10014,Electrical,Conduit kit,10.36,12363.21,128082.86,CAD,1,10,2023-12-13,2023-12-13,GR5000274,On Time,0
TX-00328,PO-26284,CA01,PO01,PG2,NB,2023-07-23,100033,S033,Siemens Canada,NX20,Vanscoy,SL02,MAT-10023,Electrical,Motor starter,12.9,12583.19,162323.15,CAD,1,10,2023-08-02,2023-08-02,GR5000275,On Time,0
TX-00651,PO-45887,CA01,PO01,PG2,NB,2024-09-13,100006,S006,HD Supply,NX60,Rocanville,SL02,MAT-10014,Electrical,Conduit kit,9.42,14019.77,132066.23,CAD,1,10,2024-09-23,2024-09-23,GR5000276,On Time,0
TX-01920,PO-67041,CA01,PO01,PG5,UB,2024-07-26,100017,S017,Canadian Freightways,NX10,Allan,SL05,MAT-10029,Logistics,Expedited shipping,3.04,2290.78,6963.97,CAD,1,3,2024-07-29,2024-07-29,GR5000277,On Time,0
TX-01298,PO-93160,CA01,PO01,PG5,UB,2023-06-11,100016,S016,Nutrien Logistics,NX40,Patience Lake,SL05,MAT-10040,Logistics,LTL shipment,11.86,780.29,9254.24,CAD,0,2,2023-06-13,2023-06-13,GR5000278,On Time,0
TX-02260,PO-57332,CA01,PO01,PG1,NB,2024-04-14,100004,S004,Fastenal Canada,NX70,Aurora,SL01,MAT-10016,MRO,Filter element,7.31,4361.05,31879.28,CAD,1,4,2024-04-18,2024-04-25,GR5000279,Late,7
TX-01269,PO-66769,CA01,PO01,PG3,NB,2023-08-10,100008,S008,Univar Solutions,NX70,Aurora,SL03,MAT-10021,Chemicals,Process chemical,18.43,11131.9,205160.92,CAD,1,9,2023-08-19,2023-08-18,GR5000280,On Time,0
TX-01002,PO-46848,CA01,PO01,PG3,NB,2024-01-31,100026,S026,Sask Chemical Corp,NX30,Cory,SL03,MAT-10015,Chemicals,Sodium hydroxide 50%,9.45,3281.03,31005.73,CAD,1,6,2024-02-06,2024-02-08,GR5000281,Late,2
TX-02182,PO-23398,CA01,PO01,PG4,NB,2024-12-04,100029,S029,3M Canada,NX10,Allan,SL04,MAT-10008,Safety,FR coveralls,27.0,317.04,8560.08,CAD,1,5,2024-12-09,2024-12-09,GR5000282,On Time,0
TX-02252,PO-91645,CA01,PO01,PG2,NB,2025-07-13,100006,S006,HD Supply,NX60,Rocanville,SL02,MAT-10050,Electrical,Junction box,8.0,13417.03,107336.24,CAD,1,10,2025-07-23,2025-07-23,GR5000283,On Time,0
TX-02148,PO-77278,CA01,PO01,PG5,UB,2023-12-01,100016,S016,Nutrien Logistics,NX20,Vanscoy,SL05,MAT-10022,Logistics,Outbound freight,1.01,1522.85,1538.08,CAD,0,2,2023-12-03,2023-12-03,GR5000284,On Time,0
TX-01222,PO-15733,CA01,PO01,PG5,UB,2023-07-24,100016,S016,Nutrien Logistics,NX40,Patience Lake,SL05,MAT-10038,Logistics,Rail freight,8.18,745.72,6099.99,CAD,0,2,2023-07-26,2023-07-26,GR5000285,On Time,0
TX-01174,PO-26343,CA01,PO01,PG5,UB,2025-11-20,100036,S036,Canpar Courier,NX60,Rocanville,SL05,MAT-10039,Logistics,Flatbed transport,14.02,5575.81,78172.86,CAD,1,1,2025-11-21,2025-11-26,GR5000286,Late,5
TX-01726,PO-52842,CA01,PO01,PG2,NB,2023-01-04,100033,S033,Siemens Canada,NX10,Allan,SL02,MAT-10023,Electrical,Motor starter,19.31,8030.99,155078.42,CAD,1,10,2023-01-14,2023-01-14,GR5000287,On Time,0
TX-01303,PO-59185,CA01,PO01,PG1,NB,2025-09-23,100004,S004,Fastenal Canada,NX20,Vanscoy,SL01,MAT-10012,MRO,Coupling set,19.23,389.59,7491.82,CAD,1,4,2025-09-27,2025-09-29,GR5000288,Late,2
TX-02082,PO-61337,CA01,PO01,PG5,UB,2023-05-05,100017,S017,Canadian Freightways,NX20,Vanscoy,SL05,MAT-10028,Logistics,Inbound freight,6.09,852.4,5191.12,CAD,1,3,2023-05-08,2023-05-15,GR5000289,Late,7
TX-02165,PO-26629,CA01,PO01,PG2,NB,2024-08-14,100032,S032,Endress+Hauser,NX60,Rocanville,SL02,MAT-10002,Instrumentation,Flow meter,15.88,21899.82,347769.14,CAD,1,21,2024-09-04,2024-09-04,GR5000290,On Time,0
TX-01908,PO-33996,CA01,PO01,PG5,UB,2024-08-19,100016,S016,Nutrien Logistics,NX70,Aurora,SL05,MAT-10029,Logistics,Expedited shipping,13.13,2319.41,30453.85,CAD,0,2,2024-08-21,2024-08-22,GR5000291,Late,1
TX-00287,PO-18292,CA01,PO01,PG5,UB,2023-10-12,100036,S036,Canpar Courier,NX10,Allan,SL05,MAT-10022,Logistics,Outbound freight,6.11,2513.05,15354.74,CAD,1,1,2023-10-13,2023-10-13,GR5000292,On Time,0
TX-02389,PO-78406,CA01,PO01,PG2,NB,2024-08-23,100033,S033,Siemens Canada,NX70,Aurora,SL02,MAT-10052,Instrumentation,Control valve,5.31,16677.7,88558.59,CAD,1,10,2024-09-02,2024-09-09,GR5000293,Late,7
TX-00354,PO-20208,CA01,PO01,PG4,NB,2024-05-23,100038,S038,Prairie Packaging,NX30,Cory,SL04,MAT-10047,Packaging,Corrugated box,21.4,1462.95,31307.13,CAD,1,5,2024-05-28,2024-06-04,GR5000294,Late,7
TX-01441,PO-57443,CA01,PO01,PG3,NB,2024-02-04,100028,S028,BioAgra Solutions,NX30,Cory,SL03,MAT-10032,Agri-Chemicals,Anhydrous ammonia,16.88,2882.36,48654.24,CAD,0,10,2024-02-14,2024-02-14,GR5000295,On Time,0
TX-00615,PO-35312,CA01,PO01,PG4,NB,2023-07-27,100029,S029,3M Canada,NX20,Vanscoy,SL04,MAT-10049,Safety,Safety glasses,36.5,222.03,8104.1,CAD,1,5,2023-08-01,2023-08-01,GR5000296,On Time,0
TX-02354,PO-33033,CA01,PO01,PG5,UB,2023-04-02,100017,S017,Canadian Freightways,NX20,Vanscoy,SL05,MAT-10022,Logistics,Outbound freight,16.51,611.77,10100.32,CAD,1,3,2023-04-05,2023-04-05,GR5000297,On Time,0
TX-01143,PO-98908,CA01,PO01,PG4,NB,2023-01-19,100029,S029,3M Canada,NX10,Allan,SL04,MAT-10048,Safety,Hard hat,18.7,345.33,6457.67,CAD,1,5,2023-01-24,2023-01-24,GR5000298,On Time,0
TX-01288,PO-37770,CA01,PO01,PG3,NB,2025-10-27,100028,S028,BioAgra Solutions,NX60,Rocanville,SL03,MAT-10011,Chemicals,Scale inhibitor,12.04,1282.41,15440.22,CAD,0,10,2025-11-06,2025-11-06,GR5000299,On Time,0
TX-00315,PO-74921,CA01,PO01,PG2,NB,2024-04-05,100031,S031,Precision Instruments,NX30,Cory,SL02,MAT-10025,Instrumentation,Analyzer calibration,11.21,6063.7,67974.08,CAD,0,14,2024-04-19,2024-04-19,GR5000300,On Time,0
TX-01194,PO-29163,CA01,PO01,PG5,UB,2023-09-28,100017,S017,Canadian Freightways,NX20,Vanscoy,SL05,MAT-10022,Logistics,Outbound freight,8.62,2553.96,22015.14,CAD,1,3,2023-10-01,2023-10-01,GR5000301,On Time,0
TX-01471,PO-22652,CA01,PO01,PG2,NB,2025-03-14,100034,S034,ABB Canada,NX60,Rocanville,SL02,MAT-10009,Instrumentation,Level sensor,12.36,14270.21,176379.8,CAD,1,12,2025-03-26,2025-03-26,GR5000302,On Time,0
TX-00294,PO-19064,CA01,PO01,PG5,UB,2025-08-03,100037,S037,Purolator,NX20,Vanscoy,SL05,MAT-10029,Logistics,Expedited shipping,18.92,2072.36,39209.05,CAD,1,1,2025-08-04,2025-08-04,GR5000303,On Time,0
TX-02118,PO-90544,CA01,PO01,PG4,NB,2025-12-18,100025,S025,Direct Safety,NX50,Redwater,SL04,MAT-10008,Safety,FR coveralls,7.7,41.15,316.86,CAD,0,7,2025-12-25,2025-12-28,GR5000304,Late,3
TX-01296,PO-30847,CA01,PO01,PG3,NB,2025-03-13,100028,S028,BioAgra Solutions,NX40,Patience Lake,SL03,MAT-10007,Chemicals,Corrosion inhibitor,17.02,8594.61,146280.26,CAD,0,10,2025-03-23,2025-03-23,GR5000305,On Time,0
TX-00950,PO-30582,CA01,PO01,PG1,NB,2023-12-09,100005,S005,Motion Industries,NX20,Vanscoy,SL01,MAT-10026,MRO,Hose assembly,12.97,3925.37,50912.05,CAD,1,6,2023-12-15,2023-12-15,GR5000306,On Time,0
TX-01715,PO-95233,CA01,PO01,PG3,NB,2023-05-13,100040,S040,Generic Supplies Inc,NX60,Rocanville,SL03,MAT-10030,Agri-Chemicals,Micronutrient blend,19.11,1905.09,36406.27,CAD,0,15,2023-05-28,2023-05-28,GR5000307,On Time,0
TX-02090,PO-13049,CA01,PO01,PG2,NB,2024-01-18,100035,S035,Rockwell Automation,NX40,Patience Lake,SL02,MAT-10014,Electrical,Conduit kit,6.58,14396.43,94728.51,CAD,1,14,2024-02-01,2024-02-01,GR5000308,On Time,0
TX-00211,PO-52987,CA01,PO01,PG2,NB,2025-07-24,100006,S006,HD Supply,NX40,Patience Lake,SL02,MAT-10041,Electrical,Cable tray,3.83,13418.35,51392.28,CAD,1,10,2025-08-03,2025-08-03,GR5000309,On Time,0
TX-01249,PO-17165,CA01,PO01,PG3,NB,2025-09-04,100028,S028,BioAgra Solutions,NX60,Rocanville,SL03,MAT-10031,Chemicals,Hydrochloric acid,6.95,9090.95,63182.1,CAD,0,10,2025-09-14,2025-09-14,GR5000310,On Time,0
TX-01812,PO-28543,CA01,PO01,PG1,NB,2023-05-18,100003,S003,Grainger Canada,NX20,Vanscoy,SL01,MAT-10016,MRO,Filter element,19.11,3191.81,60995.49,CAD,1,3,2023-05-21,2023-05-28,GR5000311,Late,7
TX-02122,PO-85927,CA01,PO01,PG2,NB,2025-12-05,100034,S034,ABB Canada,NX20,Vanscoy,SL02,MAT-10009,Instrumentation,Level sensor,6.62,14078.72,93201.13,CAD,1,12,2025-12-17,2025-12-17,GR5000312,On Time,0
TX-01552,PO-62194,CA01,PO01,PG4,NB,2024-06-18,100039,S039,Sealed Air Canada,NX20,Vanscoy,SL04,MAT-10013,Packaging,Pallet wrap,48.0,889.73,42707.04,CAD,1,8,2024-06-26,2024-06-26,GR5000313,On Time,0
TX-02108,PO-14781,CA01,PO01,PG5,UB,2025-07-13,100016,S016,Nutrien Logistics,NX10,Allan,SL05,MAT-10029,Logistics,Expedited shipping,6.23,3291.62,20506.79,CAD,0,2,2025-07-15,2025-07-15,GR5000314,On Time,0
TX-01220,PO-19103,CA01,PO01,PG2,NB,2023-11-30,100031,S031,Precision Instruments,NX30,Cory,SL02,MAT-10002,Instrumentation,Flow meter,17.82,23364.66,416358.24,CAD,0,14,2023-12-14,2023-12-11,GR5000315,On Time,0
TX-00826,PO-22561,CA01,PO01,PG2,NB,2024-09-08,100035,S035,Rockwell Automation,NX50,Redwater,SL02,MAT-10050,Electrical,Junction box,6.16,10529.92,64864.31,CAD,1,14,2024-09-22,2024-09-22,GR5000316,On Time,0
TX-01569,PO-27008,CA01,PO01,PG2,NB,2025-04-13,100033,S033,Siemens Canada,NX20,Vanscoy,SL02,MAT-10025,Instrumentation,Analyzer calibration,4.94,19878.19,98198.26,CAD,1,10,2025-04-23,2025-04-23,GR5000317,On Time,0
TX-00153,PO-61374,CA01,PO01,PG5,UB,2023-10-17,100018,S018,TransWest Shipping,NX20,Vanscoy,SL05,MAT-10038,Logistics,Rail freight,18.42,3182.69,58625.15,CAD,0,4,2023-10-21,2023-10-24,GR5000318,Late,3
TX-01559,PO-65797,CA01,PO01,PG3,NB,2023-04-13,100030,S030,DuPont Canada,NX30,Cory,SL03,MAT-10017,Agri-Chemicals,Phosphate blend,17.89,5616.55,100480.08,CAD,1,7,2023-04-20,2023-04-20,GR5000319,On Time,0
TX-01108,PO-77965,CA01,PO01,PG3,NB,2025-02-26,100007,S007,Brenntag Canada,NX70,Aurora,SL03,MAT-10015,Chemicals,Sodium hydroxide 50%,8.56,7365.0,63044.4,CAD,1,8,2025-03-06,2025-03-04,GR5000320,On Time,0
TX-01053,PO-50051,CA01,PO01,PG3,NB,2023-03-03,100030,S030,DuPont Canada,NX50,Redwater,SL03,MAT-10032,Agri-Chemicals,Anhydrous ammonia,8.12,4789.06,38887.17,CAD,1,7,2023-03-10,2023-03-10,GR5000321,On Time,0
TX-00997,PO-70266,CA01,PO01,PG2,NB,2024-05-18,100034,S034,ABB Canada,NX30,Cory,SL02,MAT-10002,Instrumentation,Flow meter,13.58,9058.5,123014.43,CAD,1,12,2024-05-30,2024-05-30,GR5000322,On Time,0
TX-02228,PO-40970,CA01,PO01,PG4,NB,2023-03-24,100038,S038,Prairie Packaging,NX50,Redwater,SL04,MAT-10047,Packaging,Corrugated box,10.9,614.01,6692.71,CAD,1,5,2023-03-29,2023-03-29,GR5000323,On Time,0
TX-01604,PO-29672,CA01,PO01,PG3,NB,2023-05-13,100030,S030,DuPont Canada,NX20,Vanscoy,SL03,MAT-10032,Agri-Chemicals,Anhydrous ammonia,7.5,2750.74,20630.55,CAD,1,7,2023-05-20,2023-05-20,GR5000324,On Time,0
TX-02329,PO-42929,CA01,PO01,PG4,NB,2023-08-16,100038,S038,Prairie Packaging,NX10,Allan,SL04,MAT-10045,Packaging,Label stock,46.1,182.66,8420.63,CAD,1,5,2023-08-21,2023-08-21,GR5000325,On Time,0
TX-01280,PO-26478,CA01,PO01,PG3,NB,2024-06-22,100028,S028,BioAgra Solutions,NX60,Rocanville,SL03,MAT-10021,Chemicals,Process chemical,10.89,935.0,10182.15,CAD,0,10,2024-07-02,2024-07-01,GR5000326,On Time,0
TX-00176,PO-16265,CA01,PO01,PG4,NB,2023-03-16,100039,S039,Sealed Air Canada,NX30,Cory,SL04,MAT-10047,Packaging,Corrugated box,37.9,446.92,16938.27,CAD,1,8,2023-03-24,2023-03-24,GR5000327,On Time,0
TX-00485,PO-47701,CA01,PO01,PG4,NB,2025-03-07,100029,S029,3M Canada,NX70,Aurora,SL04,MAT-10004,Safety,First aid kit,12.6,318.04,4007.3,CAD,1,5,2025-03-12,2025-03-12,GR5000328,On Time,0
TX-00495,PO-15226,CA01,PO01,PG1,NB,2024-12-09,100001,S001,Prairie Industrial Supply,NX70,Aurora,SL01,MAT-10035,MRO,Conveyor belt,9.47,4075.01,38590.34,CAD,1,7,2024-12-16,2024-12-16,GR5000329,On Time,0
TX-01725,PO-17752,CA01,PO01,PG3,NB,2023-02-11,100027,S027,Western Agri-Chem,NX30,Cory,SL03,MAT-10007,Chemicals,Corrosion inhibitor,17.71,1482.09,26247.81,CAD,1,8,2023-02-19,2023-02-19,GR5000330,On Time,0
TX-01250,PO-53970,CA01,PO01,PG2,NB,2024-07-06,100006,S006,HD Supply,NX10,Allan,SL02,MAT-10019,Electrical,LED fixture,3.06,1351.57,4135.8,CAD,1,10,2024-07-16,2024-07-16,GR5000331,On Time,0
TX-01465,PO-34955,CA01,PO01,PG2,NB,2023-07-25,100033,S033,Siemens Canada,NX60,Rocanville,SL02,MAT-10050,Electrical,Junction box,18.71,11954.12,223661.59,CAD,1,10,2023-08-04,2023-08-09,GR5000332,Late,5
TX-00858,PO-55238,CA01,PO01,PG5,UB,2023-02-25,100018,S018,TransWest Shipping,NX30,Cory,SL05,MAT-10040,Logistics,LTL shipment,15.54,5741.97,89230.21,CAD,0,4,2023-03-01,2023-03-01,GR5000333,On Time,0
TX-01583,PO-95603,CA01,PO01,PG2,NB,2023-12-19,100006,S006,HD Supply,NX70,Aurora,SL02,MAT-10019,Electrical,LED fixture,13.98,1655.18,23139.42,CAD,1,10,2023-12-29,2024-01-04,GR5000334,Late,6
TX-01272,PO-57381,CA01,PO01,PG4,NB,2023-03-06,100025,S025,Direct Safety,NX40,Patience Lake,SL04,MAT-10004,Safety,First aid kit,49.4,340.71,16831.07,CAD,0,7,2023-03-13,2023-03-13,GR5000335,On Time,0
TX-00525,PO-73813,CA01,PO01,PG2,NB,2025-11-23,100034,S034,ABB Canada,NX10,Allan,SL02,MAT-10009,Instrumentation,Level sensor,8.71,20705.06,180341.07,CAD,1,12,2025-12-05,2025-12-05,GR5000336,On Time,0
TX-00071,PO-67560,CA01,PO01,PG3,NB,2024-09-21,100007,S007,Brenntag Canada,NX10,Allan,SL03,MAT-10027,Chemicals,Defoamer,12.31,10031.49,123487.64,CAD,1,8,2024-09-29,2024-09-29,GR5000337,On Time,0
TX-01132,PO-85617,CA01,PO01,PG4,NB,2025-01-23,100029,S029,3M Canada,NX20,Vanscoy,SL04,MAT-10051,Safety,Gloves — cut-resistant,7.2,139.08,1001.38,CAD,1,5,2025-01-28,2025-01-28,GR5000338,On Time,0
TX-02366,PO-84003,CA01,PO01,PG4,NB,2024-02-19,100025,S025,Direct Safety,NX60,Rocanville,SL04,MAT-10010,Safety,Hearing protection,15.4,82.14,1264.96,CAD,0,7,2024-02-26,2024-02-26,GR5000339,On Time,0
TX-00507,PO-37532,CA01,PO01,PG1,NB,2025-03-18,100001,S001,Prairie Industrial Supply,NX40,Patience Lake,SL01,MAT-10016,MRO,Filter element,11.21,4264.06,47800.11,CAD,1,7,2025-03-25,2025-03-25,GR5000340,On Time,0
TX-00493,PO-96944,CA01,PO01,PG5,UB,2025-04-06,100036,S036,Canpar Courier,NX40,Patience Lake,SL05,MAT-10022,Logistics,Outbound freight,2.75,2158.99,5937.22,CAD,1,1,2025-04-07,2025-04-07,GR5000341,On Time,0
TX-00757,PO-17347,CA01,PO01,PG2,NB,2025-07-09,100034,S034,ABB Canada,NX40,Patience Lake,SL02,MAT-10009,Instrumentation,Level sensor,19.36,1885.83,36509.67,CAD,1,12,2025-07-21,2025-07-21,GR5000342,On Time,0
TX-02250,PO-92802,CA01,PO01,PG3,NB,2024-06-18,100009,S009,Chemtrade Logistics,NX30,Cory,SL03,MAT-10003,Chemicals,Sulfuric acid,19.11,2576.3,49233.09,CAD,1,5,2024-06-23,2024-06-23,GR5000343,On Time,0
TX-00362,PO-19808,CA01,PO01,PG3,NB,2023-07-15,100026,S026,Sask Chemical Corp,NX40,Patience Lake,SL03,MAT-10037,Agri-Chemicals,Potassium chloride,10.6,5242.84,55574.1,CAD,1,6,2023-07-21,2023-07-21,GR5000344,On Time,0
TX-02031,PO-94929,CA01,PO01,PG3,NB,2025-04-26,100028,S028,BioAgra Solutions,NX20,Vanscoy,SL03,MAT-10003,Chemicals,Sulfuric acid,3.03,3391.25,10275.49,CAD,0,10,2025-05-06,2025-05-06,GR5000345,On Time,0
TX-00189,PO-13445,CA01,PO01,PG5,UB,2024-04-04,100018,S018,TransWest Shipping,NX40,Patience Lake,SL05,MAT-10040,Logistics,LTL shipment,3.31,2187.45,7240.46,CAD,0,4,2024-04-08,2024-04-08,GR5000346,On Time,0
TX-02313,PO-85925,CA01,PO01,PG4,NB,2024-05-24,100025,S025,Direct Safety,NX30,Cory,SL04,MAT-10010,Safety,Hearing protection,21.1,315.27,6652.2,CAD,0,7,2024-05-31,2024-05-31,GR5000347,On Time,0
TX-00756,PO-80851,CA01,PO01,PG5,UB,2023-02-21,100016,S016,Nutrien Logistics,NX10,Allan,SL05,MAT-10028,Logistics,Inbound freight,14.68,5512.28,80920.27,CAD,0,2,2023-02-23,2023-02-23,GR5000348,On Time,0
TX-02299,PO-72273,CA01,PO01,PG2,NB,2024-02-23,100034,S034,ABB Canada,NX50,Redwater,SL02,MAT-10041,Electrical,Cable tray,14.58,1797.81,26212.07,CAD,1,12,2024-03-06,2024-03-06,GR5000349,On Time,0
TX-00611,PO-96235,CA01,PO01,PG1,NB,2025-09-21,100002,S002,Wesco Distribution,NX20,Vanscoy,SL01,MAT-10012,MRO,Coupling set,4.64,191.59,888.98,CAD,1,5,2025-09-26,2025-10-02,GR5000350,Late,6
TX-01544,PO-99746,CA01,PO01,PG2,NB,2024-04-28,100031,S031,Precision Instruments,NX10,Allan,SL02,MAT-10002,Instrumentation,Flow meter,17.3,13295.66,230014.92,CAD,0,14,2024-05-12,2024-05-12,GR5000351,On Time,0
TX-00092,PO-40771,CA01,PO01,PG2,NB,2025-09-26,100006,S006,HD Supply,NX30,Cory,SL02,MAT-10023,Electrical,Motor starter,17.58,731.31,12856.43,CAD,1,10,2025-10-06,2025-10-06,GR5000352,On Time,0
TX-00255,PO-80507,CA01,PO01,PG4,NB,2025-05-02,100039,S039,Sealed Air Canada,NX70,Aurora,SL04,MAT-10013,Packaging,Pallet wrap,21.0,655.79,13771.59,CAD,1,8,2025-05-10,2025-05-10,GR5000353,On Time,0
TX-02217,PO-57669,CA01,PO01,PG2,NB,2023-10-22,100032,S032,Endress+Hauser,NX40,Patience Lake,SL02,MAT-10025,Instrumentation,Analyzer calibration,5.49,5414.25,29724.23,CAD,1,21,2023-11-12,2023-11-12,GR5000354,On Time,0
TX-01251,PO-50516,CA01,PO01,PG1,NB,2023-11-30,100002,S002,Wesco Distribution,NX30,Cory,SL01,MAT-10005,MRO,Bearing assembly,11.29,340.67,3846.16,CAD,1,5,2023-12-05,2023-12-05,GR5000355,On Time,0
TX-00776,PO-86689,CA01,PO01,PG4,NB,2024-02-14,100029,S029,3M Canada,NX60,Rocanville,SL04,MAT-10051,Safety,Gloves — cut-resistant,19.4,103.85,2014.69,CAD,1,5,2024-02-19,2024-02-19,GR5000356,On Time,0
TX-01804,PO-72973,CA01,PO01,PG2,NB,2024-06-21,100033,S033,Siemens Canada,NX40,Patience Lake,SL02,MAT-10050,Electrical,Junction box,14.82,4922.15,72946.26,CAD,1,10,2024-07-01,2024-07-01,GR5000357,On Time,0
TX-00920,PO-72447,CA01,PO01,PG5,UB,2023-07-16,100018,S018,TransWest Shipping,NX70,Aurora,SL05,MAT-10040,Logistics,LTL shipment,16.81,4841.41,81384.1,CAD,0,4,2023-07-20,2023-07-20,GR5000358,On Time,0
TX-01396,PO-94178,CA01,PO01,PG5,UB,2025-04-15,100016,S016,Nutrien Logistics,NX30,Cory,SL05,MAT-10038,Logistics,Rail freight,11.8,7708.93,90965.37,CAD,0,2,2025-04-17,2025-04-17,GR5000359,On Time,0
TX-00873,PO-30887,CA01,PO01,PG3,NB,2025-06-12,100030,S030,DuPont Canada,NX40,Patience Lake,SL03,MAT-10032,Agri-Chemicals,Anhydrous ammonia,9.02,7282.98,65692.48,CAD,1,7,2025-06-19,2025-06-19,GR5000360,On Time,0
TX-00912,PO-42264,CA01,PO01,PG4,NB,2025-12-13,100029,S029,3M Canada,NX20,Vanscoy,SL04,MAT-10048,Safety,Hard hat,38.6,88.62,3420.73,CAD,1,5,2025-12-18,2025-12-18,GR5000361,On Time,0
TX-01078,PO-54186,CA01,PO01,PG2,NB,2023-07-07,100034,S034,ABB Canada,NX10,Allan,SL02,MAT-10023,Electrical,Motor starter,1.3,613.57,797.64,CAD,1,12,2023-07-19,2023-07-19,GR5000362,On Time,0
TX-01212,PO-37521,CA01,PO01,PG1,NB,2024-07-22,100040,S040,Generic Supplies Inc,NX10,Allan,SL01,MAT-10035,MRO,Conveyor belt,18.62,1423.08,26497.75,CAD,0,15,2024-08-06,2024-08-06,GR5000363,On Time,0
TX-00574,PO-59947,CA01,PO01,PG5,UB,2024-10-27,100018,S018,TransWest Shipping,NX30,Cory,SL05,MAT-10028,Logistics,Inbound freight,13.79,4702.98,64854.09,CAD,0,4,2024-10-31,2024-10-31,GR5000364,On Time,0
TX-02024,PO-34582,CA01,PO01,PG4,NB,2025-12-07,100025,S025,Direct Safety,NX20,Vanscoy,SL04,MAT-10004,Safety,First aid kit,43.9,270.49,11874.51,CAD,0,7,2025-12-14,2025-12-11,GR5000365,On Time,0
TX-01757,PO-28790,CA01,PO01,PG1,NB,2024-05-18,100004,S004,Fastenal Canada,NX20,Vanscoy,SL01,MAT-10001,MRO,Valve repair parts,12.43,1330.74,16541.1,CAD,1,4,2024-05-22,2024-05-22,GR5000366,On Time,0
TX-00982,PO-62664,CA01,PO01,PG4,NB,2025-06-28,100024,S024,Northern Safety,NX50,Redwater,SL04,MAT-10008,Safety,FR coveralls,5.1,222.75,1136.02,CAD,1,2,2025-06-30,2025-06-30,GR5000367,On Time,0
TX-01299,PO-59559,CA01,PO01,PG2,NB,2024-03-30,100034,S034,ABB Canada,NX10,Allan,SL02,MAT-10041,Electrical,Cable tray,6.64,8124.17,53944.49,CAD,1,12,2024-04-11,2024-04-11,GR5000368,On Time,0
TX-01011,PO-42765,CA01,PO01,PG4,NB,2023-02-21,100025,S025,Direct Safety,NX20,Vanscoy,SL04,MAT-10048,Safety,Hard hat,49.5,119.3,5905.35,CAD,0,7,2023-02-28,2023-02-28,GR5000369,On Time,0
TX-02085,PO-62439,CA01,PO01,PG3,NB,2024-05-11,100026,S026,Sask Chemical Corp,NX30,Cory,SL03,MAT-10003,Chemicals,Sulfuric acid,3.94,1533.94,6043.72,CAD,1,6,2024-05-17,2024-05-17,GR5000370,On Time,0
TX-01837,PO-13081,CA01,PO01,PG2,NB,2025-03-21,100035,S035,Rockwell Automation,NX60,Rocanville,SL02,MAT-10036,Electrical,Control panel,1.37,11529.94,15796.02,CAD,1,14,2025-04-04,2025-04-04,GR5000371,On Time,0
TX-00228,PO-32946,CA01,PO01,PG1,NB,2024-04-20,100001,S001,Prairie Industrial Supply,NX70,Aurora,SL01,MAT-10005,MRO,Bearing assembly,11.17,3267.87,36502.11,CAD,1,7,2024-04-27,2024-04-27,GR5000372,On Time,0
TX-00311,PO-93296,CA01,PO01,PG4,NB,2023-10-10,100039,S039,Sealed Air Canada,NX40,Patience Lake,SL04,MAT-10024,Packaging,Poly liner,29.2,892.23,26053.12,CAD,1,8,2023-10-18,2023-10-18,GR5000373,On Time,0
TX-00240,PO-78202,CA01,PO01,PG1,NB,2024-02-19,100005,S005,Motion Industries,NX40,Patience Lake,SL01,MAT-10026,MRO,Hose assembly,11.88,716.84,8516.06,CAD,1,6,2024-02-25,2024-02-25,GR5000374,On Time,0
TX-00562,PO-26809,CA01,PO01,PG3,NB,2025-11-12,100027,S027,Western Agri-Chem,NX50,Redwater,SL03,MAT-10030,Agri-Chemicals,Micronutrient blend,6.33,2087.91,13216.47,CAD,1,8,2025-11-20,2025-11-20,GR5000375,On Time,0
TX-00579,PO-81884,CA01,PO01,PG2,NB,2023-12-08,100031,S031,Precision Instruments,NX10,Allan,SL02,MAT-10018,Instrumentation,Temperature probe,8.54,4290.76,36643.09,CAD,0,14,2023-12-22,2023-12-22,GR5000376,On Time,0
TX-00663,PO-36467,CA01,PO01,PG5,UB,2024-10-24,100036,S036,Canpar Courier,NX60,Rocanville,SL05,MAT-10039,Logistics,Flatbed transport,9.57,1841.59,17624.02,CAD,1,1,2024-10-25,2024-10-25,GR5000377,On Time,0
TX-01353,PO-29385,CA01,PO01,PG2,NB,2024-07-06,100006,S006,HD Supply,NX20,Vanscoy,SL02,MAT-10023,Electrical,Motor starter,14.03,10977.59,154015.59,CAD,1,10,2024-07-16,2024-07-16,GR5000378,On Time,0
TX-00598,PO-82034,CA01,PO01,PG4,NB,2024-10-01,100025,S025,Direct Safety,NX60,Rocanville,SL04,MAT-10020,Safety,Safety harness,46.9,90.78,4257.58,CAD,0,7,2024-10-08,2024-10-08,GR5000379,On Time,0
TX-00516,PO-19882,CA01,PO01,PG5,UB,2024-06-23,100037,S037,Purolator,NX10,Allan,SL05,MAT-10038,Logistics,Rail freight,14.94,5199.64,77682.62,CAD,1,1,2024-06-24,2024-06-24,GR5000380,On Time,0
TX-00821,PO-57416,CA01,PO01,PG4,NB,2024-07-21,100024,S024,Northern Safety,NX20,Vanscoy,SL04,MAT-10010,Safety,Hearing protection,25.2,388.84,9798.77,CAD,1,2,2024-07-23,2024-07-23,GR5000381,On Time,0
TX-00268,PO-17923,CA01,PO01,PG5,UB,2023-11-06,100017,S017,Canadian Freightways,NX20,Vanscoy,SL05,MAT-10029,Logistics,Expedited shipping,1.17,4293.0,5022.81,CAD,1,3,2023-11-09,2023-11-09,GR5000382,On Time,0
TX-02016,PO-24860,CA01,PO01,PG5,UB,2023-10-09,100016,S016,Nutrien Logistics,NX50,Redwater,SL05,MAT-10029,Logistics,Expedited shipping,18.7,5722.89,107018.04,CAD,0,2,2023-10-11,2023-10-11,GR5000383,On Time,0
TX-00590,PO-33908,CA01,PO01,PG2,NB,2025-12-25,100033,S033,Siemens Canada,NX70,Aurora,SL02,MAT-10046,Instrumentation,Pressure transmitter,16.37,11203.24,183397.04,CAD,1,10,2026-01-04,2026-01-04,GR5000384,On Time,0
TX-02138,PO-46601,CA01,PO01,PG2,NB,2023-05-16,100033,S033,Siemens Canada,NX20,Vanscoy,SL02,MAT-10014,Electrical,Conduit kit,8.13,1028.6,8362.52,CAD,1,10,2023-05-26,2023-05-26,GR5000385,On Time,0
TX-00631,PO-27088,CA01,PO01,PG3,NB,2023-04-11,100040,S040,Generic Supplies Inc,NX70,Aurora,SL03,MAT-10037,Agri-Chemicals,Potassium chloride,11.41,2653.9,30281.0,CAD,0,15,2023-04-26,2023-04-26,GR5000386,On Time,0
TX-01523,PO-18513,CA01,PO01,PG2,NB,2025-04-05,100033,S033,Siemens Canada,NX70,Aurora,SL02,MAT-10023,Electrical,Motor starter,8.91,10082.29,89833.2,CAD,1,10,2025-04-15,2025-04-15,GR5000387,On Time,0
TX-00706,PO-52712,CA01,PO01,PG2,NB,2023-07-30,100034,S034,ABB Canada,NX40,Patience Lake,SL02,MAT-10023,Electrical,Motor starter,8.71,10771.24,93817.5,CAD,1,12,2023-08-11,2023-08-11,GR5000388,On Time,0
TX-00371,PO-53456,CA01,PO01,PG2,NB,2023-05-13,100031,S031,Precision Instruments,NX20,Vanscoy,SL02,MAT-10046,Instrumentation,Pressure transmitter,4.76,18960.12,90250.17,CAD,0,14,2023-05-27,2023-05-27,GR5000389,On Time,0
TX-00979,PO-50481,CA01,PO01,PG2,NB,2023-12-06,100031,S031,Precision Instruments,NX50,Redwater,SL02,MAT-10025,Instrumentation,Analyzer calibration,14.44,16969.96,245046.22,CAD,0,14,2023-12-20,2023-12-20,GR5000390,On Time,0
TX-00654,PO-74414,CA01,PO01,PG5,UB,2025-08-18,100037,S037,Purolator,NX50,Redwater,SL05,MAT-10040,Logistics,LTL shipment,14.53,3304.7,48017.29,CAD,1,1,2025-08-19,2025-08-19,GR5000391,On Time,0
TX-00217,PO-18163,CA01,PO01,PG4,NB,2025-10-24,100038,S038,Prairie Packaging,NX60,Rocanville,SL04,MAT-10043,Packaging,Stretch film,39.0,1847.4,72048.6,CAD,1,5,2025-10-29,2025-10-29,GR5000392,On Time,0
TX-02178,PO-99591,CA01,PO01,PG4,NB,2024-08-25,100024,S024,Northern Safety,NX30,Cory,SL04,MAT-10049,Safety,Safety glasses,10.1,113.72,1148.57,CAD,1,2,2024-08-27,2024-08-27,GR5000393,On Time,0
TX-00334,PO-27973,CA01,PO01,PG4,NB,2023-07-29,100038,S038,Prairie Packaging,NX70,Aurora,SL04,MAT-10047,Packaging,Corrugated box,6.1,785.72,4792.89,CAD,1,5,2023-08-03,2023-07-31,GR5000394,On Time,0
TX-01085,PO-27423,CA01,PO01,PG5,UB,2024-10-26,100018,S018,TransWest Shipping,NX20,Vanscoy,SL05,MAT-10038,Logistics,Rail freight,19.65,6451.7,126775.9,CAD,0,4,2024-10-30,2024-10-30,GR5000395,On Time,0
TX-01059,PO-11447,CA01,PO01,PG4,NB,2025-12-09,100024,S024,Northern Safety,NX30,Cory,SL04,MAT-10010,Safety,Hearing protection,4.4,41.83,184.05,CAD,1,2,2025-12-11,2025-12-11,GR5000396,On Time,0
TX-01652,PO-12116,CA01,PO01,PG3,NB,2025-09-05,100027,S027,Western Agri-Chem,NX30,Cory,SL03,MAT-10011,Chemicals,Scale inhibitor,5.85,2054.31,12017.71,CAD,1,8,2025-09-13,2025-09-14,GR5000397,Late,1
TX-01761,PO-84906,CA01,PO01,PG1,NB,2023-06-01,100005,S005,Motion Industries,NX40,Patience Lake,SL01,MAT-10006,MRO,Gear oil,1.38,3716.79,5129.17,CAD,1,6,2023-06-07,2023-06-07,GR5000398,On Time,0
TX-01645,PO-15171,CA01,PO01,PG4,NB,2024-09-23,100024,S024,Northern Safety,NX10,Allan,SL04,MAT-10010,Safety,Hearing protection,9.9,29.97,296.7,CAD,1,2,2024-09-25,2024-09-25,GR5000399,On Time,0
TX-00736,PO-47852,CA01,PO01,PG4,NB,2024-06-21,100039,S039,Sealed Air Canada,NX60,Rocanville,SL04,MAT-10034,Packaging,Bulk bags,8.1,1750.93,14182.53,CAD,1,8,2024-06-29,2024-06-29,GR5000400,On Time,0
TX-00359,PO-53911,CA01,PO01,PG5,UB,2023-02-18,100016,S016,Nutrien Logistics,NX60,Rocanville,SL05,MAT-10028,Logistics,Inbound freight,5.43,3528.11,19157.64,CAD,0,2,2023-02-20,2023-02-17,GR5000401,On Time,0
TX-00377,PO-60905,CA01,PO01,PG4,NB,2025-09-19,100039,S039,Sealed Air Canada,NX60,Rocanville,SL04,MAT-10047,Packaging,Corrugated box,17.9,1166.05,20872.29,CAD,1,8,2025-09-27,2025-09-27,GR5000402,On Time,0
TX-00764,PO-82536,CA01,PO01,PG5,UB,2023-09-05,100018,S018,TransWest Shipping,NX20,Vanscoy,SL05,MAT-10029,Logistics,Expedited shipping,6.2,6748.88,41843.06,CAD,0,4,2023-09-09,2023-09-09,GR5000403,On Time,0
TX-01857,PO-10255,CA01,PO01,PG4,NB,2024-07-10,100025,S025,Direct Safety,NX20,Vanscoy,SL04,MAT-10004,Safety,First aid kit,48.2,103.2,4974.24,CAD,0,7,2024-07-17,2024-07-17,GR5000404,On Time,0
TX-02206,PO-94560,CA01,PO01,PG3,NB,2024-01-25,100028,S028,BioAgra Solutions,NX10,Allan,SL03,MAT-10021,Chemicals,Process chemical,16.89,2485.7,41983.47,CAD,0,10,2024-02-04,2024-02-04,GR5000405,On Time,0
TX-00245,PO-65097,CA01,PO01,PG2,NB,2023-10-05,100034,S034,ABB Canada,NX10,Allan,SL02,MAT-10025,Instrumentation,Analyzer calibration,15.55,24490.83,380832.41,CAD,1,12,2023-10-17,2023-10-21,GR5000406,Late,4
TX-02015,PO-52959,CA01,PO01,PG3,NB,2024-09-06,100026,S026,Sask Chemical Corp,NX30,Cory,SL03,MAT-10027,Chemicals,Defoamer,8.73,1092.86,9540.67,CAD,1,6,2024-09-12,2024-09-12,GR5000407,On Time,0
TX-02309,PO-96495,CA01,PO01,PG4,NB,2023-07-04,100039,S039,Sealed Air Canada,NX70,Aurora,SL04,MAT-10047,Packaging,Corrugated box,17.0,1209.64,20563.88,CAD,1,8,2023-07-12,2023-07-12,GR5000408,On Time,0
TX-02297,PO-12890,CA01,PO01,PG3,NB,2025-12-15,100027,S027,Western Agri-Chem,NX50,Redwater,SL03,MAT-10037,Agri-Chemicals,Potassium chloride,9.46,4775.7,45178.12,CAD,1,8,2025-12-23,2025-12-29,GR5000409,Late,6
TX-00308,PO-88246,CA01,PO01,PG4,NB,2024-06-21,100025,S025,Direct Safety,NX20,Vanscoy,SL04,MAT-10008,Safety,FR coveralls,33.9,236.41,8014.3,CAD,0,7,2024-06-28,2024-07-02,GR5000410,Late,4
TX-00684,PO-14660,CA01,PO01,PG5,UB,2024-11-23,100017,S017,Canadian Freightways,NX30,Cory,SL05,MAT-10040,Logistics,LTL shipment,18.52,4093.31,75808.1,CAD,1,3,2024-11-26,2024-11-26,GR5000411,On Time,0
TX-00963,PO-92180,CA01,PO01,PG2,NB,2023-08-15,100034,S034,ABB Canada,NX40,Patience Lake,SL02,MAT-10009,Instrumentation,Level sensor,14.91,21277.21,317243.2,CAD,1,12,2023-08-27,2023-08-27,GR5000412,On Time,0
TX-01694,PO-85448,CA01,PO01,PG4,NB,2023-08-09,100038,S038,Prairie Packaging,NX40,Patience Lake,SL04,MAT-10034,Packaging,Bulk bags,29.9,1603.71,47950.93,CAD,1,5,2023-08-14,2023-08-14,GR5000413,On Time,0
TX-01779,PO-24858,CA01,PO01,PG5,UB,2025-08-19,100037,S037,Purolator,NX40,Patience Lake,SL05,MAT-10022,Logistics,Outbound freight,14.3,2609.26,37312.42,CAD,1,1,2025-08-20,2025-08-20,GR5000414,On Time,0
TX-00603,PO-73942,CA01,PO01,PG1,NB,2023-11-12,100001,S001,Prairie Industrial Supply,NX30,Cory,SL01,MAT-10001,MRO,Valve repair parts,14.33,3572.02,51187.05,CAD,1,7,2023-11-19,2023-11-19,GR5000415,On Time,0
TX-02255,PO-15076,CA01,PO01,PG1,NB,2023-05-02,100001,S001,Prairie Industrial Supply,NX20,Vanscoy,SL01,MAT-10044,MRO,Pump seal kit,15.61,3597.8,56161.66,CAD,1,7,2023-05-09,2023-05-09,GR5000416,On Time,0
TX-00786,PO-70199,CA01,PO01,PG2,NB,2023-07-05,100035,S035,Rockwell Automation,NX10,Allan,SL02,MAT-10041,Electrical,Cable tray,1.3,10101.73,13132.25,CAD,1,14,2023-07-19,2023-07-19,GR5000417,On Time,0
TX-02325,PO-79914,CA01,PO01,PG5,UB,2023-07-24,100018,S018,TransWest Shipping,NX70,Aurora,SL05,MAT-10029,Logistics,Expedited shipping,2.75,8353.9,22973.22,CAD,0,4,2023-07-28,2023-07-28,GR5000418,On Time,0
TX-01581,PO-74858,CA01,PO01,PG3,NB,2024-10-12,100028,S028,BioAgra Solutions,NX70,Aurora,SL03,MAT-10011,Chemicals,Scale inhibitor,10.54,7411.8,78120.37,CAD,0,10,2024-10-22,2024-10-22,GR5000419,On Time,0
TX-00927,PO-49013,CA01,PO01,PG3,NB,2024-01-09,100027,S027,Western Agri-Chem,NX50,Redwater,SL03,MAT-10037,Agri-Chemicals,Potassium chloride,17.02,743.97,12662.37,CAD,1,8,2024-01-17,2024-01-17,GR5000420,On Time,0
TX-01195,PO-78809,CA01,PO01,PG4,NB,2024-02-13,100038,S038,Prairie Packaging,NX40,Patience Lake,SL04,MAT-10024,Packaging,Poly liner,5.5,177.83,978.07,CAD,1,5,2024-02-18,2024-02-18,GR5000421,On Time,0
TX-01674,PO-39769,CA01,PO01,PG2,NB,2025-01-18,100031,S031,Precision Instruments,NX50,Redwater,SL02,MAT-10046,Instrumentation,Pressure transmitter,9.1,2344.77,21337.41,CAD,0,14,2025-02-01,2025-02-01,GR5000422,On Time,0
TX-00724,PO-46624,CA01,PO01,PG3,NB,2023-06-13,100027,S027,Western Agri-Chem,NX60,Rocanville,SL03,MAT-10021,Chemicals,Process chemical,3.7,8990.48,33264.78,CAD,1,8,2023-06-21,2023-06-21,GR5000423,On Time,0
TX-02042,PO-82597,CA01,PO01,PG5,UB,2023-01-07,100036,S036,Canpar Courier,NX40,Patience Lake,SL05,MAT-10038,Logistics,Rail freight,3.83,646.78,2477.17,CAD,1,1,2023-01-08,2023-01-08,GR5000424,On Time,0
TX-00839,PO-39825,CA01,PO01,PG3,NB,2024-12-27,100008,S008,Univar Solutions,NX50,Redwater,SL03,MAT-10007,Chemicals,Corrosion inhibitor,19.64,5549.83,108998.66,CAD,1,9,2025-01-05,2025-01-05,GR5000425,On Time,0
TX-01754,PO-54741,CA01,PO01,PG4,NB,2024-10-13,100024,S024,Northern Safety,NX70,Aurora,SL04,MAT-10049,Safety,Safety glasses,3.1,25.4,78.74,CAD,1,2,2024-10-15,2024-10-15,GR5000426,On Time,0
TX-00522,PO-71561,CA01,PO01,PG2,NB,2024-02-28,100034,S034,ABB Canada,NX20,Vanscoy,SL02,MAT-10036,Electrical,Control panel,10.84,11913.61,129143.53,CAD,1,12,2024-03-11,2024-03-11,GR5000427,On Time,0
TX-02334,PO-20053,CA01,PO01,PG2,NB,2025-08-14,100035,S035,Rockwell Automation,NX70,Aurora,SL02,MAT-10041,Electrical,Cable tray,7.43,2355.5,17501.36,CAD,1,14,2025-08-28,2025-08-28,GR5000428,On Time,0
TX-00340,PO-79243,CA01,PO01,PG1,NB,2025-03-01,100002,S002,Wesco Distribution,NX60,Rocanville,SL01,MAT-10044,MRO,Pump seal kit,3.14,2273.14,7137.66,CAD,1,5,2025-03-06,2025-03-06,GR5000429,On Time,0
TX-01557,PO-87352,CA01,PO01,PG4,NB,2023-06-13,100039,S039,Sealed Air Canada,NX50,Redwater,SL04,MAT-10043,Packaging,Stretch film,8.4,727.26,6108.98,CAD,1,8,2023-06-21,2023-06-21,GR5000430,On Time,0
TX-02191,PO-60191,CA01,PO01,PG3,NB,2023-06-28,100009,S009,Chemtrade Logistics,NX50,Redwater,SL03,MAT-10011,Chemicals,Scale inhibitor,1.67,4763.23,7954.59,CAD,1,5,2023-07-03,2023-07-03,GR5000431,On Time,0
TX-01071,PO-27888,CA01,PO01,PG2,NB,2024-02-03,100006,S006,HD Supply,NX50,Redwater,SL02,MAT-10023,Electrical,Motor starter,8.54,358.91,3065.09,CAD,1,10,2024-02-13,2024-02-13,GR5000432,On Time,0
TX-01332,PO-17899,CA01,PO01,PG4,NB,2024-02-26,100029,S029,3M Canada,NX70,Aurora,SL04,MAT-10051,Safety,Gloves — cut-resistant,35.1,48.55,1704.11,CAD,1,5,2024-03-02,2024-03-07,GR5000433,Late,5
TX-00056,PO-72402,CA01,PO01,PG1,NB,2023-06-25,100005,S005,Motion Industries,NX10,Allan,SL01,MAT-10035,MRO,Conveyor belt,5.59,1858.61,10389.63,CAD,1,6,2023-07-01,2023-07-02,GR5000434,Late,1
TX-00583,PO-88326,CA01,PO01,PG3,NB,2025-06-30,100040,S040,Generic Supplies Inc,NX30,Cory,SL03,MAT-10030,Agri-Chemicals,Micronutrient blend,3.57,8504.39,30360.67,CAD,0,15,2025-07-15,2025-07-22,GR5000435,Late,7
TX-00157,PO-67366,CA01,PO01,PG1,NB,2023-09-26,100040,S040,Generic Supplies Inc,NX30,Cory,SL01,MAT-10001,MRO,Valve repair parts,12.35,804.66,9937.55,CAD,0,15,2023-10-11,2023-10-11,GR5000436,On Time,0
TX-00283,PO-45358,CA01,PO01,PG2,NB,2023-07-07,100035,S035,Rockwell Automation,NX20,Vanscoy,SL02,MAT-10050,Electrical,Junction box,1.1,4762.36,5238.6,CAD,1,14,2023-07-21,2023-07-21,GR5000437,On Time,0
TX-01110,PO-28705,CA01,PO01,PG2,NB,2023-07-02,100034,S034,ABB Canada,NX50,Redwater,SL02,MAT-10009,Instrumentation,Level sensor,3.08,14956.37,46065.62,CAD,1,12,2023-07-14,2023-07-17,GR5000438,Late,3
TX-01697,PO-53117,CA01,PO01,PG4,NB,2023-02-22,100039,S039,Sealed Air Canada,NX70,Aurora,SL04,MAT-10043,Packaging,Stretch film,11.6,427.02,4953.43,CAD,1,8,2023-03-02,2023-03-02,GR5000439,On Time,0
TX-01068,PO-58330,CA01,PO01,PG2,NB,2024-03-20,100031,S031,Precision Instruments,NX70,Aurora,SL02,MAT-10046,Instrumentation,Pressure transmitter,18.27,12653.68,231182.73,CAD,0,14,2024-04-03,2024-04-10,GR5000440,Late,7
TX-01205,PO-57973,CA01,PO01,PG1,NB,2025-05-06,100002,S002,Wesco Distribution,NX10,Allan,SL01,MAT-10026,MRO,Hose assembly,11.46,1173.74,13451.06,CAD,1,5,2025-05-11,2025-05-11,GR5000441,On Time,0
TX-02084,PO-79248,CA01,PO01,PG3,NB,2025-11-22,100030,S030,DuPont Canada,NX10,Allan,SL03,MAT-10032,Agri-Chemicals,Anhydrous ammonia,4.68,5858.18,27416.28,CAD,1,7,2025-11-29,2025-11-29,GR5000442,On Time,0
TX-01102,PO-64502,CA01,PO01,PG1,NB,2025-10-22,100001,S001,Prairie Industrial Supply,NX50,Redwater,SL01,MAT-10012,MRO,Coupling set,14.88,1715.45,25525.9,CAD,1,7,2025-10-29,2025-10-29,GR5000443,On Time,0
TX-02184,PO-99142,CA01,PO01,PG2,NB,2024-10-26,100034,S034,ABB Canada,NX50,Redwater,SL02,MAT-10018,Instrumentation,Temperature probe,1.3,9030.37,11739.48,CAD,1,12,2024-11-07,2024-11-07,GR5000444,On Time,0
TX-02099,PO-22492,CA01,PO01,PG3,NB,2025-10-31,100007,S007,Brenntag Canada,NX50,Redwater,SL03,MAT-10011,Chemicals,Scale inhibitor,10.44,11571.05,120801.76,CAD,1,8,2025-11-08,2025-11-08,GR5000445,On Time,0
TX-01439,PO-81857,CA01,PO01,PG4,NB,2024-04-04,100038,S038,Prairie Packaging,NX20,Vanscoy,SL04,MAT-10043,Packaging,Stretch film,28.7,1995.8,57279.46,CAD,1,5,2024-04-09,2024-04-09,GR5000446,On Time,0
TX-01493,PO-83716,CA01,PO01,PG1,NB,2025-04-12,100003,S003,Grainger Canada,NX70,Aurora,SL01,MAT-10035,MRO,Conveyor belt,17.56,1243.24,21831.29,CAD,1,3,2025-04-15,2025-04-15,GR5000447,On Time,0
TX-02251,PO-90758,CA01,PO01,PG1,NB,2024-08-07,100002,S002,Wesco Distribution,NX70,Aurora,SL01,MAT-10005,MRO,Bearing assembly,1.62,310.98,503.79,CAD,1,5,2024-08-12,2024-08-12,GR5000448,On Time,0
TX-00917,PO-62286,CA01,PO01,PG3,NB,2025-02-20,100027,S027,Western Agri-Chem,NX40,Patience Lake,SL03,MAT-10031,Chemicals,Hydrochloric acid,2.76,3657.84,10095.64,CAD,1,8,2025-02-28,2025-02-28,GR5000449,On Time,0
TX-00669,PO-41179,CA01,PO01,PG2,NB,2025-10-16,100031,S031,Precision Instruments,NX60,Rocanville,SL02,MAT-10018,Instrumentation,Temperature probe,17.25,15419.81,265991.72,CAD,0,14,2025-10-30,2025-10-30,GR5000450,On Time,0
TX-02009,PO-12244,CA01,PO01,PG2,NB,2023-03-16,100034,S034,ABB Canada,NX20,Vanscoy,SL02,MAT-10050,Electrical,Junction box,9.61,255.08,2451.32,CAD,1,12,2023-03-28,2023-03-28,GR5000451,On Time,0
TX-00685,PO-70616,CA01,PO01,PG5,UB,2025-08-01,100036,S036,Canpar Courier,NX10,Allan,SL05,MAT-10029,Logistics,Expedited shipping,17.95,4527.26,81264.32,CAD,1,1,2025-08-02,2025-08-02,GR5000452,On Time,0
TX-00531,PO-73133,CA01,PO01,PG1,NB,2024-08-03,100040,S040,Generic Supplies Inc,NX70,Aurora,SL01,MAT-10006,MRO,Gear oil,19.0,1137.99,21621.81,CAD,0,15,2024-08-18,2024-08-18,GR5000453,On Time,0
TX-00259,PO-98008,CA01,PO01,PG2,NB,2023-03-22,100034,S034,ABB Canada,NX70,Aurora,SL02,MAT-10052,Instrumentation,Control valve,17.6,5921.84,104224.38,CAD,1,12,2023-04-03,2023-04-03,GR5000454,On Time,0
TX-01758,PO-32271,CA01,PO01,PG2,NB,2023-05-14,100033,S033,Siemens Canada,NX20,Vanscoy,SL02,MAT-10019,Electrical,LED fixture,8.79,8107.25,71262.73,CAD,1,10,2023-05-24,2023-05-24,GR5000455,On Time,0
TX-01273,PO-65433,CA01,PO01,PG4,NB,2023-04-21,100039,S039,Sealed Air Canada,NX10,Allan,SL04,MAT-10043,Packaging,Stretch film,11.4,124.05,1414.17,CAD,1,8,2023-04-29,2023-04-29,GR5000456,On Time,0
TX-00209,PO-57920,CA01,PO01,PG3,NB,2025-03-17,100008,S008,Univar Solutions,NX20,Vanscoy,SL03,MAT-10007,Chemicals,Corrosion inhibitor,8.09,11852.02,95882.84,CAD,1,9,2025-03-26,2025-03-26,GR5000457,On Time,0
TX-01313,PO-48466,CA01,PO01,PG3,NB,2023-03-11,100026,S026,Sask Chemical Corp,NX10,Allan,SL03,MAT-10011,Chemicals,Scale inhibitor,19.2,3634.31,69778.75,CAD,1,6,2023-03-17,2023-03-17,GR5000458,On Time,0
TX-01119,PO-51317,CA01,PO01,PG3,NB,2024-11-21,100030,S030,DuPont Canada,NX50,Redwater,SL03,MAT-10017,Agri-Chemicals,Phosphate blend,12.48,2957.78,36913.09,CAD,1,7,2024-11-28,2024-11-28,GR5000459,On Time,0
TX-00642,PO-83490,CA01,PO01,PG2,NB,2025-12-24,100006,S006,HD Supply,NX50,Redwater,SL02,MAT-10036,Electrical,Control panel,2.67,3143.35,8392.74,CAD,1,10,2026-01-03,2026-01-03,GR5000460,On Time,0
TX-00793,PO-76003,CA01,PO01,PG3,NB,2024-03-05,100040,S040,Generic Supplies Inc,NX50,Redwater,SL03,MAT-10017,Agri-Chemicals,Phosphate blend,15.31,6816.04,104353.57,CAD,0,15,2024-03-20,2024-03-20,GR5000461,On Time,0
TX-00471,PO-81786,CA01,PO01,PG4,NB,2024-12-28,100024,S024,Northern Safety,NX30,Cory,SL04,MAT-10008,Safety,FR coveralls,41.7,386.48,16116.22,CAD,1,2,2024-12-30,2024-12-30,GR5000462,On Time,0
TX-00405,PO-14551,CA01,PO01,PG4,NB,2024-04-27,100039,S039,Sealed Air Canada,NX40,Patience Lake,SL04,MAT-10043,Packaging,Stretch film,24.3,231.59,5627.64,CAD,1,8,2024-05-05,2024-05-05,GR5000463,On Time,0
TX-02293,PO-83509,CA01,PO01,PG2,NB,2024-10-01,100034,S034,ABB Canada,NX40,Patience Lake,SL02,MAT-10002,Instrumentation,Flow meter,3.88,11932.74,46299.03,CAD,1,12,2024-10-13,2024-10-13,GR5000464,On Time,0
TX-02261,PO-35762,CA01,PO01,PG2,NB,2024-02-13,100034,S034,ABB Canada,NX30,Cory,SL02,MAT-10025,Instrumentation,Analyzer calibration,16.22,5612.04,91027.29,CAD,1,12,2024-02-25,2024-02-25,GR5000465,On Time,0
TX-02103,PO-25689,CA01,PO01,PG4,NB,2025-10-15,100039,S039,Sealed Air Canada,NX60,Rocanville,SL04,MAT-10045,Packaging,Label stock,13.9,624.61,8682.08,CAD,1,8,2025-10-23,2025-10-23,GR5000466,On Time,0
TX-00563,PO-61605,CA01,PO01,PG1,NB,2025-05-16,100005,S005,Motion Industries,NX50,Redwater,SL01,MAT-10026,MRO,Hose assembly,10.09,2456.42,24785.28,CAD,1,6,2025-05-22,2025-05-22,GR5000467,On Time,0
TX-00257,PO-53288,CA01,PO01,PG4,NB,2025-12-21,100039,S039,Sealed Air Canada,NX40,Patience Lake,SL04,MAT-10013,Packaging,Pallet wrap,7.6,546.29,4151.8,CAD,1,8,2025-12-29,2025-12-29,GR5000468,On Time,0
TX-00604,PO-59514,CA01,PO01,PG4,NB,2024-12-12,100025,S025,Direct Safety,NX40,Patience Lake,SL04,MAT-10020,Safety,Safety harness,40.5,204.17,8268.89,CAD,0,7,2024-12-19,2024-12-19,GR5000469,On Time,0
TX-01917,PO-38819,CA01,PO01,PG2,NB,2024-04-29,100033,S033,Siemens Canada,NX50,Redwater,SL02,MAT-10009,Instrumentation,Level sensor,3.88,14512.19,56307.3,CAD,1,10,2024-05-09,2024-05-09,GR5000470,On Time,0
TX-00106,PO-58311,CA01,PO01,PG2,NB,2025-03-19,100033,S033,Siemens Canada,NX50,Redwater,SL02,MAT-10036,Electrical,Control panel,1.26,8141.27,10258.0,CAD,1,10,2025-03-29,2025-03-29,GR5000471,On Time,0
TX-01546,PO-60800,CA01,PO01,PG4,NB,2025-02-09,100025,S025,Direct Safety,NX70,Aurora,SL04,MAT-10048,Safety,Hard hat,41.7,326.84,13629.23,CAD,0,7,2025-02-16,2025-02-16,GR5000472,On Time,0
TX-01428,PO-63557,CA01,PO01,PG1,NB,2025-08-13,100004,S004,Fastenal Canada,NX20,Vanscoy,SL01,MAT-10035,MRO,Conveyor belt,1.7,1646.32,2798.74,CAD,1,4,2025-08-17,2025-08-17,GR5000473,On Time,0
TX-01855,PO-32940,CA01,PO01,PG4,NB,2023-03-18,100039,S039,Sealed Air Canada,NX20,Vanscoy,SL04,MAT-10024,Packaging,Poly liner,25.4,1674.47,42531.54,CAD,1,8,2023-03-26,2023-03-26,GR5000474,On Time,0
TX-00091,PO-20527,CA01,PO01,PG3,NB,2024-06-26,100026,S026,Sask Chemical Corp,NX50,Redwater,SL03,MAT-10003,Chemicals,Sulfuric acid,7.43,8558.29,63588.09,CAD,1,6,2024-07-02,2024-06-30,GR5000475,On Time,0
TX-00117,PO-87182,CA01,PO01,PG2,NB,2023-02-22,100032,S032,Endress+Hauser,NX20,Vanscoy,SL02,MAT-10002,Instrumentation,Flow meter,3.5,9918.69,34715.42,CAD,1,21,2023-03-15,2023-03-15,GR5000476,On Time,0
TX-00440,PO-79603,CA01,PO01,PG1,NB,2024-02-13,100001,S001,Prairie Industrial Supply,NX40,Patience Lake,SL01,MAT-10026,MRO,Hose assembly,14.88,4277.81,63653.81,CAD,1,7,2024-02-20,2024-02-20,GR5000477,On Time,0
TX-00125,PO-18799,CA01,PO01,PG2,NB,2024-06-06,100006,S006,HD Supply,NX30,Cory,SL02,MAT-10036,Electrical,Control panel,8.11,2459.06,19942.98,CAD,1,10,2024-06-16,2024-06-15,GR5000478,On Time,0
TX-01966,PO-67098,CA01,PO01,PG5,UB,2023-05-16,100037,S037,Purolator,NX60,Rocanville,SL05,MAT-10028,Logistics,Inbound freight,15.72,7445.93,117050.02,CAD,1,1,2023-05-17,2023-05-17,GR5000479,On Time,0
TX-00828,PO-83224,CA01,PO01,PG2,NB,2024-03-22,100034,S034,ABB Canada,NX20,Vanscoy,SL02,MAT-10041,Electrical,Cable tray,3.94,3472.48,13681.57,CAD,1,12,2024-04-03,2024-04-05,GR5000480,Late,2
TX-01685,PO-52922,CA01,PO01,PG5,UB,2023-11-07,100036,S036,Canpar Courier,NX20,Vanscoy,SL05,MAT-10029,Logistics,Expedited shipping,4.91,1568.06,7699.17,CAD,1,1,2023-11-08,2023-11-08,GR5000481,On Time,0
TX-01627,PO-45908,CA01,PO01,PG4,NB,2024-02-13,100039,S039,Sealed Air Canada,NX40,Patience Lake,SL04,MAT-10024,Packaging,Poly liner,40.1,1265.71,50754.97,CAD,1,8,2024-02-21,2024-02-21,GR5000482,On Time,0
TX-02271,PO-89443,CA01,PO01,PG2,NB,2024-09-01,100031,S031,Precision Instruments,NX50,Redwater,SL02,MAT-10018,Instrumentation,Temperature probe,13.29,17336.48,230401.82,CAD,0,14,2024-09-15,2024-09-15,GR5000483,On Time,0
TX-00084,PO-46208,CA01,PO01,PG4,NB,2025-11-06,100038,S038,Prairie Packaging,NX40,Patience Lake,SL04,MAT-10034,Packaging,Bulk bags,37.6,342.1,12862.96,CAD,1,5,2025-11-11,2025-11-11,GR5000484,On Time,0
TX-01593,PO-57628,CA01,PO01,PG1,NB,2023-05-03,100004,S004,Fastenal Canada,NX60,Rocanville,SL01,MAT-10005,MRO,Bearing assembly,6.57,1822.87,11976.26,CAD,1,4,2023-05-07,2023-05-07,GR5000485,On Time,0
TX-01490,PO-22502,CA01,PO01,PG3,NB,2023-08-12,100028,S028,BioAgra Solutions,NX60,Rocanville,SL03,MAT-10042,Agri-Chemicals,Urea 46-0-0,13.21,3326.5,43943.07,CAD,0,10,2023-08-22,2023-08-26,GR5000486,Late,4
TX-01027,PO-15530,CA01,PO01,PG2,NB,2024-09-05,100035,S035,Rockwell Automation,NX40,Patience Lake,SL02,MAT-10036,Electrical,Control panel,8.96,2601.74,23311.59,CAD,1,14,2024-09-19,2024-09-19,GR5000487,On Time,0
TX-00680,PO-90649,CA01,PO01,PG1,NB,2025-08-10,100001,S001,Prairie Industrial Supply,NX20,Vanscoy,SL01,MAT-10035,MRO,Conveyor belt,12.88,574.77,7403.04,CAD,1,7,2025-08-17,2025-08-17,GR5000488,On Time,0
TX-01193,PO-87489,CA01,PO01,PG4,NB,2023-07-31,100025,S025,Direct Safety,NX70,Aurora,SL04,MAT-10004,Safety,First aid kit,35.4,230.44,8157.58,CAD,0,7,2023-08-07,2023-08-07,GR5000489,On Time,0
TX-01385,PO-18226,CA01,PO01,PG5,UB,2025-10-27,100018,S018,TransWest Shipping,NX40,Patience Lake,SL05,MAT-10039,Logistics,Flatbed transport,5.0,8117.83,40589.15,CAD,0,4,2025-10-31,2025-10-31,GR5000490,On Time,0
TX-00032,PO-77889,CA01,PO01,PG5,UB,2023-08-07,100016,S016,Nutrien Logistics,NX50,Redwater,SL05,MAT-10038,Logistics,Rail freight,15.79,2433.14,38419.28,CAD,0,2,2023-08-09,2023-08-09,GR5000491,On Time,0
TX-01478,PO-12767,CA01,PO01,PG4,NB,2024-11-06,100029,S029,3M Canada,NX20,Vanscoy,SL04,MAT-10020,Safety,Safety harness,7.3,225.11,1643.3,CAD,1,5,2024-11-11,2024-11-11,GR5000492,On Time,0
TX-00393,PO-95323,CA01,PO01,PG3,NB,2025-02-07,100030,S030,DuPont Canada,NX30,Cory,SL03,MAT-10030,Agri-Chemicals,Micronutrient blend,2.93,4044.12,11849.27,CAD,1,7,2025-02-14,2025-02-14,GR5000493,On Time,0
TX-01124,PO-55656,CA01,PO01,PG3,NB,2025-09-19,100027,S027,Western Agri-Chem,NX40,Patience Lake,SL03,MAT-10042,Agri-Chemicals,Urea 46-0-0,8.6,5055.7,43479.02,CAD,1,8,2025-09-27,2025-09-26,GR5000494,On Time,0
TX-02352,PO-37536,CA01,PO01,PG5,UB,2025-10-20,100016,S016,Nutrien Logistics,NX70,Aurora,SL05,MAT-10039,Logistics,Flatbed transport,1.57,8072.98,12674.58,CAD,0,2,2025-10-22,2025-10-22,GR5000495,On Time,0
TX-01355,PO-24146,CA01,PO01,PG2,NB,2023-07-02,100034,S034,ABB Canada,NX70,Aurora,SL02,MAT-10014,Electrical,Conduit kit,4.68,14331.25,67070.25,CAD,1,12,2023-07-14,2023-07-19,GR5000496,Late,5
TX-02132,PO-73167,CA01,PO01,PG2,NB,2023-05-30,100006,S006,HD Supply,NX70,Aurora,SL02,MAT-10019,Electrical,LED fixture,18.55,3406.16,63184.27,CAD,1,10,2023-06-09,2023-06-09,GR5000497,On Time,0
TX-02066,PO-44228,CA01,PO01,PG3,NB,2023-06-21,100008,S008,Univar Solutions,NX40,Patience Lake,SL03,MAT-10027,Chemicals,Defoamer,7.44,6820.74,50746.31,CAD,1,9,2023-06-30,2023-06-28,GR5000498,On Time,0
TX-01929,PO-72721,CA01,PO01,PG4,NB,2024-04-13,100039,S039,Sealed Air Canada,NX30,Cory,SL04,MAT-10047,Packaging,Corrugated box,14.2,1830.27,25989.83,CAD,1,8,2024-04-21,2024-04-23,GR5000499,Late,2
TX-00432,PO-83273,CA01,PO01,PG5,UB,2024-08-24,100037,S037,Purolator,NX10,Allan,SL05,MAT-10029,Logistics,Expedited shipping,2.85,1459.58,4159.8,CAD,1,1,2024-08-25,2024-08-25,GR5000500,On Time,0
TX-01776,PO-18653,CA01,PO01,PG3,NB,2024-02-20,100009,S009,Chemtrade Logistics,NX30,Cory,SL03,MAT-10027,Chemicals,Defoamer,15.13,11529.11,174435.43,CAD,1,5,2024-02-25,2024-02-25,GR5000501,On Time,0
TX-00910,PO-26207,CA01,PO01,PG2,NB,2025-10-06,100006,S006,HD Supply,NX60,Rocanville,SL02,MAT-10041,Electrical,Cable tray,3.14,10852.51,34076.88,CAD,1,10,2025-10-16,2025-10-16,GR5000502,On Time,0
TX-01412,PO-27002,CA01,PO01,PG5,UB,2024-10-05,100018,S018,TransWest Shipping,NX20,Vanscoy,SL05,MAT-10029,Logistics,Expedited shipping,7.64,5939.76,45379.77,CAD,0,4,2024-10-09,2024-10-09,GR5000503,On Time,0
TX-00353,PO-82465,CA01,PO01,PG1,NB,2025-02-23,100004,S004,Fastenal Canada,NX30,Cory,SL01,MAT-10005,MRO,Bearing assembly,18.48,846.38,15641.1,CAD,1,4,2025-02-27,2025-02-27,GR5000504,On Time,0
TX-00284,PO-63483,CA01,PO01,PG3,NB,2024-01-19,100008,S008,Univar Solutions,NX20,Vanscoy,SL03,MAT-10007,Chemicals,Corrosion inhibitor,9.19,7038.23,64681.33,CAD,1,9,2024-01-28,2024-02-02,GR5000505,Late,5
TX-02204,PO-31981,CA01,PO01,PG4,NB,2023-01-14,100038,S038,Prairie Packaging,NX70,Aurora,SL04,MAT-10043,Packaging,Stretch film,7.4,1704.25,12611.45,CAD,1,5,2023-01-19,2023-01-19,GR5000506,On Time,0
TX-01025,PO-35612,CA01,PO01,PG5,UB,2025-11-04,100016,S016,Nutrien Logistics,NX10,Allan,SL05,MAT-10029,Logistics,Expedited shipping,16.56,5089.49,84281.95,CAD,0,2,2025-11-06,2025-11-06,GR5000507,On Time,0
TX-00609,PO-52283,CA01,PO01,PG4,NB,2025-10-15,100038,S038,Prairie Packaging,NX40,Patience Lake,SL04,MAT-10047,Packaging,Corrugated box,38.5,375.93,14473.31,CAD,1,5,2025-10-20,2025-10-20,GR5000508,On Time,0
TX-00864,PO-62694,CA01,PO01,PG3,NB,2024-03-14,100026,S026,Sask Chemical Corp,NX50,Redwater,SL03,MAT-10030,Agri-Chemicals,Micronutrient blend,6.46,761.24,4917.61,CAD,1,6,2024-03-20,2024-03-20,GR5000509,On Time,0
TX-01240,PO-28061,CA01,PO01,PG3,NB,2025-05-12,100027,S027,Western Agri-Chem,NX50,Redwater,SL03,MAT-10042,Agri-Chemicals,Urea 46-0-0,5.61,6691.45,37539.03,CAD,1,8,2025-05-20,2025-05-20,GR5000510,On Time,0
TX-01051,PO-82432,CA01,PO01,PG4,NB,2024-03-05,100029,S029,3M Canada,NX70,Aurora,SL04,MAT-10004,Safety,First aid kit,24.2,216.01,5227.44,CAD,1,5,2024-03-10,2024-03-10,GR5000511,On Time,0
TX-01117,PO-15486,CA01,PO01,PG3,NB,2024-06-28,100007,S007,Brenntag Canada,NX20,Vanscoy,SL03,MAT-10007,Chemicals,Corrosion inhibitor,15.28,880.94,13460.76,CAD,1,8,2024-07-06,2024-07-06,GR5000512,On Time,0
TX-02211,PO-52655,CA01,PO01,PG2,NB,2025-02-15,100034,S034,ABB Canada,NX10,Allan,SL02,MAT-10046,Instrumentation,Pressure transmitter,3.94,14923.64,58799.14,CAD,1,12,2025-02-27,2025-02-27,GR5000513,On Time,0
TX-00568,PO-59923,CA01,PO01,PG4,NB,2024-07-06,100024,S024,Northern Safety,NX70,Aurora,SL04,MAT-10004,Safety,First aid kit,40.4,231.03,9333.61,CAD,1,2,2024-07-08,2024-07-08,GR5000514,On Time,0
TX-DUP-030,PO-14282,CA01,PO01,PG2,NB,2025-04-29,100033,S033,Siemens Canada,NX50,Redwater,SL02,MAT-10018,Instrumentation,Temperature probe,13.79,1597.7,22032.28,CAD,1,10,2025-05-09,2025-05-09,GR5000515,On Time,0
TX-01118,PO-44843,CA01,PO01,PG3,NB,2023-01-15,100008,S008,Univar Solutions,NX40,Patience Lake,SL03,MAT-10021,Chemicals,Process chemical,8.14,6624.83,53926.12,CAD,1,9,2023-01-24,2023-01-24,GR5000516,On Time,0
TX-02089,PO-40025,CA01,PO01,PG2,NB,2024-08-18,100035,S035,Rockwell Automation,NX50,Redwater,SL02,MAT-10036,Electrical,Control panel,17.46,826.32,14427.55,CAD,1,14,2024-09-01,2024-09-01,GR5000517,On Time,0
TX-00004,PO-84085,CA01,PO01,PG4,NB,2023-03-23,100029,S029,3M Canada,NX40,Patience Lake,SL04,MAT-10010,Safety,Hearing protection,31.3,179.31,5612.4,CAD,1,5,2023-03-28,2023-03-28,GR5000518,On Time,0
TX-01213,PO-20911,CA01,PO01,PG3,NB,2024-12-12,100007,S007,Brenntag Canada,NX70,Aurora,SL03,MAT-10027,Chemicals,Defoamer,13.02,11688.85,152188.83,CAD,1,8,2024-12-20,2024-12-24,GR5000519,Late,4
TX-00194,PO-45972,CA01,PO01,PG4,NB,2024-08-04,100025,S025,Direct Safety,NX40,Patience Lake,SL04,MAT-10010,Safety,Hearing protection,42.5,129.57,5506.72,CAD,0,7,2024-08-11,2024-08-11,GR5000520,On Time,0
TX-01638,PO-24723,CA01,PO01,PG3,NB,2024-11-14,100028,S028,BioAgra Solutions,NX40,Patience Lake,SL03,MAT-10030,Agri-Chemicals,Micronutrient blend,13.05,6696.94,87395.07,CAD,0,10,2024-11-24,2024-11-24,GR5000521,On Time,0
TX-00199,PO-28830,CA01,PO01,PG3,NB,2023-11-20,100028,S028,BioAgra Solutions,NX20,Vanscoy,SL03,MAT-10007,Chemicals,Corrosion inhibitor,9.35,6810.38,63677.05,CAD,0,10,2023-11-30,2023-11-30,GR5000522,On Time,0
TX-02055,PO-35671,CA01,PO01,PG1,NB,2024-01-30,100040,S040,Generic Supplies Inc,NX30,Cory,SL01,MAT-10001,MRO,Valve repair parts,4.27,846.96,3616.52,CAD,0,15,2024-02-14,2024-02-12,GR5000523,On Time,0
TX-00166,PO-79176,CA01,PO01,PG3,NB,2023-06-12,100040,S040,Generic Supplies Inc,NX20,Vanscoy,SL03,MAT-10030,Agri-Chemicals,Micronutrient blend,1.36,2223.44,3023.88,CAD,0,15,2023-06-27,2023-06-27,GR5000524,On Time,0
TX-00202,PO-52917,CA01,PO01,PG1,NB,2025-05-06,100003,S003,Grainger Canada,NX60,Rocanville,SL01,MAT-10001,MRO,Valve repair parts,5.72,3900.62,22311.55,CAD,1,3,2025-05-09,2025-05-16,GR5000525,Late,7
TX-02306,PO-52788,CA01,PO01,PG2,NB,2024-07-08,100031,S031,Precision Instruments,NX60,Rocanville,SL02,MAT-10002,Instrumentation,Flow meter,8.86,23293.78,206382.89,CAD,0,14,2024-07-22,2024-07-22,GR5000526,On Time,0
TX-00006,PO-23104,CA01,PO01,PG2,NB,2023-05-29,100034,S034,ABB Canada,NX30,Cory,SL02,MAT-10052,Instrumentation,Control valve,1.18,16097.24,18994.74,CAD,1,12,2023-06-10,2023-06-10,GR5000527,On Time,0
TX-01316,PO-52147,CA01,PO01,PG3,NB,2023-01-23,100007,S007,Brenntag Canada,NX30,Cory,SL03,MAT-10007,Chemicals,Corrosion inhibitor,14.62,3194.25,46699.93,CAD,1,8,2023-01-31,2023-01-31,GR5000528,On Time,0
TX-01692,PO-66854,CA01,PO01,PG3,NB,2025-09-21,100007,S007,Brenntag Canada,NX20,Vanscoy,SL03,MAT-10007,Chemicals,Corrosion inhibitor,5.61,6343.73,35588.33,CAD,1,8,2025-09-29,2025-09-29,GR5000529,On Time,0
TX-00173,PO-99742,CA01,PO01,PG2,NB,2024-12-22,100034,S034,ABB Canada,NX20,Vanscoy,SL02,MAT-10041,Electrical,Cable tray,11.37,12239.93,139168.0,CAD,1,12,2025-01-03,2025-01-10,GR5000530,Late,7
TX-00738,PO-43468,CA01,PO01,PG2,NB,2024-07-12,100006,S006,HD Supply,NX40,Patience Lake,SL02,MAT-10023,Electrical,Motor starter,7.36,4152.9,30565.34,CAD,1,10,2024-07-22,2024-07-25,GR5000531,Late,3
TX-01890,PO-61211,CA01,PO01,PG3,NB,2024-04-20,100027,S027,Western Agri-Chem,NX20,Vanscoy,SL03,MAT-10003,Chemicals,Sulfuric acid,4.85,4163.84,20194.62,CAD,1,8,2024-04-28,2024-04-30,GR5000532,Late,2
TX-01489,PO-40423,CA01,PO01,PG2,NB,2024-04-03,100033,S033,Siemens Canada,NX60,Rocanville,SL02,MAT-10033,Electrical,Transformer,11.98,568.4,6809.43,CAD,1,10,2024-04-13,2024-04-13,GR5000533,On Time,0
TX-00443,PO-27536,CA01,PO01,PG2,NB,2025-12-01,100033,S033,Siemens Canada,NX60,Rocanville,SL02,MAT-10025,Instrumentation,Analyzer calibration,12.33,9439.13,116384.47,CAD,1,10,2025-12-11,2025-12-11,GR5000534,On Time,0
TX-01009,PO-77797,CA01,PO01,PG4,NB,2023-09-07,100039,S039,Sealed Air Canada,NX30,Cory,SL04,MAT-10047,Packaging,Corrugated box,34.3,975.85,33471.65,CAD,1,8,2023-09-15,2023-09-15,GR5000535,On Time,0
TX-00975,PO-50593,CA01,PO01,PG3,NB,2023-05-19,100027,S027,Western Agri-Chem,NX30,Cory,SL03,MAT-10007,Chemicals,Corrosion inhibitor,17.54,5476.84,96063.77,CAD,1,8,2023-05-27,2023-05-27,GR5000536,On Time,0
TX-01136,PO-85231,CA01,PO01,PG1,NB,2024-09-24,100005,S005,Motion Industries,NX30,Cory,SL01,MAT-10016,MRO,Filter element,10.55,3114.27,32855.55,CAD,1,6,2024-09-30,2024-09-30,GR5000537,On Time,0
TX-02043,PO-65685,CA01,PO01,PG4,NB,2025-09-12,100039,S039,Sealed Air Canada,NX20,Vanscoy,SL04,MAT-10047,Packaging,Corrugated box,10.5,288.26,3026.73,CAD,1,8,2025-09-20,2025-09-20,GR5000538,On Time,0
TX-00204,PO-86460,CA01,PO01,PG3,NB,2025-03-16,100026,S026,Sask Chemical Corp,NX20,Vanscoy,SL03,MAT-10032,Agri-Chemicals,Anhydrous ammonia,10.6,7746.82,82116.29,CAD,1,6,2025-03-22,2025-03-22,GR5000539,On Time,0
TX-01790,PO-20919,CA01,PO01,PG2,NB,2024-06-19,100034,S034,ABB Canada,NX30,Cory,SL02,MAT-10050,Electrical,Junction box,11.5,7434.69,85498.93,CAD,1,12,2024-07-01,2024-07-01,GR5000540,On Time,0
TX-00165,PO-71487,CA01,PO01,PG5,UB,2024-08-10,100017,S017,Canadian Freightways,NX20,Vanscoy,SL05,MAT-10022,Logistics,Outbound freight,18.43,4043.41,74520.05,CAD,1,3,2024-08-13,2024-08-13,GR5000541,On Time,0
TX-01724,PO-69208,CA01,PO01,PG4,NB,2024-12-20,100038,S038,Prairie Packaging,NX10,Allan,SL04,MAT-10047,Packaging,Corrugated box,49.3,1295.37,63861.74,CAD,1,5,2024-12-25,2024-12-25,GR5000542,On Time,0
TX-01315,PO-51215,CA01,PO01,PG2,NB,2024-03-16,100034,S034,ABB Canada,NX20,Vanscoy,SL02,MAT-10033,Electrical,Transformer,13.48,5705.07,76904.34,CAD,1,12,2024-03-28,2024-03-28,GR5000543,On Time,0
TX-00973,PO-28630,CA01,PO01,PG2,NB,2024-09-13,100035,S035,Rockwell Automation,NX30,Cory,SL02,MAT-10041,Electrical,Cable tray,6.59,614.07,4046.72,CAD,1,14,2024-09-27,2024-10-02,GR5000544,Late,5
TX-00417,PO-27779,CA01,PO01,PG2,NB,2023-11-22,100033,S033,Siemens Canada,NX40,Patience Lake,SL02,MAT-10036,Electrical,Control panel,2.25,10701.63,24078.67,CAD,1,10,2023-12-02,2023-12-02,GR5000545,On Time,0
TX-01047,PO-35774,CA01,PO01,PG4,NB,2023-05-27,100024,S024,Northern Safety,NX20,Vanscoy,SL04,MAT-10008,Safety,FR coveralls,18.7,227.49,4254.06,CAD,1,2,2023-05-29,2023-05-30,GR5000546,Late,1
TX-01127,PO-23824,CA01,PO01,PG3,NB,2024-05-08,100026,S026,Sask Chemical Corp,NX60,Rocanville,SL03,MAT-10042,Agri-Chemicals,Urea 46-0-0,5.62,1695.29,9527.53,CAD,1,6,2024-05-14,2024-05-14,GR5000547,On Time,0
TX-00483,PO-48684,CA01,PO01,PG4,NB,2023-11-26,100025,S025,Direct Safety,NX50,Redwater,SL04,MAT-10048,Safety,Hard hat,49.2,304.93,15002.56,CAD,0,7,2023-12-03,2023-12-03,GR5000548,On Time,0
TX-01432,PO-43743,CA01,PO01,PG2,NB,2024-04-11,100033,S033,Siemens Canada,NX40,Patience Lake,SL02,MAT-10050,Electrical,Junction box,2.16,10775.33,23274.71,CAD,1,10,2024-04-21,2024-04-21,GR5000549,On Time,0
TX-00572,PO-43779,CA01,PO01,PG3,NB,2024-11-16,100026,S026,Sask Chemical Corp,NX70,Aurora,SL03,MAT-10007,Chemicals,Corrosion inhibitor,5.94,4835.43,28722.45,CAD,1,6,2024-11-22,2024-11-22,GR5000550,On Time,0
TX-00623,PO-42749,CA01,PO01,PG5,UB,2025-07-31,100016,S016,Nutrien Logistics,NX20,Vanscoy,SL05,MAT-10039,Logistics,Flatbed transport,7.76,1700.63,13196.89,CAD,0,2,2025-08-02,2025-08-02,GR5000551,On Time,0
TX-00849,PO-13895,CA01,PO01,PG3,NB,2025-09-29,100007,S007,Brenntag Canada,NX30,Cory,SL03,MAT-10031,Chemicals,Hydrochloric acid,10.45,7837.76,81904.59,CAD,1,8,2025-10-07,2025-10-07,GR5000552,On Time,0
TX-00698,PO-47128,CA01,PO01,PG3,NB,2024-12-18,100008,S008,Univar Solutions,NX40,Patience Lake,SL03,MAT-10003,Chemicals,Sulfuric acid,11.44,3835.78,43881.32,CAD,1,9,2024-12-27,2024-12-27,GR5000553,On Time,0
TX-00622,PO-84922,CA01,PO01,PG2,NB,2024-07-19,100033,S033,Siemens Canada,NX50,Redwater,SL02,MAT-10019,Electrical,LED fixture,18.46,7766.82,143375.5,CAD,1,10,2024-07-29,2024-07-29,GR5000554,On Time,0
TX-01037,PO-76619,CA01,PO01,PG2,NB,2024-05-21,100032,S032,Endress+Hauser,NX30,Cory,SL02,MAT-10002,Instrumentation,Flow meter,2.01,20196.88,40595.73,CAD,1,21,2024-06-11,2024-06-11,GR5000555,On Time,0
TX-01811,PO-73876,CA01,PO01,PG4,NB,2025-10-19,100024,S024,Northern Safety,NX60,Rocanville,SL04,MAT-10049,Safety,Safety glasses,22.2,379.99,8435.78,CAD,1,2,2025-10-21,2025-10-21,GR5000556,On Time,0
TX-01554,PO-11518,CA01,PO01,PG1,NB,2023-09-21,100002,S002,Wesco Distribution,NX30,Cory,SL01,MAT-10006,MRO,Gear oil,11.92,1758.76,20964.42,CAD,1,5,2023-09-26,2023-09-26,GR5000557,On Time,0
TX-00780,PO-32273,CA01,PO01,PG2,NB,2023-11-18,100034,S034,ABB Canada,NX30,Cory,SL02,MAT-10019,Electrical,LED fixture,16.0,9642.39,154278.24,CAD,1,12,2023-11-30,2023-11-30,GR5000558,On Time,0
TX-00292,PO-41775,CA01,PO01,PG5,UB,2024-08-19,100036,S036,Canpar Courier,NX30,Cory,SL05,MAT-10039,Logistics,Flatbed transport,14.96,5246.77,78491.68,CAD,1,1,2024-08-20,2024-08-20,GR5000559,On Time,0
TX-00047,PO-24168,CA01,PO01,PG2,NB,2023-08-23,100033,S033,Siemens Canada,NX10,Allan,SL02,MAT-10009,Instrumentation,Level sensor,15.78,5348.5,84399.33,CAD,1,10,2023-09-02,2023-09-02,GR5000560,On Time,0
TX-00632,PO-83553,CA01,PO01,PG5,UB,2024-02-10,100036,S036,Canpar Courier,NX40,Patience Lake,SL05,MAT-10022,Logistics,Outbound freight,10.27,5391.86,55374.4,CAD,1,1,2024-02-11,2024-02-11,GR5000561,On Time,0
TX-01561,PO-14798,CA01,PO01,PG1,NB,2024-09-01,100004,S004,Fastenal Canada,NX30,Cory,SL01,MAT-10026,MRO,Hose assembly,13.08,2701.22,35331.96,CAD,1,4,2024-09-05,2024-09-02,GR5000562,On Time,0
TX-01405,PO-75089,CA01,PO01,PG3,NB,2023-09-23,100027,S027,Western Agri-Chem,NX60,Rocanville,SL03,MAT-10015,Chemicals,Sodium hydroxide 50%,6.14,1267.5,7782.45,CAD,1,8,2023-10-01,2023-10-01,GR5000563,On Time,0
TX-00890,PO-95089,CA01,PO01,PG2,NB,2023-06-18,100033,S033,Siemens Canada,NX40,Patience Lake,SL02,MAT-10025,Instrumentation,Analyzer calibration,3.11,7365.68,22907.26,CAD,1,10,2023-06-28,2023-06-28,GR5000564,On Time,0
TX-02387,PO-87810,CA01,PO01,PG4,NB,2023-10-06,100025,S025,Direct Safety,NX20,Vanscoy,SL04,MAT-10051,Safety,Gloves — cut-resistant,10.8,35.23,380.48,CAD,0,7,2023-10-13,2023-10-13,GR5000565,On Time,0
TX-01567,PO-67271,CA01,PO01,PG4,NB,2023-04-11,100029,S029,3M Canada,NX50,Redwater,SL04,MAT-10004,Safety,First aid kit,19.3,199.71,3854.4,CAD,1,5,2023-04-16,2023-04-16,GR5000566,On Time,0
TX-01056,PO-34685,CA01,PO01,PG2,NB,2024-02-23,100006,S006,HD Supply,NX60,Rocanville,SL02,MAT-10036,Electrical,Control panel,19.03,1142.9,21749.39,CAD,1,10,2024-03-04,2024-03-04,GR5000567,On Time,0
TX-01093,PO-10792,CA01,PO01,PG4,NB,2025-02-20,100029,S029,3M Canada,NX50,Redwater,SL04,MAT-10020,Safety,Safety harness,26.6,89.75,2387.35,CAD,1,5,2025-02-25,2025-02-25,GR5000568,On Time,0
TX-01527,PO-87483,CA01,PO01,PG3,NB,2023-07-05,100026,S026,Sask Chemical Corp,NX20,Vanscoy,SL03,MAT-10017,Agri-Chemicals,Phosphate blend,4.47,1056.77,4723.76,CAD,1,6,2023-07-11,2023-07-11,GR5000569,On Time,0
TX-00145,PO-68838,CA01,PO01,PG3,NB,2025-10-08,100008,S008,Univar Solutions,NX50,Redwater,SL03,MAT-10007,Chemicals,Corrosion inhibitor,9.82,7113.84,69857.91,CAD,1,9,2025-10-17,2025-10-17,GR5000570,On Time,0
TX-01785,PO-44486,CA01,PO01,PG2,NB,2024-10-14,100031,S031,Precision Instruments,NX60,Rocanville,SL02,MAT-10009,Instrumentation,Level sensor,18.21,2985.55,54366.87,CAD,0,14,2024-10-28,2024-10-28,GR5000571,On Time,0
TX-01993,PO-43310,CA01,PO01,PG2,NB,2023-03-21,100033,S033,Siemens Canada,NX70,Aurora,SL02,MAT-10052,Instrumentation,Control valve,16.52,17208.16,284278.8,CAD,1,10,2023-03-31,2023-03-31,GR5000572,On Time,0
TX-02080,PO-41508,CA01,PO01,PG4,NB,2023-03-22,100038,S038,Prairie Packaging,NX40,Patience Lake,SL04,MAT-10013,Packaging,Pallet wrap,31.6,181.83,5745.83,CAD,1,5,2023-03-27,2023-03-27,GR5000573,On Time,0
TX-00223,PO-72793,CA01,PO01,PG1,NB,2023-06-11,100003,S003,Grainger Canada,NX70,Aurora,SL01,MAT-10016,MRO,Filter element,7.58,2018.57,15300.76,CAD,1,3,2023-06-14,2023-06-14,GR5000574,On Time,0
TX-00133,PO-16895,CA01,PO01,PG2,NB,2024-10-26,100035,S035,Rockwell Automation,NX70,Aurora,SL02,MAT-10023,Electrical,Motor starter,15.76,8600.38,135541.99,CAD,1,14,2024-11-09,2024-11-09,GR5000575,On Time,0
TX-01149,PO-60326,CA01,PO01,PG1,NB,2025-09-09,100005,S005,Motion Industries,NX40,Patience Lake,SL01,MAT-10001,MRO,Valve repair parts,6.2,3366.85,20874.47,CAD,1,6,2025-09-15,2025-09-12,GR5000576,On Time,0
TX-00122,PO-69469,CA01,PO01,PG3,NB,2024-10-27,100008,S008,Univar Solutions,NX30,Cory,SL03,MAT-10027,Chemicals,Defoamer,8.24,7490.79,61724.11,CAD,1,9,2024-11-05,2024-11-05,GR5000577,On Time,0
TX-02231,PO-77027,CA01,PO01,PG2,NB,2024-09-12,100033,S033,Siemens Canada,NX20,Vanscoy,SL02,MAT-10033,Electrical,Transformer,4.78,4302.33,20565.14,CAD,1,10,2024-09-22,2024-09-21,GR5000578,On Time,0
TX-01066,PO-84529,CA01,PO01,PG5,UB,2025-06-03,100037,S037,Purolator,NX70,Aurora,SL05,MAT-10022,Logistics,Outbound freight,9.7,7331.25,71113.12,CAD,1,1,2025-06-04,2025-06-04,GR5000579,On Time,0
TX-00857,PO-15913,CA01,PO01,PG3,NB,2024-12-23,100040,S040,Generic Supplies Inc,NX60,Rocanville,SL03,MAT-10030,Agri-Chemicals,Micronutrient blend,15.56,2777.68,43220.7,CAD,0,15,2025-01-07,2025-01-07,GR5000580,On Time,0
TX-00841,PO-47173,CA01,PO01,PG2,NB,2023-03-25,100035,S035,Rockwell Automation,NX40,Patience Lake,SL02,MAT-10036,Electrical,Control panel,2.56,7506.95,19217.79,CAD,1,14,2023-04-08,2023-04-08,GR5000581,On Time,0
TX-02308,PO-76417,CA01,PO01,PG4,NB,2025-03-21,100029,S029,3M Canada,NX40,Patience Lake,SL04,MAT-10008,Safety,FR coveralls,35.1,228.83,8031.93,CAD,1,5,2025-03-26,2025-03-26,GR5000582,On Time,0
TX-02142,PO-62850,CA01,PO01,PG2,NB,2023-04-30,100034,S034,ABB Canada,NX10,Allan,SL02,MAT-10002,Instrumentation,Flow meter,14.57,12052.09,175598.95,CAD,1,12,2023-05-12,2023-05-12,GR5000583,On Time,0
TX-01930,PO-59996,CA01,PO01,PG5,UB,2025-11-25,100017,S017,Canadian Freightways,NX10,Allan,SL05,MAT-10028,Logistics,Inbound freight,12.38,6576.07,81411.75,CAD,1,3,2025-11-28,2025-11-28,GR5000584,On Time,0
TX-00322,PO-42725,CA01,PO01,PG5,UB,2024-07-21,100036,S036,Canpar Courier,NX20,Vanscoy,SL05,MAT-10022,Logistics,Outbound freight,17.47,1451.66,25360.5,CAD,1,1,2024-07-22,2024-07-22,GR5000585,On Time,0
TX-01960,PO-90844,CA01,PO01,PG3,NB,2025-10-07,100027,S027,Western Agri-Chem,NX70,Aurora,SL03,MAT-10017,Agri-Chemicals,Phosphate blend,3.17,5487.57,17395.6,CAD,1,8,2025-10-15,2025-10-15,GR5000586,On Time,0
TX-01879,PO-80210,CA01,PO01,PG1,NB,2023-05-22,100005,S005,Motion Industries,NX60,Rocanville,SL01,MAT-10012,MRO,Coupling set,10.54,2111.15,22251.52,CAD,1,6,2023-05-28,2023-06-03,GR5000587,Late,6
TX-01525,PO-10422,CA01,PO01,PG4,NB,2025-04-18,100029,S029,3M Canada,NX40,Patience Lake,SL04,MAT-10004,Safety,First aid kit,9.5,303.79,2886.01,CAD,1,5,2025-04-23,2025-04-27,GR5000588,Late,4
TX-00453,PO-94454,CA01,PO01,PG3,NB,2025-11-13,100027,S027,Western Agri-Chem,NX20,Vanscoy,SL03,MAT-10017,Agri-Chemicals,Phosphate blend,2.43,5899.18,14335.01,CAD,1,8,2025-11-21,2025-11-21,GR5000589,On Time,0
TX-01998,PO-94783,CA01,PO01,PG2,NB,2024-02-15,100034,S034,ABB Canada,NX40,Patience Lake,SL02,MAT-10050,Electrical,Junction box,1.27,6556.61,8326.89,CAD,1,12,2024-02-27,2024-02-27,GR5000590,On Time,0
TX-00909,PO-67870,CA01,PO01,PG5,UB,2023-08-26,100036,S036,Canpar Courier,NX60,Rocanville,SL05,MAT-10028,Logistics,Inbound freight,19.91,7454.05,148410.14,CAD,1,1,2023-08-27,2023-08-27,GR5000591,On Time,0
TX-01187,PO-99356,CA01,PO01,PG5,UB,2024-06-28,100017,S017,Canadian Freightways,NX60,Rocanville,SL05,MAT-10040,Logistics,LTL shipment,3.26,4168.01,13587.71,CAD,1,3,2024-07-01,2024-07-01,GR5000592,On Time,0
TX-01198,PO-37784,CA01,PO01,PG2,NB,2023-03-25,100033,S033,Siemens Canada,NX10,Allan,SL02,MAT-10050,Electrical,Junction box,1.01,9974.38,10074.12,CAD,1,10,2023-04-04,2023-04-04,GR5000593,On Time,0
TX-00843,PO-58161,CA01,PO01,PG4,NB,2023-05-23,100038,S038,Prairie Packaging,NX50,Redwater,SL04,MAT-10043,Packaging,Stretch film,44.8,1620.68,72606.46,CAD,1,5,2023-05-28,2023-05-26,GR5000594,On Time,0
TX-02180,PO-34458,CA01,PO01,PG2,NB,2024-06-17,100006,S006,HD Supply,NX10,Allan,SL02,MAT-10050,Electrical,Junction box,2.51,10271.84,25782.32,CAD,1,10,2024-06-27,2024-07-01,GR5000595,Late,4
TX-00001,PO-17989,CA01,PO01,PG3,NB,2024-08-30,100027,S027,Western Agri-Chem,NX10,Allan,SL03,MAT-10030,Agri-Chemicals,Micronutrient blend,5.14,844.47,4340.58,CAD,1,8,2024-09-07,2024-09-07,GR5000596,On Time,0
TX-02327,PO-68207,CA01,PO01,PG3,NB,2024-02-06,100040,S040,Generic Supplies Inc,NX10,Allan,SL03,MAT-10017,Agri-Chemicals,Phosphate blend,17.62,1922.53,33874.98,CAD,0,15,2024-02-21,2024-02-21,GR5000597,On Time,0
TX-01438,PO-29670,CA01,PO01,PG2,NB,2025-02-14,100035,S035,Rockwell Automation,NX10,Allan,SL02,MAT-10014,Electrical,Conduit kit,16.78,682.47,11451.85,CAD,1,14,2025-02-28,2025-02-28,GR5000598,On Time,0
TX-00317,PO-49021,CA01,PO01,PG1,NB,2024-03-23,100040,S040,Generic Supplies Inc,NX60,Rocanville,SL01,MAT-10035,MRO,Conveyor belt,19.81,575.6,11402.64,CAD,0,15,2024-04-07,2024-04-07,GR5000599,On Time,0
TX-00399,PO-72957,CA01,PO01,PG5,UB,2023-01-08,100016,S016,Nutrien Logistics,NX30,Cory,SL05,MAT-10039,Logistics,Flatbed transport,9.12,3051.39,27828.68,CAD,0,2,2023-01-10,2023-01-10,GR5000600,On Time,0
TX-01402,PO-28256,CA01,PO01,PG3,NB,2023-03-03,100028,S028,BioAgra Solutions,NX70,Aurora,SL03,MAT-10042,Agri-Chemicals,Urea 46-0-0,1.61,3941.46,6345.75,CAD,0,10,2023-03-13,2023-03-13,GR5000601,On Time,0
TX-01899,PO-14051,CA01,PO01,PG4,NB,2024-08-12,100029,S029,3M Canada,NX40,Patience Lake,SL04,MAT-10010,Safety,Hearing protection,25.4,48.52,1232.41,CAD,1,5,2024-08-17,2024-08-17,GR5000602,On Time,0
TX-00960,PO-53842,CA01,PO01,PG3,NB,2025-04-08,100028,S028,BioAgra Solutions,NX50,Redwater,SL03,MAT-10030,Agri-Chemicals,Micronutrient blend,15.73,7704.9,121198.08,CAD,0,10,2025-04-18,2025-04-19,GR5000603,Late,1
TX-01524,PO-89761,CA01,PO01,PG4,NB,2024-06-30,100029,S029,3M Canada,NX10,Allan,SL04,MAT-10008,Safety,FR coveralls,5.1,188.49,961.3,CAD,1,5,2024-07-05,2024-07-04,GR5000604,On Time,0
TX-01577,PO-74324,CA01,PO01,PG4,NB,2023-02-17,100039,S039,Sealed Air Canada,NX50,Redwater,SL04,MAT-10043,Packaging,Stretch film,37.8,625.06,23627.27,CAD,1,8,2023-02-25,2023-02-25,GR5000605,On Time,0
TX-01074,PO-98000,CA01,PO01,PG3,NB,2023-09-12,100008,S008,Univar Solutions,NX30,Cory,SL03,MAT-10015,Chemicals,Sodium hydroxide 50%,11.16,5177.51,57781.01,CAD,1,9,2023-09-21,2023-09-21,GR5000606,On Time,0
TX-00908,PO-44108,CA01,PO01,PG3,NB,2023-11-01,100026,S026,Sask Chemical Corp,NX10,Allan,SL03,MAT-10037,Agri-Chemicals,Potassium chloride,2.04,1791.87,3655.41,CAD,1,6,2023-11-07,2023-11-07,GR5000607,On Time,0
TX-00597,PO-78306,CA01,PO01,PG4,NB,2023-03-10,100039,S039,Sealed Air Canada,NX10,Allan,SL04,MAT-10034,Packaging,Bulk bags,10.8,1491.82,16111.66,CAD,1,8,2023-03-18,2023-03-18,GR5000608,On Time,0
TX-00807,PO-85199,CA01,PO01,PG1,NB,2025-11-05,100040,S040,Generic Supplies Inc,NX40,Patience Lake,SL01,MAT-10016,MRO,Filter element,7.29,3550.2,25880.96,CAD,0,15,2025-11-20,2025-11-20,GR5000609,On Time,0
TX-00009,PO-25129,CA01,PO01,PG1,NB,2024-09-05,100040,S040,Generic Supplies Inc,NX50,Redwater,SL01,MAT-10016,MRO,Filter element,18.7,583.24,10906.59,CAD,0,15,2024-09-20,2024-09-20,GR5000610,On Time,0
TX-00306,PO-38153,CA01,PO01,PG4,NB,2024-02-09,100039,S039,Sealed Air Canada,NX20,Vanscoy,SL04,MAT-10034,Packaging,Bulk bags,23.0,904.74,20809.02,CAD,1,8,2024-02-17,2024-02-20,GR5000611,Late,3
TX-01716,PO-84678,CA01,PO01,PG1,NB,2023-10-30,100003,S003,Grainger Canada,NX60,Rocanville,SL01,MAT-10016,MRO,Filter element,2.21,1627.13,3595.96,CAD,1,3,2023-11-02,2023-11-06,GR5000612,Late,4
TX-00746,PO-67747,CA01,PO01,PG4,NB,2023-05-04,100039,S039,Sealed Air Canada,NX30,Cory,SL04,MAT-10013,Packaging,Pallet wrap,13.7,1640.58,22475.95,CAD,1,8,2023-05-12,2023-05-12,GR5000613,On Time,0
TX-01419,PO-74927,CA01,PO01,PG4,NB,2023-06-23,100039,S039,Sealed Air Canada,NX50,Redwater,SL04,MAT-10024,Packaging,Poly liner,3.9,1720.78,6711.04,CAD,1,8,2023-07-01,2023-07-01,GR5000614,On Time,0
TX-01862,PO-99173,CA01,PO01,PG2,NB,2025-01-04,100032,S032,Endress+Hauser,NX30,Cory,SL02,MAT-10052,Instrumentation,Control valve,13.26,12093.07,160354.11,CAD,1,21,2025-01-25,2025-01-25,GR5000615,On Time,0
TX-02106,PO-86881,CA01,PO01,PG2,NB,2025-03-24,100032,S032,Endress+Hauser,NX10,Allan,SL02,MAT-10046,Instrumentation,Pressure transmitter,11.07,9559.33,105821.78,CAD,1,21,2025-04-14,2025-04-14,GR5000616,On Time,0
TX-01650,PO-31349,CA01,PO01,PG3,NB,2025-11-03,100007,S007,Brenntag Canada,NX10,Allan,SL03,MAT-10015,Chemicals,Sodium hydroxide 50%,18.35,8914.61,163583.09,CAD,1,8,2025-11-11,2025-11-13,GR5000617,Late,2
TX-02054,PO-22780,CA01,PO01,PG4,NB,2025-07-15,100039,S039,Sealed Air Canada,NX30,Cory,SL04,MAT-10043,Packaging,Stretch film,28.3,395.45,11191.24,CAD,1,8,2025-07-23,2025-07-23,GR5000618,On Time,0
TX-00640,PO-57214,CA01,PO01,PG2,NB,2023-01-18,100031,S031,Precision Instruments,NX60,Rocanville,SL02,MAT-10025,Instrumentation,Analyzer calibration,2.27,19170.08,43516.08,CAD,0,14,2023-02-01,2023-02-01,GR5000619,On Time,0
TX-01292,PO-53920,CA01,PO01,PG1,NB,2025-02-05,100001,S001,Prairie Industrial Supply,NX10,Allan,SL01,MAT-10026,MRO,Hose assembly,16.97,2359.39,40038.85,CAD,1,7,2025-02-12,2025-02-12,GR5000620,On Time,0
TX-00774,PO-85990,CA01,PO01,PG5,UB,2025-11-20,100016,S016,Nutrien Logistics,NX60,Rocanville,SL05,MAT-10039,Logistics,Flatbed transport,3.21,8154.39,26175.59,CAD,0,2,2025-11-22,2025-11-22,GR5000621,On Time,0
TX-02126,PO-14000,CA01,PO01,PG1,NB,2023-11-14,100005,S005,Motion Industries,NX60,Rocanville,SL01,MAT-10012,MRO,Coupling set,8.56,573.84,4912.07,CAD,1,6,2023-11-20,2023-11-20,GR5000622,On Time,0
TX-01511,PO-51546,CA01,PO01,PG4,NB,2025-02-28,100039,S039,Sealed Air Canada,NX50,Redwater,SL04,MAT-10045,Packaging,Label stock,35.6,761.58,27112.25,CAD,1,8,2025-03-08,2025-03-08,GR5000623,On Time,0
TX-01247,PO-26401,CA01,PO01,PG2,NB,2023-11-18,100032,S032,Endress+Hauser,NX60,Rocanville,SL02,MAT-10018,Instrumentation,Temperature probe,6.16,3660.51,22548.74,CAD,1,21,2023-12-09,2023-12-09,GR5000624,On Time,0
TX-02071,PO-22879,CA01,PO01,PG2,NB,2023-06-16,100034,S034,ABB Canada,NX50,Redwater,SL02,MAT-10033,Electrical,Transformer,2.57,3018.25,7756.9,CAD,1,12,2023-06-28,2023-06-28,GR5000625,On Time,0
TX-00967,PO-65690,CA01,PO01,PG3,NB,2025-05-21,100026,S026,Sask Chemical Corp,NX10,Allan,SL03,MAT-10042,Agri-Chemicals,Urea 46-0-0,16.74,1022.8,17121.67,CAD,1,6,2025-05-27,2025-05-27,GR5000626,On Time,0
TX-01040,PO-86543,CA01,PO01,PG2,NB,2025-10-10,100006,S006,HD Supply,NX70,Aurora,SL02,MAT-10014,Electrical,Conduit kit,10.0,8801.56,88015.6,CAD,1,10,2025-10-20,2025-10-20,GR5000627,On Time,0
TX-00672,PO-85771,CA01,PO01,PG5,UB,2024-12-15,100017,S017,Canadian Freightways,NX20,Vanscoy,SL05,MAT-10038,Logistics,Rail freight,1.7,6903.72,11736.32,CAD,1,3,2024-12-18,2024-12-18,GR5000628,On Time,0
TX-02315,PO-48445,CA01,PO01,PG2,NB,2025-12-22,100032,S032,Endress+Hauser,NX30,Cory,SL02,MAT-10046,Instrumentation,Pressure transmitter,19.45,7380.12,143543.33,CAD,1,21,2026-01-12,2026-01-12,GR5000629,On Time,0
TX-01031,PO-32843,CA01,PO01,PG2,NB,2024-02-12,100033,S033,Siemens Canada,NX20,Vanscoy,SL02,MAT-10050,Electrical,Junction box,4.76,2777.37,13220.28,CAD,1,10,2024-02-22,2024-02-23,GR5000630,Late,1
TX-01660,PO-28919,CA01,PO01,PG2,NB,2023-02-22,100033,S033,Siemens Canada,NX50,Redwater,SL02,MAT-10023,Electrical,Motor starter,7.3,13354.54,97488.14,CAD,1,10,2023-03-04,2023-03-04,GR5000631,On Time,0
TX-01232,PO-61196,CA01,PO01,PG3,NB,2023-11-01,100007,S007,Brenntag Canada,NX50,Redwater,SL03,MAT-10031,Chemicals,Hydrochloric acid,15.78,2441.8,38531.6,CAD,1,8,2023-11-09,2023-11-16,GR5000632,Late,7
TX-00230,PO-94058,CA01,PO01,PG1,NB,2023-08-08,100001,S001,Prairie Industrial Supply,NX30,Cory,SL01,MAT-10006,MRO,Gear oil,18.64,1540.94,28723.12,CAD,1,7,2023-08-15,2023-08-15,GR5000633,On Time,0
TX-00548,PO-47487,CA01,PO01,PG3,NB,2024-02-18,100030,S030,DuPont Canada,NX20,Vanscoy,SL03,MAT-10030,Agri-Chemicals,Micronutrient blend,17.16,7473.76,128249.72,CAD,1,7,2024-02-25,2024-02-25,GR5000634,On Time,0
TX-00844,PO-21141,CA01,PO01,PG5,UB,2025-10-03,100016,S016,Nutrien Logistics,NX70,Aurora,SL05,MAT-10038,Logistics,Rail freight,13.77,3877.65,53395.24,CAD,0,2,2025-10-05,2025-10-05,GR5000635,On Time,0
TX-02262,PO-68565,CA01,PO01,PG1,NB,2025-06-10,100001,S001,Prairie Industrial Supply,NX40,Patience Lake,SL01,MAT-10026,MRO,Hose assembly,4.45,2416.03,10751.33,CAD,1,7,2025-06-17,2025-06-17,GR5000636,On Time,0
TX-00045,PO-12671,CA01,PO01,PG4,NB,2023-03-24,100029,S029,3M Canada,NX20,Vanscoy,SL04,MAT-10049,Safety,Safety glasses,38.0,380.85,14472.3,CAD,1,5,2023-03-29,2023-03-29,GR5000637,On Time,0
TX-01580,PO-57602,CA01,PO01,PG4,NB,2024-03-21,100039,S039,Sealed Air Canada,NX50,Redwater,SL04,MAT-10047,Packaging,Corrugated box,21.5,1230.56,26457.04,CAD,1,8,2024-03-29,2024-03-29,GR5000638,On Time,0
TX-00552,PO-62947,CA01,PO01,PG2,NB,2024-07-20,100033,S033,Siemens Canada,NX30,Cory,SL02,MAT-10018,Instrumentation,Temperature probe,5.3,24131.84,127898.75,CAD,1,10,2024-07-30,2024-07-30,GR5000639,On Time,0
TX-01699,PO-93205,CA01,PO01,PG2,NB,2024-07-20,100035,S035,Rockwell Automation,NX10,Allan,SL02,MAT-10036,Electrical,Control panel,9.47,907.43,8593.36,CAD,1,14,2024-08-03,2024-08-03,GR5000640,On Time,0
TX-00110,PO-80804,CA01,PO01,PG3,NB,2023-10-05,100008,S008,Univar Solutions,NX40,Patience Lake,SL03,MAT-10003,Chemicals,Sulfuric acid,8.38,4955.33,41525.67,CAD,1,9,2023-10-14,2023-10-14,GR5000641,On Time,0
TX-01014,PO-88638,CA01,PO01,PG2,NB,2024-11-14,100033,S033,Siemens Canada,NX50,Redwater,SL02,MAT-10023,Electrical,Motor starter,10.87,3703.81,40260.41,CAD,1,10,2024-11-24,2024-11-24,GR5000642,On Time,0
TX-01621,PO-96847,CA01,PO01,PG2,NB,2025-03-22,100034,S034,ABB Canada,NX10,Allan,SL02,MAT-10019,Electrical,LED fixture,15.93,12814.89,204141.2,CAD,1,12,2025-04-03,2025-04-03,GR5000643,On Time,0
TX-01732,PO-68711,CA01,PO01,PG5,UB,2025-07-20,100037,S037,Purolator,NX30,Cory,SL05,MAT-10040,Logistics,LTL shipment,18.64,4609.85,85927.6,CAD,1,1,2025-07-21,2025-07-21,GR5000644,On Time,0
TX-01219,PO-33646,CA01,PO01,PG5,UB,2023-12-27,100036,S036,Canpar Courier,NX10,Allan,SL05,MAT-10038,Logistics,Rail freight,4.59,4178.89,19181.11,CAD,1,1,2023-12-28,2023-12-28,GR5000645,On Time,0
TX-01188,PO-27225,CA01,PO01,PG5,UB,2025-03-29,100018,S018,TransWest Shipping,NX50,Redwater,SL05,MAT-10040,Logistics,LTL shipment,10.54,8459.13,89159.23,CAD,0,4,2025-04-02,2025-04-06,GR5000646,Late,4
TX-01455,PO-15496,CA01,PO01,PG4,NB,2025-02-25,100039,S039,Sealed Air Canada,NX30,Cory,SL04,MAT-10013,Packaging,Pallet wrap,16.6,422.56,7014.5,CAD,1,8,2025-03-05,2025-03-05,GR5000647,On Time,0
TX-01264,PO-67780,CA01,PO01,PG2,NB,2025-04-17,100035,S035,Rockwell Automation,NX60,Rocanville,SL02,MAT-10041,Electrical,Cable tray,17.28,13773.67,238009.02,CAD,1,14,2025-05-01,2025-05-01,GR5000648,On Time,0
TX-00720,PO-89223,CA01,PO01,PG3,NB,2023-06-23,100030,S030,DuPont Canada,NX10,Allan,SL03,MAT-10037,Agri-Chemicals,Potassium chloride,3.61,6525.16,23555.83,CAD,1,7,2023-06-30,2023-06-30,GR5000649,On Time,0
TX-00914,PO-96447,CA01,PO01,PG2,NB,2024-10-24,100033,S033,Siemens Canada,NX50,Redwater,SL02,MAT-10033,Electrical,Transformer,3.92,1399.74,5486.98,CAD,1,10,2024-11-03,2024-11-08,GR5000650,Late,5
TX-00344,PO-36633,CA01,PO01,PG4,NB,2023-11-09,100038,S038,Prairie Packaging,NX70,Aurora,SL04,MAT-10045,Packaging,Label stock,14.6,675.02,9855.29,CAD,1,5,2023-11-14,2023-11-14,GR5000651,On Time,0
TX-01253,PO-11111,CA01,PO01,PG1,NB,2025-09-17,100005,S005,Motion Industries,NX50,Redwater,SL01,MAT-10016,MRO,Filter element,1.87,1449.88,2711.28,CAD,1,6,2025-09-23,2025-09-23,GR5000652,On Time,0
TX-01690,PO-46726,CA01,PO01,PG4,NB,2025-06-04,100029,S029,3M Canada,NX60,Rocanville,SL04,MAT-10004,Safety,First aid kit,21.7,262.46,5695.38,CAD,1,5,2025-06-09,2025-06-09,GR5000653,On Time,0
TX-02065,PO-76639,CA01,PO01,PG5,UB,2024-01-04,100016,S016,Nutrien Logistics,NX40,Patience Lake,SL05,MAT-10028,Logistics,Inbound freight,11.24,2437.39,27396.26,CAD,0,2,2024-01-06,2024-01-12,GR5000654,Late,6
TX-01172,PO-31641,CA01,PO01,PG2,NB,2023-06-12,100033,S033,Siemens Canada,NX70,Aurora,SL02,MAT-10023,Electrical,Motor starter,2.46,3752.54,9231.25,CAD,1,10,2023-06-22,2023-06-22,GR5000655,On Time,0
TX-02302,PO-35329,CA01,PO01,PG3,NB,2023-09-13,100027,S027,Western Agri-Chem,NX30,Cory,SL03,MAT-10042,Agri-Chemicals,Urea 46-0-0,12.71,3659.77,46515.68,CAD,1,8,2023-09-21,2023-09-21,GR5000656,On Time,0
TX-01342,PO-25097,CA01,PO01,PG4,NB,2023-04-13,100038,S038,Prairie Packaging,NX70,Aurora,SL04,MAT-10013,Packaging,Pallet wrap,32.7,1921.23,62824.22,CAD,1,5,2023-04-18,2023-04-18,GR5000657,On Time,0
TX-02314,PO-87872,CA01,PO01,PG2,NB,2023-04-25,100033,S033,Siemens Canada,NX30,Cory,SL02,MAT-10046,Instrumentation,Pressure transmitter,8.2,1680.44,13779.61,CAD,1,10,2023-05-05,2023-05-02,GR5000658,On Time,0
TX-01871,PO-96715,CA01,PO01,PG3,NB,2025-07-15,100007,S007,Brenntag Canada,NX30,Cory,SL03,MAT-10027,Chemicals,Defoamer,19.07,5525.48,105370.9,CAD,1,8,2025-07-23,2025-07-23,GR5000659,On Time,0
TX-01006,PO-78561,CA01,PO01,PG5,UB,2023-09-20,100016,S016,Nutrien Logistics,NX40,Patience Lake,SL05,MAT-10022,Logistics,Outbound freight,15.17,1667.32,25293.24,CAD,0,2,2023-09-22,2023-09-22,GR5000660,On Time,0
TX-00697,PO-11999,CA01,PO01,PG2,NB,2023-08-29,100006,S006,HD Supply,NX70,Aurora,SL02,MAT-10023,Electrical,Motor starter,6.18,2530.94,15641.21,CAD,1,10,2023-09-08,2023-09-08,GR5000661,On Time,0
TX-00475,PO-16366,CA01,PO01,PG3,NB,2025-10-29,100030,S030,DuPont Canada,NX70,Aurora,SL03,MAT-10030,Agri-Chemicals,Micronutrient blend,3.56,4191.1,14920.32,CAD,1,7,2025-11-05,2025-11-05,GR5000662,On Time,0
TX-01808,PO-96739,CA01,PO01,PG2,NB,2023-11-02,100006,S006,HD Supply,NX50,Redwater,SL02,MAT-10033,Electrical,Transformer,8.59,406.46,3491.49,CAD,1,10,2023-11-12,2023-11-12,GR5000663,On Time,0
TX-00447,PO-81733,CA01,PO01,PG3,NB,2023-02-10,100028,S028,BioAgra Solutions,NX50,Redwater,SL03,MAT-10015,Chemicals,Sodium hydroxide 50%,1.92,2329.81,4473.24,CAD,0,10,2023-02-20,2023-02-20,GR5000664,On Time,0
TX-00902,PO-10702,CA01,PO01,PG1,NB,2024-04-25,100001,S001,Prairie Industrial Supply,NX30,Cory,SL01,MAT-10005,MRO,Bearing assembly,9.95,1626.64,16185.07,CAD,1,7,2024-05-02,2024-05-02,GR5000665,On Time,0
TX-01028,PO-41328,CA01,PO01,PG3,NB,2024-04-01,100027,S027,Western Agri-Chem,NX20,Vanscoy,SL03,MAT-10032,Agri-Chemicals,Anhydrous ammonia,14.17,3945.68,55910.29,CAD,1,8,2024-04-09,2024-04-09,GR5000666,On Time,0
TX-00939,PO-94696,CA01,PO01,PG3,NB,2025-05-04,100009,S009,Chemtrade Logistics,NX70,Aurora,SL03,MAT-10007,Chemicals,Corrosion inhibitor,17.89,2109.74,37743.25,CAD,1,5,2025-05-09,2025-05-09,GR5000667,On Time,0
TX-DUP-014,PO-32313,CA01,PO01,PG5,UB,2024-04-11,100018,S018,TransWest Shipping,NX40,Patience Lake,SL05,MAT-10029,Logistics,Expedited shipping,19.82,3544.71,70256.15,CAD,0,4,2024-04-15,2024-04-15,GR5000668,On Time,0
TX-01487,PO-63258,CA01,PO01,PG3,NB,2025-08-23,100009,S009,Chemtrade Logistics,NX70,Aurora,SL03,MAT-10031,Chemicals,Hydrochloric acid,8.16,5610.79,45784.05,CAD,1,5,2025-08-28,2025-08-26,GR5000669,On Time,0
TX-01912,PO-88023,CA01,PO01,PG2,NB,2024-06-28,100034,S034,ABB Canada,NX10,Allan,SL02,MAT-10018,Instrumentation,Temperature probe,1.97,11551.12,22755.71,CAD,1,12,2024-07-10,2024-07-10,GR5000670,On Time,0
TX-00156,PO-76543,CA01,PO01,PG3,NB,2023-10-09,100027,S027,Western Agri-Chem,NX10,Allan,SL03,MAT-10042,Agri-Chemicals,Urea 46-0-0,3.94,2648.02,10433.2,CAD,1,8,2023-10-17,2023-10-17,GR5000671,On Time,0
TX-DUP-018,PO-88326,CA01,PO01,PG3,NB,2025-06-30,100040,S040,Generic Supplies Inc,NX30,Cory,SL03,MAT-10030,Agri-Chemicals,Micronutrient blend,3.57,8504.39,30360.67,CAD,0,15,2025-07-15,2025-07-15,GR5000672,On Time,0
TX-00224,PO-24316,CA01,PO01,PG4,NB,2024-07-09,100024,S024,Northern Safety,NX50,Redwater,SL04,MAT-10049,Safety,Safety glasses,46.7,284.55,13288.49,CAD,1,2,2024-07-11,2024-07-11,GR5000673,On Time,0
TX-00421,PO-13597,CA01,PO01,PG2,NB,2024-06-13,100035,S035,Rockwell Automation,NX10,Allan,SL02,MAT-10050,Electrical,Junction box,15.23,10394.99,158315.7,CAD,1,14,2024-06-27,2024-06-27,GR5000674,On Time,0
TX-01225,PO-45056,CA01,PO01,PG3,NB,2024-11-10,100027,S027,Western Agri-Chem,NX30,Cory,SL03,MAT-10030,Agri-Chemicals,Micronutrient blend,10.1,2252.95,22754.79,CAD,1,8,2024-11-18,2024-11-18,GR5000675,On Time,0
TX-02160,PO-33651,CA01,PO01,PG5,UB,2023-01-05,100016,S016,Nutrien Logistics,NX30,Cory,SL05,MAT-10022,Logistics,Outbound freight,8.15,1776.14,14475.54,CAD,0,2,2023-01-07,2023-01-10,GR5000676,Late,3
TX-02048,PO-67839,CA01,PO01,PG3,NB,2023-05-29,100030,S030,DuPont Canada,NX40,Patience Lake,SL03,MAT-10030,Agri-Chemicals,Micronutrient blend,2.95,7922.29,23370.76,CAD,1,7,2023-06-05,2023-06-05,GR5000677,On Time,0
TX-01836,PO-28045,CA01,PO01,PG1,NB,2024-04-06,100040,S040,Generic Supplies Inc,NX50,Redwater,SL01,MAT-10001,MRO,Valve repair parts,10.1,269.31,2720.03,CAD,0,15,2024-04-21,2024-04-21,GR5000678,On Time,0
TX-00607,PO-10094,CA01,PO01,PG5,UB,2023-11-14,100016,S016,Nutrien Logistics,NX40,Patience Lake,SL05,MAT-10040,Logistics,LTL shipment,9.54,7429.24,70874.95,CAD,0,2,2023-11-16,2023-11-16,GR5000679,On Time,0
TX-00809,PO-68454,CA01,PO01,PG5,UB,2024-09-22,100037,S037,Purolator,NX20,Vanscoy,SL05,MAT-10022,Logistics,Outbound freight,1.47,5131.41,7543.17,CAD,1,1,2024-09-23,2024-09-23,GR5000680,On Time,0
TX-01106,PO-89355,CA01,PO01,PG1,NB,2023-02-27,100003,S003,Grainger Canada,NX70,Aurora,SL01,MAT-10016,MRO,Filter element,14.25,2921.73,41634.65,CAD,1,3,2023-03-02,2023-03-02,GR5000681,On Time,0
TX-00587,PO-58974,CA01,PO01,PG3,NB,2025-05-31,100028,S028,BioAgra Solutions,NX20,Vanscoy,SL03,MAT-10030,Agri-Chemicals,Micronutrient blend,16.16,5607.58,90618.49,CAD,0,10,2025-06-10,2025-06-10,GR5000682,On Time,0
TX-01498,PO-90622,CA01,PO01,PG2,NB,2024-08-25,100031,S031,Precision Instruments,NX60,Rocanville,SL02,MAT-10009,Instrumentation,Level sensor,14.68,24381.17,357915.58,CAD,0,14,2024-09-08,2024-09-08,GR5000683,On Time,0
TX-01177,PO-65407,CA01,PO01,PG4,NB,2025-01-21,100024,S024,Northern Safety,NX20,Vanscoy,SL04,MAT-10048,Safety,Hard hat,42.1,215.2,9059.92,CAD,1,2,2025-01-23,2025-01-23,GR5000684,On Time,0
TX-02301,PO-49595,CA01,PO01,PG3,NB,2023-02-14,100026,S026,Sask Chemical Corp,NX30,Cory,SL03,MAT-10027,Chemicals,Defoamer,18.29,4835.54,88442.03,CAD,1,6,2023-02-20,2023-02-20,GR5000685,On Time,0
TX-01733,PO-74325,CA01,PO01,PG3,NB,2023-05-15,100028,S028,BioAgra Solutions,NX40,Patience Lake,SL03,MAT-10021,Chemicals,Process chemical,7.43,5369.49,39895.31,CAD,0,10,2023-05-25,2023-05-25,GR5000686,On Time,0
TX-02027,PO-87429,CA01,PO01,PG3,NB,2024-06-06,100028,S028,BioAgra Solutions,NX60,Rocanville,SL03,MAT-10011,Chemicals,Scale inhibitor,13.32,7320.19,97504.93,CAD,0,10,2024-06-16,2024-06-23,GR5000687,Late,7
TX-01294,PO-32769,CA01,PO01,PG4,NB,2025-05-28,100038,S038,Prairie Packaging,NX50,Redwater,SL04,MAT-10043,Packaging,Stretch film,7.3,1301.65,9502.05,CAD,1,5,2025-06-02,2025-05-30,GR5000688,On Time,0
TX-00086,PO-59441,CA01,PO01,PG3,NB,2025-09-18,100027,S027,Western Agri-Chem,NX60,Rocanville,SL03,MAT-10030,Agri-Chemicals,Micronutrient blend,7.56,4594.57,34734.95,CAD,1,8,2025-09-26,2025-09-30,GR5000689,Late,4
TX-00556,PO-77699,CA01,PO01,PG2,NB,2024-03-27,100031,S031,Precision Instruments,NX60,Rocanville,SL02,MAT-10009,Instrumentation,Level sensor,13.86,7608.2,105449.65,CAD,0,14,2024-04-10,2024-04-10,GR5000690,On Time,0
TX-01123,PO-52667,CA01,PO01,PG4,NB,2024-10-21,100038,S038,Prairie Packaging,NX20,Vanscoy,SL04,MAT-10034,Packaging,Bulk bags,1.8,771.59,1388.86,CAD,1,5,2024-10-26,2024-10-26,GR5000691,On Time,0
TX-01881,PO-36099,CA01,PO01,PG5,UB,2024-11-09,100016,S016,Nutrien Logistics,NX30,Cory,SL05,MAT-10028,Logistics,Inbound freight,9.11,6486.28,59090.01,CAD,0,2,2024-11-11,2024-11-11,GR5000692,On Time,0
TX-00083,PO-28958,CA01,PO01,PG2,NB,2025-09-15,100033,S033,Siemens Canada,NX60,Rocanville,SL02,MAT-10052,Instrumentation,Control valve,19.62,7227.68,141807.08,CAD,1,10,2025-09-25,2025-09-25,GR5000693,On Time,0
TX-01750,PO-25650,CA01,PO01,PG4,NB,2024-08-09,100039,S039,Sealed Air Canada,NX40,Patience Lake,SL04,MAT-10034,Packaging,Bulk bags,15.0,1174.61,17619.15,CAD,1,8,2024-08-17,2024-08-17,GR5000694,On Time,0
TX-02028,PO-25725,CA01,PO01,PG4,NB,2023-09-20,100029,S029,3M Canada,NX30,Cory,SL04,MAT-10010,Safety,Hearing protection,29.3,329.49,9654.06,CAD,1,5,2023-09-25,2023-09-25,GR5000695,On Time,0
TX-00880,PO-51482,CA01,PO01,PG4,NB,2023-04-25,100039,S039,Sealed Air Canada,NX50,Redwater,SL04,MAT-10034,Packaging,Bulk bags,25.0,799.43,19985.75,CAD,1,8,2023-05-03,2023-05-03,GR5000696,On Time,0
TX-00581,PO-26569,CA01,PO01,PG5,UB,2025-03-09,100016,S016,Nutrien Logistics,NX70,Aurora,SL05,MAT-10038,Logistics,Rail freight,6.88,2590.76,17824.43,CAD,0,2,2025-03-11,2025-03-11,GR5000697,On Time,0
TX-02364,PO-23182,CA01,PO01,PG3,NB,2024-04-05,100028,S028,BioAgra Solutions,NX20,Vanscoy,SL03,MAT-10027,Chemicals,Defoamer,19.75,908.77,17948.21,CAD,0,10,2024-04-15,2024-04-19,GR5000698,Late,4
TX-02041,PO-85289,CA01,PO01,PG4,NB,2024-05-15,100025,S025,Direct Safety,NX30,Cory,SL04,MAT-10010,Safety,Hearing protection,38.1,306.59,11681.08,CAD,0,7,2024-05-22,2024-05-26,GR5000699,Late,4
TX-01625,PO-36504,CA01,PO01,PG1,NB,2023-10-14,100004,S004,Fastenal Canada,NX30,Cory,SL01,MAT-10005,MRO,Bearing assembly,19.52,3463.37,67604.98,CAD,1,4,2023-10-18,2023-10-18,GR5000700,On Time,0
TX-01867,PO-39597,CA01,PO01,PG4,NB,2024-12-20,100038,S038,Prairie Packaging,NX40,Patience Lake,SL04,MAT-10034,Packaging,Bulk bags,37.7,1400.58,52801.87,CAD,1,5,2024-12-25,2024-12-22,GR5000701,On Time,0
TX-01331,PO-56269,CA01,PO01,PG2,NB,2023-07-08,100006,S006,HD Supply,NX10,Allan,SL02,MAT-10023,Electrical,Motor starter,6.01,4584.27,27551.46,CAD,1,10,2023-07-18,2023-07-18,GR5000702,On Time,0
TX-01081,PO-23878,CA01,PO01,PG4,NB,2025-03-20,100029,S029,3M Canada,NX10,Allan,SL04,MAT-10049,Safety,Safety glasses,47.0,65.91,3097.77,CAD,1,5,2025-03-25,2025-03-25,GR5000703,On Time,0
TX-02322,PO-31006,CA01,PO01,PG2,NB,2023-04-20,100035,S035,Rockwell Automation,NX10,Allan,SL02,MAT-10036,Electrical,Control panel,1.17,13992.35,16371.05,CAD,1,14,2023-05-04,2023-05-04,GR5000704,On Time,0
TX-02371,PO-84925,CA01,PO01,PG3,NB,2024-01-18,100040,S040,Generic Supplies Inc,NX40,Patience Lake,SL03,MAT-10042,Agri-Chemicals,Urea 46-0-0,8.22,2931.65,24098.16,CAD,0,15,2024-02-02,2024-02-02,GR5000705,On Time,0
TX-01945,PO-38255,CA01,PO01,PG4,NB,2025-02-04,100039,S039,Sealed Air Canada,NX30,Cory,SL04,MAT-10034,Packaging,Bulk bags,2.2,1015.47,2234.03,CAD,1,8,2025-02-12,2025-02-12,GR5000706,On Time,0
TX-DUP-023,PO-48070,CA01,PO01,PG2,NB,2025-02-16,100031,S031,Precision Instruments,NX40,Patience Lake,SL02,MAT-10002,Instrumentation,Flow meter,18.02,11893.46,214320.15,CAD,0,14,2025-03-02,2025-03-02,GR5000707,On Time,0
TX-00425,PO-71171,CA01,PO01,PG2,NB,2025-02-10,100033,S033,Siemens Canada,NX60,Rocanville,SL02,MAT-10002,Instrumentation,Flow meter,17.18,12286.45,211081.21,CAD,1,10,2025-02-20,2025-02-20,GR5000708,On Time,0
TX-00869,PO-92150,CA01,PO01,PG3,NB,2025-12-27,100028,S028,BioAgra Solutions,NX70,Aurora,SL03,MAT-10030,Agri-Chemicals,Micronutrient blend,16.37,7868.38,128805.38,CAD,0,10,2026-01-06,2026-01-06,GR5000709,On Time,0
TX-00799,PO-63961,CA01,PO01,PG4,NB,2024-04-20,100024,S024,Northern Safety,NX20,Vanscoy,SL04,MAT-10008,Safety,FR coveralls,41.9,217.46,9111.57,CAD,1,2,2024-04-22,2024-04-28,GR5000710,Late,6
TX-01350,PO-39922,CA01,PO01,PG3,NB,2023-02-05,100007,S007,Brenntag Canada,NX50,Redwater,SL03,MAT-10021,Chemicals,Process chemical,11.78,11892.63,140095.18,CAD,1,8,2023-02-13,2023-02-13,GR5000711,On Time,0
TX-02033,PO-96809,CA01,PO01,PG4,NB,2024-02-28,100029,S029,3M Canada,NX10,Allan,SL04,MAT-10020,Safety,Safety harness,20.1,91.44,1837.94,CAD,1,5,2024-03-04,2024-03-04,GR5000712,On Time,0
TX-01319,PO-69347,CA01,PO01,PG1,NB,2023-04-06,100004,S004,Fastenal Canada,NX60,Rocanville,SL01,MAT-10044,MRO,Pump seal kit,19.81,1924.51,38124.54,CAD,1,4,2023-04-10,2023-04-10,GR5000713,On Time,0
TX-00650,PO-13864,CA01,PO01,PG3,NB,2023-08-31,100027,S027,Western Agri-Chem,NX40,Patience Lake,SL03,MAT-10031,Chemicals,Hydrochloric acid,4.5,10202.65,45911.92,CAD,1,8,2023-09-08,2023-09-08,GR5000714,On Time,0
TX-00988,PO-25083,CA01,PO01,PG4,NB,2024-04-29,100024,S024,Northern Safety,NX50,Redwater,SL04,MAT-10051,Safety,Gloves — cut-resistant,25.2,305.91,7708.93,CAD,1,2,2024-05-01,2024-05-01,GR5000715,On Time,0
TX-01640,PO-95254,CA01,PO01,PG3,NB,2024-07-21,100028,S028,BioAgra Solutions,NX60,Rocanville,SL03,MAT-10031,Chemicals,Hydrochloric acid,9.85,12370.64,121850.8,CAD,0,10,2024-07-31,2024-07-31,GR5000716,On Time,0
TX-01839,PO-62059,CA01,PO01,PG1,NB,2023-06-15,100003,S003,Grainger Canada,NX70,Aurora,SL01,MAT-10001,MRO,Valve repair parts,12.05,1688.13,20341.97,CAD,1,3,2023-06-18,2023-06-17,GR5000717,On Time,0
TX-01741,PO-99277,CA01,PO01,PG1,NB,2025-06-07,100040,S040,Generic Supplies Inc,NX50,Redwater,SL01,MAT-10026,MRO,Hose assembly,15.03,2601.99,39107.91,CAD,0,15,2025-06-22,2025-06-22,GR5000718,On Time,0
TX-00639,PO-36305,CA01,PO01,PG1,NB,2025-12-14,100004,S004,Fastenal Canada,NX40,Patience Lake,SL01,MAT-10016,MRO,Filter element,1.83,807.92,1478.49,CAD,1,4,2025-12-18,2025-12-18,GR5000719,On Time,0
TX-02367,PO-66813,CA01,PO01,PG4,NB,2025-07-29,100038,S038,Prairie Packaging,NX60,Rocanville,SL04,MAT-10045,Packaging,Label stock,39.5,1093.67,43199.97,CAD,1,5,2025-08-03,2025-08-03,GR5000720,On Time,0
TX-00509,PO-70458,CA01,PO01,PG4,NB,2023-04-22,100024,S024,Northern Safety,NX10,Allan,SL04,MAT-10010,Safety,Hearing protection,42.7,374.3,15982.61,CAD,1,2,2023-04-24,2023-04-24,GR5000721,On Time,0
TX-00459,PO-90127,CA01,PO01,PG3,NB,2025-09-15,100026,S026,Sask Chemical Corp,NX40,Patience Lake,SL03,MAT-10031,Chemicals,Hydrochloric acid,16.24,8398.0,136383.52,CAD,1,6,2025-09-21,2025-09-21,GR5000722,On Time,0
TX-00699,PO-16648,CA01,PO01,PG4,NB,2024-09-29,100024,S024,Northern Safety,NX20,Vanscoy,SL04,MAT-10051,Safety,Gloves — cut-resistant,31.0,148.72,4610.32,CAD,1,2,2024-10-01,2024-10-01,GR5000723,On Time,0
TX-00195,PO-30210,CA01,PO01,PG5,UB,2025-12-28,100018,S018,TransWest Shipping,NX40,Patience Lake,SL05,MAT-10039,Logistics,Flatbed transport,2.78,5951.87,16546.2,CAD,0,4,2026-01-01,2026-01-01,GR5000724,On Time,0
TX-01751,PO-71467,CA01,PO01,PG4,NB,2025-10-16,100038,S038,Prairie Packaging,NX20,Vanscoy,SL04,MAT-10034,Packaging,Bulk bags,10.8,1074.99,11609.89,CAD,1,5,2025-10-21,2025-10-21,GR5000725,On Time,0
TX-02056,PO-91087,CA01,PO01,PG4,NB,2024-08-27,100024,S024,Northern Safety,NX10,Allan,SL04,MAT-10049,Safety,Safety glasses,23.6,271.43,6405.75,CAD,1,2,2024-08-29,2024-09-01,GR5000726,Late,3
TX-00074,PO-85529,CA01,PO01,PG1,NB,2023-02-12,100001,S001,Prairie Industrial Supply,NX10,Allan,SL01,MAT-10016,MRO,Filter element,19.99,3041.65,60802.58,CAD,1,7,2023-02-19,2023-02-24,GR5000727,Late,5
TX-02392,PO-19269,CA01,PO01,PG5,UB,2024-09-28,100036,S036,Canpar Courier,NX10,Allan,SL05,MAT-10038,Logistics,Rail freight,16.41,1119.82,18376.25,CAD,1,1,2024-09-29,2024-09-29,GR5000728,On Time,0
TX-01414,PO-48362,CA01,PO01,PG3,NB,2024-03-27,100028,S028,BioAgra Solutions,NX50,Redwater,SL03,MAT-10030,Agri-Chemicals,Micronutrient blend,9.43,2986.08,28158.73,CAD,0,10,2024-04-06,2024-04-06,GR5000729,On Time,0
TX-02030,PO-37551,CA01,PO01,PG4,NB,2024-07-20,100038,S038,Prairie Packaging,NX10,Allan,SL04,MAT-10043,Packaging,Stretch film,48.0,1183.18,56792.64,CAD,1,5,2024-07-25,2024-07-25,GR5000730,On Time,0
TX-02034,PO-18048,CA01,PO01,PG4,NB,2024-07-14,100025,S025,Direct Safety,NX60,Rocanville,SL04,MAT-10049,Safety,Safety glasses,22.4,128.58,2880.19,CAD,0,7,2024-07-21,2024-07-21,GR5000731,On Time,0
TX-01885,PO-93208,CA01,PO01,PG1,NB,2025-01-20,100004,S004,Fastenal Canada,NX60,Rocanville,SL01,MAT-10026,MRO,Hose assembly,16.09,1963.38,31590.78,CAD,1,4,2025-01-24,2025-01-24,GR5000732,On Time,0
TX-02146,PO-36557,CA01,PO01,PG3,NB,2023-09-29,100027,S027,Western Agri-Chem,NX20,Vanscoy,SL03,MAT-10032,Agri-Chemicals,Anhydrous ammonia,19.13,2787.92,53332.91,CAD,1,8,2023-10-07,2023-10-07,GR5000733,On Time,0
TX-01566,PO-77376,CA01,PO01,PG3,NB,2024-01-28,100026,S026,Sask Chemical Corp,NX20,Vanscoy,SL03,MAT-10007,Chemicals,Corrosion inhibitor,11.85,11943.09,141525.62,CAD,1,6,2024-02-03,2024-02-07,GR5000734,Late,4
TX-01424,PO-41224,CA01,PO01,PG2,NB,2025-11-28,100034,S034,ABB Canada,NX60,Rocanville,SL02,MAT-10018,Instrumentation,Temperature probe,5.94,24067.17,142958.99,CAD,1,12,2025-12-10,2025-12-10,GR5000735,On Time,0
TX-00171,PO-43246,CA01,PO01,PG1,NB,2025-08-20,100004,S004,Fastenal Canada,NX50,Redwater,SL01,MAT-10026,MRO,Hose assembly,1.83,1771.62,3242.06,CAD,1,4,2025-08-24,2025-08-24,GR5000736,On Time,0
TX-01658,PO-57850,CA01,PO01,PG5,UB,2023-11-07,100017,S017,Canadian Freightways,NX40,Patience Lake,SL05,MAT-10022,Logistics,Outbound freight,15.1,6577.4,99318.74,CAD,1,3,2023-11-10,2023-11-10,GR5000737,On Time,0
TX-01069,PO-76330,CA01,PO01,PG3,NB,2024-10-29,100007,S007,Brenntag Canada,NX40,Patience Lake,SL03,MAT-10031,Chemicals,Hydrochloric acid,8.79,2646.2,23260.1,CAD,1,8,2024-11-06,2024-11-06,GR5000738,On Time,0
TX-01285,PO-31319,CA01,PO01,PG2,NB,2025-07-28,100033,S033,Siemens Canada,NX10,Allan,SL02,MAT-10019,Electrical,LED fixture,9.14,2818.05,25756.98,CAD,1,10,2025-08-07,2025-08-07,GR5000739,On Time,0
TX-01467,PO-36027,CA01,PO01,PG4,NB,2023-11-07,100025,S025,Direct Safety,NX60,Rocanville,SL04,MAT-10049,Safety,Safety glasses,24.7,101.56,2508.53,CAD,0,7,2023-11-14,2023-11-14,GR5000740,On Time,0
TX-01948,PO-23275,CA01,PO01,PG4,NB,2025-05-01,100025,S025,Direct Safety,NX10,Allan,SL04,MAT-10020,Safety,Safety harness,48.0,123.45,5925.6,CAD,0,7,2025-05-08,2025-05-08,GR5000741,On Time,0
TX-00595,PO-81197,CA01,PO01,PG2,NB,2023-10-27,100033,S033,Siemens Canada,NX50,Redwater,SL02,MAT-10023,Electrical,Motor starter,2.06,11679.66,24060.1,CAD,1,10,2023-11-06,2023-11-06,GR5000742,On Time,0
TX-00868,PO-37912,CA01,PO01,PG3,NB,2023-02-08,100040,S040,Generic Supplies Inc,NX10,Allan,SL03,MAT-10037,Agri-Chemicals,Potassium chloride,12.93,4725.62,61102.27,CAD,0,15,2023-02-23,2023-02-23,GR5000743,On Time,0
TX-02124,PO-39232,CA01,PO01,PG4,NB,2023-08-10,100024,S024,Northern Safety,NX10,Allan,SL04,MAT-10004,Safety,First aid kit,10.1,316.53,3196.95,CAD,1,2,2023-08-12,2023-08-12,GR5000744,On Time,0
TX-00512,PO-57774,CA01,PO01,PG3,NB,2024-09-18,100030,S030,DuPont Canada,NX30,Cory,SL03,MAT-10030,Agri-Chemicals,Micronutrient blend,14.18,1558.2,22095.28,CAD,1,7,2024-09-25,2024-09-25,GR5000745,On Time,0
TX-01099,PO-88011,CA01,PO01,PG5,UB,2025-02-20,100036,S036,Canpar Courier,NX20,Vanscoy,SL05,MAT-10029,Logistics,Expedited shipping,9.12,1124.25,10253.16,CAD,1,1,2025-02-21,2025-02-21,GR5000746,On Time,0
TX-01851,PO-49590,CA01,PO01,PG2,NB,2023-02-15,100034,S034,ABB Canada,NX70,Aurora,SL02,MAT-10046,Instrumentation,Pressure transmitter,6.65,2322.33,15443.49,CAD,1,12,2023-02-27,2023-02-27,GR5000747,On Time,0
TX-01519,PO-23616,CA01,PO01,PG3,NB,2025-08-27,100030,S030,DuPont Canada,NX10,Allan,SL03,MAT-10030,Agri-Chemicals,Micronutrient blend,15.25,5321.37,81150.89,CAD,1,7,2025-09-03,2025-09-03,GR5000748,On Time,0
TX-00019,PO-53025,CA01,PO01,PG2,NB,2024-04-11,100035,S035,Rockwell Automation,NX50,Redwater,SL02,MAT-10036,Electrical,Control panel,5.24,9968.49,52234.89,CAD,1,14,2024-04-25,2024-04-25,GR5000749,On Time,0
TX-01095,PO-71220,CA01,PO01,PG3,NB,2024-02-23,100008,S008,Univar Solutions,NX40,Patience Lake,SL03,MAT-10003,Chemicals,Sulfuric acid,5.49,1675.44,9198.17,CAD,1,9,2024-03-03,2024-03-03,GR5000750,On Time,0
TX-01990,PO-69826,CA01,PO01,PG4,NB,2023-03-22,100025,S025,Direct Safety,NX50,Redwater,SL04,MAT-10010,Safety,Hearing protection,23.3,327.95,7641.23,CAD,0,7,2023-03-29,2023-03-29,GR5000751,On Time,0
TX-02336,PO-41836,CA01,PO01,PG3,NB,2023-06-23,100040,S040,Generic Supplies Inc,NX70,Aurora,SL03,MAT-10032,Agri-Chemicals,Anhydrous ammonia,9.56,8030.83,76774.73,CAD,0,15,2023-07-08,2023-07-08,GR5000752,On Time,0
TX-00859,PO-50907,CA01,PO01,PG2,NB,2023-04-26,100006,S006,HD Supply,NX30,Cory,SL02,MAT-10014,Electrical,Conduit kit,13.56,3864.69,52405.2,CAD,1,10,2023-05-06,2023-05-04,GR5000753,On Time,0
TX-01989,PO-90276,CA01,PO01,PG5,UB,2025-10-31,100018,S018,TransWest Shipping,NX70,Aurora,SL05,MAT-10039,Logistics,Flatbed transport,6.2,3831.55,23755.61,CAD,0,4,2025-11-04,2025-11-03,GR5000754,On Time,0
TX-01972,PO-98963,CA01,PO01,PG5,UB,2025-08-23,100016,S016,Nutrien Logistics,NX20,Vanscoy,SL05,MAT-10029,Logistics,Expedited shipping,4.37,1724.58,7536.41,CAD,0,2,2025-08-25,2025-08-25,GR5000755,On Time,0
TX-01164,PO-39591,CA01,PO01,PG2,NB,2024-11-14,100033,S033,Siemens Canada,NX30,Cory,SL02,MAT-10033,Electrical,Transformer,15.78,2365.68,37330.43,CAD,1,10,2024-11-24,2024-11-24,GR5000756,On Time,0
TX-02274,PO-52247,CA01,PO01,PG3,NB,2025-09-20,100028,S028,BioAgra Solutions,NX20,Vanscoy,SL03,MAT-10032,Agri-Chemicals,Anhydrous ammonia,10.12,2656.32,26881.96,CAD,0,10,2025-09-30,2025-10-07,GR5000757,Late,7
TX-01393,PO-82937,CA01,PO01,PG2,NB,2025-07-09,100033,S033,Siemens Canada,NX70,Aurora,SL02,MAT-10019,Electrical,LED fixture,8.17,14835.29,121204.32,CAD,1,10,2025-07-19,2025-07-19,GR5000758,On Time,0
TX-01228,PO-56833,CA01,PO01,PG4,NB,2023-12-14,100038,S038,Prairie Packaging,NX60,Rocanville,SL04,MAT-10047,Packaging,Corrugated box,49.5,511.08,25298.46,CAD,1,5,2023-12-19,2023-12-19,GR5000759,On Time,0
TX-00906,PO-77760,CA01,PO01,PG2,NB,2024-06-23,100006,S006,HD Supply,NX30,Cory,SL02,MAT-10050,Electrical,Junction box,12.65,11471.15,145110.05,CAD,1,10,2024-07-03,2024-07-04,GR5000760,Late,1
TX-00200,PO-77499,CA01,PO01,PG2,NB,2024-12-08,100035,S035,Rockwell Automation,NX70,Aurora,SL02,MAT-10050,Electrical,Junction box,19.53,2135.34,41703.19,CAD,1,14,2024-12-22,2024-12-22,GR5000761,On Time,0
TX-01991,PO-72195,CA01,PO01,PG1,NB,2023-02-06,100003,S003,Grainger Canada,NX30,Cory,SL01,MAT-10044,MRO,Pump seal kit,8.74,2840.34,24824.57,CAD,1,3,2023-02-09,2023-02-09,GR5000762,On Time,0
TX-00392,PO-64266,CA01,PO01,PG2,NB,2023-01-03,100031,S031,Precision Instruments,NX70,Aurora,SL02,MAT-10002,Instrumentation,Flow meter,1.91,13088.6,24999.23,CAD,0,14,2023-01-17,2023-01-17,GR5000763,On Time,0
TX-01835,PO-13175,CA01,PO01,PG3,NB,2024-06-18,100027,S027,Western Agri-Chem,NX20,Vanscoy,SL03,MAT-10030,Agri-Chemicals,Micronutrient blend,5.32,829.51,4412.99,CAD,1,8,2024-06-26,2024-06-26,GR5000764,On Time,0
TX-02010,PO-27574,CA01,PO01,PG2,NB,2023-01-16,100035,S035,Rockwell Automation,NX60,Rocanville,SL02,MAT-10023,Electrical,Motor starter,19.42,12957.7,251638.53,CAD,1,14,2023-01-30,2023-01-30,GR5000765,On Time,0
TX-01054,PO-80464,CA01,PO01,PG1,NB,2024-12-27,100004,S004,Fastenal Canada,NX50,Redwater,SL01,MAT-10012,MRO,Coupling set,7.46,1915.21,14287.47,CAD,1,4,2024-12-31,2024-12-29,GR5000766,On Time,0
TX-00702,PO-50683,CA01,PO01,PG3,NB,2023-07-10,100040,S040,Generic Supplies Inc,NX10,Allan,SL03,MAT-10037,Agri-Chemicals,Potassium chloride,16.44,8223.04,135186.78,CAD,0,15,2023-07-25,2023-07-25,GR5000767,On Time,0
TX-01636,PO-17901,CA01,PO01,PG3,NB,2025-05-25,100028,S028,BioAgra Solutions,NX60,Rocanville,SL03,MAT-10007,Chemicals,Corrosion inhibitor,8.53,6767.98,57730.87,CAD,0,10,2025-06-04,2025-06-04,GR5000768,On Time,0
TX-00696,PO-46261,CA01,PO01,PG2,NB,2024-10-01,100031,S031,Precision Instruments,NX40,Patience Lake,SL02,MAT-10009,Instrumentation,Level sensor,13.14,7036.17,92455.27,CAD,0,14,2024-10-15,2024-10-15,GR5000769,On Time,0
TX-01049,PO-86015,CA01,PO01,PG2,NB,2024-09-05,100031,S031,Precision Instruments,NX50,Redwater,SL02,MAT-10018,Instrumentation,Temperature probe,6.36,11090.61,70536.28,CAD,0,14,2024-09-19,2024-09-19,GR5000770,On Time,0
TX-02330,PO-87167,CA01,PO01,PG4,NB,2025-09-07,100029,S029,3M Canada,NX50,Redwater,SL04,MAT-10020,Safety,Safety harness,17.8,183.43,3265.05,CAD,1,5,2025-09-12,2025-09-12,GR5000771,On Time,0
TX-02363,PO-49202,CA01,PO01,PG4,NB,2023-06-01,100039,S039,Sealed Air Canada,NX20,Vanscoy,SL04,MAT-10047,Packaging,Corrugated box,1.6,1322.83,2116.53,CAD,1,8,2023-06-09,2023-06-09,GR5000772,On Time,0
TX-00116,PO-80807,CA01,PO01,PG5,UB,2024-07-21,100037,S037,Purolator,NX20,Vanscoy,SL05,MAT-10022,Logistics,Outbound freight,17.31,1585.16,27439.12,CAD,1,1,2024-07-22,2024-07-19,GR5000773,On Time,0
TX-01654,PO-71782,CA01,PO01,PG2,NB,2024-09-07,100031,S031,Precision Instruments,NX60,Rocanville,SL02,MAT-10018,Instrumentation,Temperature probe,5.36,20235.38,108461.64,CAD,0,14,2024-09-21,2024-09-21,GR5000774,On Time,0
TX-00154,PO-26750,CA01,PO01,PG5,UB,2023-06-23,100037,S037,Purolator,NX70,Aurora,SL05,MAT-10029,Logistics,Expedited shipping,6.88,3325.09,22876.62,CAD,1,1,2023-06-24,2023-06-24,GR5000775,On Time,0
TX-01308,PO-95449,CA01,PO01,PG2,NB,2024-02-13,100033,S033,Siemens Canada,NX60,Rocanville,SL02,MAT-10052,Instrumentation,Control valve,19.11,9691.0,185195.01,CAD,1,10,2024-02-23,2024-02-24,GR5000776,Late,1
TX-00370,PO-21015,CA01,PO01,PG4,NB,2025-03-31,100024,S024,Northern Safety,NX10,Allan,SL04,MAT-10020,Safety,Safety harness,19.2,259.51,4982.59,CAD,1,2,2025-04-02,2025-04-02,GR5000777,On Time,0
TX-00022,PO-60488,CA01,PO01,PG4,NB,2024-10-04,100039,S039,Sealed Air Canada,NX70,Aurora,SL04,MAT-10034,Packaging,Bulk bags,22.4,1969.73,44121.95,CAD,1,8,2024-10-12,2024-10-12,GR5000778,On Time,0
TX-01939,PO-89818,CA01,PO01,PG4,NB,2023-04-10,100038,S038,Prairie Packaging,NX10,Allan,SL04,MAT-10013,Packaging,Pallet wrap,24.0,1705.35,40928.4,CAD,1,5,2023-04-15,2023-04-15,GR5000779,On Time,0
TX-02370,PO-56990,CA01,PO01,PG4,NB,2023-06-28,100024,S024,Northern Safety,NX20,Vanscoy,SL04,MAT-10004,Safety,First aid kit,7.5,354.85,2661.38,CAD,1,2,2023-06-30,2023-06-30,GR5000780,On Time,0
TX-01443,PO-89327,CA01,PO01,PG3,NB,2025-11-01,100009,S009,Chemtrade Logistics,NX40,Patience Lake,SL03,MAT-10011,Chemicals,Scale inhibitor,2.45,4857.73,11901.44,CAD,1,5,2025-11-06,2025-11-06,GR5000781,On Time,0
TX-02000,PO-47850,CA01,PO01,PG2,NB,2025-05-23,100034,S034,ABB Canada,NX10,Allan,SL02,MAT-10046,Instrumentation,Pressure transmitter,4.88,5351.82,26116.88,CAD,1,12,2025-06-04,2025-06-04,GR5000782,On Time,0
TX-01226,PO-64432,CA01,PO01,PG3,NB,2023-04-02,100007,S007,Brenntag Canada,NX50,Redwater,SL03,MAT-10007,Chemicals,Corrosion inhibitor,2.95,4123.47,12164.24,CAD,1,8,2023-04-10,2023-04-07,GR5000783,On Time,0
TX-01252,PO-84029,CA01,PO01,PG4,NB,2023-03-08,100029,S029,3M Canada,NX10,Allan,SL04,MAT-10010,Safety,Hearing protection,12.8,52.31,669.57,CAD,1,5,2023-03-13,2023-03-13,GR5000784,On Time,0
TX-00855,PO-84560,CA01,PO01,PG3,NB,2024-10-01,100030,S030,DuPont Canada,NX10,Allan,SL03,MAT-10042,Agri-Chemicals,Urea 46-0-0,14.6,4104.66,59928.04,CAD,1,7,2024-10-08,2024-10-08,GR5000785,On Time,0
TX-01598,PO-30749,CA01,PO01,PG2,NB,2025-01-29,100031,S031,Precision Instruments,NX10,Allan,SL02,MAT-10025,Instrumentation,Analyzer calibration,11.71,20128.6,235705.91,CAD,0,14,2025-02-12,2025-02-12,GR5000786,On Time,0
TX-01737,PO-52141,CA01,PO01,PG4,NB,2025-02-11,100039,S039,Sealed Air Canada,NX60,Rocanville,SL04,MAT-10034,Packaging,Bulk bags,5.0,125.76,628.8,CAD,1,8,2025-02-19,2025-02-19,GR5000787,On Time,0
TX-01617,PO-71670,CA01,PO01,PG2,NB,2024-01-09,100034,S034,ABB Canada,NX20,Vanscoy,SL02,MAT-10052,Instrumentation,Control valve,10.26,9001.38,92354.16,CAD,1,12,2024-01-21,2024-01-21,GR5000788,On Time,0
TX-00987,PO-16799,CA01,PO01,PG2,NB,2024-10-25,100034,S034,ABB Canada,NX60,Rocanville,SL02,MAT-10023,Electrical,Motor starter,5.9,14135.35,83398.57,CAD,1,12,2024-11-06,2024-11-06,GR5000789,On Time,0
TX-01843,PO-36946,CA01,PO01,PG4,NB,2023-08-19,100038,S038,Prairie Packaging,NX10,Allan,SL04,MAT-10043,Packaging,Stretch film,3.0,1624.9,4874.7,CAD,1,5,2023-08-24,2023-08-24,GR5000790,On Time,0
TX-00177,PO-60678,CA01,PO01,PG2,NB,2025-01-23,100035,S035,Rockwell Automation,NX20,Vanscoy,SL02,MAT-10036,Electrical,Control panel,9.3,6120.32,56918.98,CAD,1,14,2025-02-06,2025-02-06,GR5000791,On Time,0
TX-01526,PO-21284,CA01,PO01,PG2,NB,2024-12-19,100033,S033,Siemens Canada,NX40,Patience Lake,SL02,MAT-10025,Instrumentation,Analyzer calibration,3.24,12456.93,40360.45,CAD,1,10,2024-12-29,2024-12-29,GR5000792,On Time,0
TX-00506,PO-26152,CA01,PO01,PG5,UB,2025-02-03,100018,S018,TransWest Shipping,NX70,Aurora,SL05,MAT-10022,Logistics,Outbound freight,19.19,666.06,12781.69,CAD,0,4,2025-02-07,2025-02-07,GR5000793,On Time,0
TX-00113,PO-69600,CA01,PO01,PG2,NB,2025-03-26,100035,S035,Rockwell Automation,NX20,Vanscoy,SL02,MAT-10033,Electrical,Transformer,6.24,14529.46,90663.83,CAD,1,14,2025-04-09,2025-04-09,GR5000794,On Time,0
TX-01320,PO-94366,CA01,PO01,PG5,UB,2025-02-23,100037,S037,Purolator,NX30,Cory,SL05,MAT-10028,Logistics,Inbound freight,5.49,659.52,3620.76,CAD,1,1,2025-02-24,2025-02-24,GR5000795,On Time,0
TX-01574,PO-92756,CA01,PO01,PG5,UB,2025-04-05,100036,S036,Canpar Courier,NX30,Cory,SL05,MAT-10028,Logistics,Inbound freight,1.61,6892.19,11096.43,CAD,1,1,2025-04-06,2025-04-06,GR5000796,On Time,0
TX-00326,PO-74843,CA01,PO01,PG3,NB,2023-05-10,100028,S028,BioAgra Solutions,NX50,Redwater,SL03,MAT-10032,Agri-Chemicals,Anhydrous ammonia,16.12,3928.4,63325.81,CAD,0,10,2023-05-20,2023-05-20,GR5000797,On Time,0
TX-00810,PO-39116,CA01,PO01,PG2,NB,2023-04-23,100033,S033,Siemens Canada,NX30,Cory,SL02,MAT-10019,Electrical,LED fixture,12.55,3088.22,38757.16,CAD,1,10,2023-05-03,2023-05-03,GR5000798,On Time,0
TX-02254,PO-66909,CA01,PO01,PG2,NB,2023-08-06,100034,S034,ABB Canada,NX50,Redwater,SL02,MAT-10018,Instrumentation,Temperature probe,3.6,20537.06,73933.42,CAD,1,12,2023-08-18,2023-08-18,GR5000799,On Time,0
TX-02151,PO-22388,CA01,PO01,PG1,NB,2024-10-23,100040,S040,Generic Supplies Inc,NX10,Allan,SL01,MAT-10005,MRO,Bearing assembly,1.91,4287.15,8188.46,CAD,0,15,2024-11-07,2024-11-07,GR5000800,On Time,0
TX-01846,PO-75482,CA01,PO01,PG1,NB,2024-03-19,100003,S003,Grainger Canada,NX20,Vanscoy,SL01,MAT-10035,MRO,Conveyor belt,16.76,3878.59,65005.17,CAD,1,3,2024-03-22,2024-03-22,GR5000801,On Time,0
TX-01139,PO-65369,CA01,PO01,PG3,NB,2023-11-23,100030,S030,DuPont Canada,NX30,Cory,SL03,MAT-10017,Agri-Chemicals,Phosphate blend,19.83,4564.37,90511.46,CAD,1,7,2023-11-30,2023-11-30,GR5000802,On Time,0
TX-01318,PO-35837,CA01,PO01,PG2,NB,2025-05-13,100031,S031,Precision Instruments,NX40,Patience Lake,SL02,MAT-10002,Instrumentation,Flow meter,13.96,13333.24,186132.03,CAD,0,14,2025-05-27,2025-05-27,GR5000803,On Time,0
TX-01079,PO-97046,CA01,PO01,PG4,NB,2023-05-10,100029,S029,3M Canada,NX70,Aurora,SL04,MAT-10004,Safety,First aid kit,11.8,355.27,4192.19,CAD,1,5,2023-05-15,2023-05-15,GR5000804,On Time,0
TX-00602,PO-91937,CA01,PO01,PG5,UB,2023-07-03,100018,S018,TransWest Shipping,NX50,Redwater,SL05,MAT-10029,Logistics,Expedited shipping,5.73,4793.38,27466.07,CAD,0,4,2023-07-07,2023-07-07,GR5000805,On Time,0
TX-00107,PO-91205,CA01,PO01,PG2,NB,2025-01-30,100034,S034,ABB Canada,NX50,Redwater,SL02,MAT-10046,Instrumentation,Pressure transmitter,3.06,6994.81,21404.12,CAD,1,12,2025-02-11,2025-02-11,GR5000806,On Time,0
TX-01628,PO-87717,CA01,PO01,PG3,NB,2023-11-25,100007,S007,Brenntag Canada,NX10,Allan,SL03,MAT-10003,Chemicals,Sulfuric acid,7.18,6172.45,44318.19,CAD,1,8,2023-12-03,2023-12-07,GR5000807,Late,4
TX-00155,PO-54791,CA01,PO01,PG3,NB,2025-05-17,100028,S028,BioAgra Solutions,NX70,Aurora,SL03,MAT-10031,Chemicals,Hydrochloric acid,10.66,1106.23,11792.41,CAD,0,10,2025-05-27,2025-06-02,GR5000808,Late,6
TX-02287,PO-97108,CA01,PO01,PG5,UB,2025-03-14,100036,S036,Canpar Courier,NX70,Aurora,SL05,MAT-10040,Logistics,LTL shipment,11.99,7992.86,95834.39,CAD,1,1,2025-03-15,2025-03-15,GR5000809,On Time,0
TX-01731,PO-89102,CA01,PO01,PG2,NB,2025-11-27,100034,S034,ABB Canada,NX40,Patience Lake,SL02,MAT-10041,Electrical,Cable tray,4.18,1675.88,7005.18,CAD,1,12,2025-12-09,2025-12-09,GR5000810,On Time,0
TX-02159,PO-63095,CA01,PO01,PG3,NB,2023-05-06,100026,S026,Sask Chemical Corp,NX60,Rocanville,SL03,MAT-10031,Chemicals,Hydrochloric acid,8.65,11307.78,97812.3,CAD,1,6,2023-05-12,2023-05-17,GR5000811,Late,5
TX-00037,PO-64377,CA01,PO01,PG5,UB,2025-02-23,100017,S017,Canadian Freightways,NX10,Allan,SL05,MAT-10028,Logistics,Inbound freight,14.19,5798.14,82275.61,CAD,1,3,2025-02-26,2025-02-26,GR5000812,On Time,0
TX-00711,PO-52914,CA01,PO01,PG2,NB,2023-08-11,100034,S034,ABB Canada,NX20,Vanscoy,SL02,MAT-10018,Instrumentation,Temperature probe,14.02,15515.53,217527.73,CAD,1,12,2023-08-23,2023-08-20,GR5000813,On Time,0
TX-02304,PO-92639,CA01,PO01,PG3,NB,2024-06-13,100027,S027,Western Agri-Chem,NX10,Allan,SL03,MAT-10007,Chemicals,Corrosion inhibitor,12.3,7220.23,88808.83,CAD,1,8,2024-06-21,2024-06-21,GR5000814,On Time,0
TX-01190,PO-66928,CA01,PO01,PG4,NB,2024-12-01,100024,S024,Northern Safety,NX70,Aurora,SL04,MAT-10048,Safety,Hard hat,22.1,246.89,5456.27,CAD,1,2,2024-12-03,2024-12-03,GR5000815,On Time,0
TX-01683,PO-61280,CA01,PO01,PG1,NB,2023-10-22,100004,S004,Fastenal Canada,NX10,Allan,SL01,MAT-10035,MRO,Conveyor belt,10.14,763.13,7738.14,CAD,1,4,2023-10-26,2023-10-26,GR5000816,On Time,0
TX-00932,PO-13514,CA01,PO01,PG5,UB,2024-01-26,100017,S017,Canadian Freightways,NX20,Vanscoy,SL05,MAT-10022,Logistics,Outbound freight,3.13,619.14,1937.91,CAD,1,3,2024-01-29,2024-01-29,GR5000817,On Time,0
TX-00076,PO-23710,CA01,PO01,PG4,NB,2025-08-20,100039,S039,Sealed Air Canada,NX20,Vanscoy,SL04,MAT-10043,Packaging,Stretch film,18.1,719.95,13031.1,CAD,1,8,2025-08-28,2025-08-28,GR5000818,On Time,0
TX-01312,PO-92929,CA01,PO01,PG2,NB,2025-02-23,100033,S033,Siemens Canada,NX40,Patience Lake,SL02,MAT-10050,Electrical,Junction box,9.16,8593.7,78718.29,CAD,1,10,2025-03-05,2025-03-05,GR5000819,On Time,0
TX-00888,PO-13584,CA01,PO01,PG2,NB,2025-05-11,100031,S031,Precision Instruments,NX30,Cory,SL02,MAT-10018,Instrumentation,Temperature probe,12.44,23329.5,290218.98,CAD,0,14,2025-05-25,2025-05-25,GR5000820,On Time,0
TX-00629,PO-76155,CA01,PO01,PG4,NB,2025-03-15,100024,S024,Northern Safety,NX20,Vanscoy,SL04,MAT-10010,Safety,Hearing protection,48.6,306.08,14875.49,CAD,1,2,2025-03-17,2025-03-17,GR5000821,On Time,0
TX-01891,PO-86752,CA01,PO01,PG1,NB,2025-11-10,100003,S003,Grainger Canada,NX20,Vanscoy,SL01,MAT-10016,MRO,Filter element,15.97,551.75,8811.45,CAD,1,3,2025-11-13,2025-11-11,GR5000822,On Time,0
TX-01046,PO-46231,CA01,PO01,PG3,NB,2025-10-24,100009,S009,Chemtrade Logistics,NX50,Redwater,SL03,MAT-10021,Chemicals,Process chemical,10.74,8008.93,86015.91,CAD,1,5,2025-10-29,2025-10-29,GR5000823,On Time,0
TX-01434,PO-99262,CA01,PO01,PG3,NB,2023-06-08,100026,S026,Sask Chemical Corp,NX40,Patience Lake,SL03,MAT-10017,Agri-Chemicals,Phosphate blend,5.5,2876.0,15818.0,CAD,1,6,2023-06-14,2023-06-14,GR5000824,On Time,0
TX-00863,PO-36444,CA01,PO01,PG2,NB,2024-11-26,100006,S006,HD Supply,NX40,Patience Lake,SL02,MAT-10036,Electrical,Control panel,4.17,4632.91,19319.23,CAD,1,10,2024-12-06,2024-12-06,GR5000825,On Time,0
TX-01901,PO-49779,CA01,PO01,PG2,NB,2024-07-29,100035,S035,Rockwell Automation,NX60,Rocanville,SL02,MAT-10050,Electrical,Junction box,9.83,12140.81,119344.16,CAD,1,14,2024-08-12,2024-08-12,GR5000826,On Time,0
TX-02360,PO-62989,CA01,PO01,PG3,NB,2024-02-11,100007,S007,Brenntag Canada,NX20,Vanscoy,SL03,MAT-10011,Chemicals,Scale inhibitor,14.93,11939.35,178254.5,CAD,1,8,2024-02-19,2024-02-26,GR5000827,Late,7
TX-00242,PO-98181,CA01,PO01,PG1,NB,2025-11-17,100004,S004,Fastenal Canada,NX10,Allan,SL01,MAT-10006,MRO,Gear oil,8.89,2559.4,22753.07,CAD,1,4,2025-11-21,2025-11-21,GR5000828,On Time,0
TX-00043,PO-46471,CA01,PO01,PG4,NB,2025-07-20,100039,S039,Sealed Air Canada,NX10,Allan,SL04,MAT-10024,Packaging,Poly liner,17.0,1541.56,26206.52,CAD,1,8,2025-07-28,2025-07-28,GR5000829,On Time,0
TX-00526,PO-94341,CA01,PO01,PG3,NB,2025-10-24,100040,S040,Generic Supplies Inc,NX20,Vanscoy,SL03,MAT-10030,Agri-Chemicals,Micronutrient blend,17.76,4102.95,72868.39,CAD,0,15,2025-11-08,2025-11-08,GR5000830,On Time,0
TX-00469,PO-39218,CA01,PO01,PG2,NB,2025-07-23,100032,S032,Endress+Hauser,NX70,Aurora,SL02,MAT-10046,Instrumentation,Pressure transmitter,19.06,10038.55,191334.76,CAD,1,21,2025-08-13,2025-08-13,GR5000831,On Time,0
TX-00544,PO-76629,CA01,PO01,PG5,UB,2024-04-15,100016,S016,Nutrien Logistics,NX70,Aurora,SL05,MAT-10022,Logistics,Outbound freight,9.49,6269.49,59497.46,CAD,0,2,2024-04-17,2024-04-20,GR5000832,Late,3
TX-00123,PO-38183,CA01,PO01,PG4,NB,2023-08-23,100038,S038,Prairie Packaging,NX50,Redwater,SL04,MAT-10045,Packaging,Label stock,42.8,1329.76,56913.73,CAD,1,5,2023-08-28,2023-08-28,GR5000833,On Time,0
TX-01301,PO-22160,CA01,PO01,PG3,NB,2023-09-09,100026,S026,Sask Chemical Corp,NX40,Patience Lake,SL03,MAT-10031,Chemicals,Hydrochloric acid,3.03,3963.59,12009.68,CAD,1,6,2023-09-15,2023-09-15,GR5000834,On Time,0
TX-01152,PO-10697,CA01,PO01,PG3,NB,2023-08-29,100008,S008,Univar Solutions,NX70,Aurora,SL03,MAT-10031,Chemicals,Hydrochloric acid,4.43,7509.95,33269.08,CAD,1,9,2023-09-07,2023-09-07,GR5000835,On Time,0
TX-00087,PO-15720,CA01,PO01,PG3,NB,2024-01-22,100028,S028,BioAgra Solutions,NX50,Redwater,SL03,MAT-10037,Agri-Chemicals,Potassium chloride,19.63,2451.49,48122.75,CAD,0,10,2024-02-01,2024-02-01,GR5000836,On Time,0
TX-00134,PO-65576,CA01,PO01,PG5,UB,2023-04-12,100017,S017,Canadian Freightways,NX50,Redwater,SL05,MAT-10038,Logistics,Rail freight,13.81,2540.77,35088.03,CAD,1,3,2023-04-15,2023-04-15,GR5000837,On Time,0
TX-01058,PO-47200,CA01,PO01,PG5,UB,2025-09-27,100016,S016,Nutrien Logistics,NX50,Redwater,SL05,MAT-10040,Logistics,LTL shipment,1.51,2279.0,3441.29,CAD,0,2,2025-09-29,2025-09-29,GR5000838,On Time,0
TX-02338,PO-95859,CA01,PO01,PG4,NB,2023-05-30,100038,S038,Prairie Packaging,NX50,Redwater,SL04,MAT-10034,Packaging,Bulk bags,45.0,758.97,34153.65,CAD,1,5,2023-06-04,2023-06-04,GR5000839,On Time,0
TX-02263,PO-10716,CA01,PO01,PG4,NB,2024-06-03,100039,S039,Sealed Air Canada,NX40,Patience Lake,SL04,MAT-10045,Packaging,Label stock,25.3,472.76,11960.83,CAD,1,8,2024-06-11,2024-06-11,GR5000840,On Time,0
TX-02341,PO-93148,CA01,PO01,PG2,NB,2024-04-15,100032,S032,Endress+Hauser,NX30,Cory,SL02,MAT-10025,Instrumentation,Analyzer calibration,17.74,1777.66,31535.69,CAD,1,21,2024-05-06,2024-05-06,GR5000841,On Time,0
TX-00788,PO-14287,CA01,PO01,PG3,NB,2023-05-25,100026,S026,Sask Chemical Corp,NX50,Redwater,SL03,MAT-10030,Agri-Chemicals,Micronutrient blend,8.31,5649.7,46949.01,CAD,1,6,2023-05-31,2023-05-31,GR5000842,On Time,0
TX-01672,PO-54204,CA01,PO01,PG3,NB,2024-07-26,100026,S026,Sask Chemical Corp,NX70,Aurora,SL03,MAT-10017,Agri-Chemicals,Phosphate blend,13.45,4310.13,57971.25,CAD,1,6,2024-08-01,2024-08-01,GR5000843,On Time,0
TX-02202,PO-91259,CA01,PO01,PG2,NB,2025-11-30,100033,S033,Siemens Canada,NX50,Redwater,SL02,MAT-10052,Instrumentation,Control valve,10.97,10502.09,115207.93,CAD,1,10,2025-12-10,2025-12-10,GR5000844,On Time,0
TX-02113,PO-23100,CA01,PO01,PG4,NB,2025-07-22,100038,S038,Prairie Packaging,NX70,Aurora,SL04,MAT-10013,Packaging,Pallet wrap,4.6,1885.39,8672.79,CAD,1,5,2025-07-27,2025-07-27,GR5000845,On Time,0
TX-01896,PO-13626,CA01,PO01,PG2,NB,2025-06-03,100034,S034,ABB Canada,NX20,Vanscoy,SL02,MAT-10018,Instrumentation,Temperature probe,1.82,9031.46,16437.26,CAD,1,12,2025-06-15,2025-06-15,GR5000846,On Time,0
TX-01736,PO-92095,CA01,PO01,PG4,NB,2024-10-18,100038,S038,Prairie Packaging,NX30,Cory,SL04,MAT-10047,Packaging,Corrugated box,7.6,1545.96,11749.3,CAD,1,5,2024-10-23,2024-10-23,GR5000847,On Time,0
TX-00498,PO-92511,CA01,PO01,PG3,NB,2025-12-28,100007,S007,Brenntag Canada,NX10,Allan,SL03,MAT-10003,Chemicals,Sulfuric acid,1.14,1533.28,1747.94,CAD,1,8,2026-01-05,2026-01-05,GR5000848,On Time,0
TX-00254,PO-94320,CA01,PO01,PG2,NB,2023-12-25,100031,S031,Precision Instruments,NX40,Patience Lake,SL02,MAT-10009,Instrumentation,Level sensor,12.89,12862.68,165799.95,CAD,0,14,2024-01-08,2024-01-08,GR5000849,On Time,0
TX-01974,PO-61231,CA01,PO01,PG3,NB,2023-01-01,100007,S007,Brenntag Canada,NX40,Patience Lake,SL03,MAT-10031,Chemicals,Hydrochloric acid,16.61,2953.18,49052.32,CAD,1,8,2023-01-09,2023-01-12,GR5000850,Late,3
TX-01854,PO-18540,CA01,PO01,PG2,NB,2025-09-09,100033,S033,Siemens Canada,NX20,Vanscoy,SL02,MAT-10002,Instrumentation,Flow meter,2.2,17757.34,39066.15,CAD,1,10,2025-09-19,2025-09-19,GR5000851,On Time,0
TX-01749,PO-43619,CA01,PO01,PG5,UB,2024-01-11,100036,S036,Canpar Courier,NX20,Vanscoy,SL05,MAT-10038,Logistics,Rail freight,11.2,1755.25,19658.8,CAD,1,1,2024-01-12,2024-01-12,GR5000852,On Time,0
TX-01390,PO-41013,CA01,PO01,PG3,NB,2025-09-02,100026,S026,Sask Chemical Corp,NX70,Aurora,SL03,MAT-10021,Chemicals,Process chemical,7.15,3393.19,24261.31,CAD,1,6,2025-09-08,2025-09-08,GR5000853,On Time,0
TX-00261,PO-47101,CA01,PO01,PG3,NB,2024-02-23,100027,S027,Western Agri-Chem,NX70,Aurora,SL03,MAT-10017,Agri-Chemicals,Phosphate blend,8.54,2218.92,18949.58,CAD,1,8,2024-03-02,2024-03-02,GR5000854,On Time,0
TX-01115,PO-21233,CA01,PO01,PG4,NB,2023-08-12,100039,S039,Sealed Air Canada,NX70,Aurora,SL04,MAT-10047,Packaging,Corrugated box,43.5,398.96,17354.76,CAD,1,8,2023-08-20,2023-08-17,GR5000855,On Time,0
TX-01061,PO-97135,CA01,PO01,PG3,NB,2024-02-27,100026,S026,Sask Chemical Corp,NX50,Redwater,SL03,MAT-10011,Chemicals,Scale inhibitor,3.47,3103.58,10769.42,CAD,1,6,2024-03-04,2024-03-04,GR5000856,On Time,0
TX-01918,PO-90495,CA01,PO01,PG5,UB,2023-02-05,100036,S036,Canpar Courier,NX10,Allan,SL05,MAT-10038,Logistics,Rail freight,19.13,1183.83,22646.67,CAD,1,1,2023-02-06,2023-02-06,GR5000857,On Time,0
TX-00777,PO-60768,CA01,PO01,PG3,NB,2023-10-24,100026,S026,Sask Chemical Corp,NX60,Rocanville,SL03,MAT-10032,Agri-Chemicals,Anhydrous ammonia,5.11,5031.69,25711.94,CAD,1,6,2023-10-30,2023-10-30,GR5000858,On Time,0
TX-00404,PO-78495,CA01,PO01,PG2,NB,2024-04-10,100006,S006,HD Supply,NX50,Redwater,SL02,MAT-10033,Electrical,Transformer,11.52,12643.8,145656.58,CAD,1,10,2024-04-20,2024-04-24,GR5000859,Late,4
TX-01146,PO-95563,CA01,PO01,PG1,NB,2025-03-23,100001,S001,Prairie Industrial Supply,NX10,Allan,SL01,MAT-10001,MRO,Valve repair parts,10.28,3111.53,31986.53,CAD,1,7,2025-03-30,2025-03-28,GR5000860,On Time,0
TX-00352,PO-42053,CA01,PO01,PG3,NB,2025-11-08,100008,S008,Univar Solutions,NX70,Aurora,SL03,MAT-10015,Chemicals,Sodium hydroxide 50%,1.05,10417.32,10938.19,CAD,1,9,2025-11-17,2025-11-17,GR5000861,On Time,0
TX-01616,PO-75937,CA01,PO01,PG2,NB,2025-12-25,100033,S033,Siemens Canada,NX50,Redwater,SL02,MAT-10052,Instrumentation,Control valve,5.73,7969.28,45663.97,CAD,1,10,2026-01-04,2026-01-04,GR5000862,On Time,0
TX-01035,PO-59054,CA01,PO01,PG3,NB,2023-09-25,100007,S007,Brenntag Canada,NX10,Allan,SL03,MAT-10011,Chemicals,Scale inhibitor,16.1,2946.83,47443.96,CAD,1,8,2023-10-03,2023-10-03,GR5000863,On Time,0
TX-01200,PO-27079,CA01,PO01,PG2,NB,2023-07-18,100035,S035,Rockwell Automation,NX20,Vanscoy,SL02,MAT-10033,Electrical,Transformer,13.71,10307.83,141320.35,CAD,1,14,2023-08-01,2023-07-31,GR5000864,On Time,0
TX-01278,PO-28955,CA01,PO01,PG4,NB,2024-02-11,100038,S038,Prairie Packaging,NX40,Patience Lake,SL04,MAT-10045,Packaging,Label stock,4.8,1362.49,6539.95,CAD,1,5,2024-02-16,2024-02-16,GR5000865,On Time,0
TX-02139,PO-63449,CA01,PO01,PG3,NB,2023-05-30,100009,S009,Chemtrade Logistics,NX70,Aurora,SL03,MAT-10011,Chemicals,Scale inhibitor,17.3,4399.6,76113.08,CAD,1,5,2023-06-04,2023-06-04,GR5000866,On Time,0
TX-01869,PO-81036,CA01,PO01,PG3,NB,2024-09-19,100027,S027,Western Agri-Chem,NX20,Vanscoy,SL03,MAT-10032,Agri-Chemicals,Anhydrous ammonia,5.59,3486.51,19489.59,CAD,1,8,2024-09-27,2024-09-27,GR5000867,On Time,0
TX-01680,PO-48862,CA01,PO01,PG4,NB,2025-05-18,100029,S029,3M Canada,NX10,Allan,SL04,MAT-10051,Safety,Gloves — cut-resistant,43.1,125.8,5421.98,CAD,1,5,2025-05-23,2025-05-23,GR5000868,On Time,0
TX-00160,PO-89254,CA01,PO01,PG3,NB,2025-02-21,100028,S028,BioAgra Solutions,NX50,Redwater,SL03,MAT-10032,Agri-Chemicals,Anhydrous ammonia,10.56,3909.0,41279.04,CAD,0,10,2025-03-03,2025-03-03,GR5000869,On Time,0
TX-00185,PO-25435,CA01,PO01,PG3,NB,2024-01-17,100007,S007,Brenntag Canada,NX70,Aurora,SL03,MAT-10007,Chemicals,Corrosion inhibitor,10.48,5134.26,53807.04,CAD,1,8,2024-01-25,2024-01-25,GR5000870,On Time,0
TX-00066,PO-66207,CA01,PO01,PG4,NB,2025-07-11,100029,S029,3M Canada,NX60,Rocanville,SL04,MAT-10010,Safety,Hearing protection,45.5,132.99,6051.05,CAD,1,5,2025-07-16,2025-07-16,GR5000871,On Time,0
TX-00518,PO-48141,CA01,PO01,PG2,NB,2023-11-01,100034,S034,ABB Canada,NX70,Aurora,SL02,MAT-10052,Instrumentation,Control valve,7.95,6747.71,53644.29,CAD,1,12,2023-11-13,2023-11-13,GR5000872,On Time,0
TX-00348,PO-77793,CA01,PO01,PG5,UB,2023-10-09,100016,S016,Nutrien Logistics,NX20,Vanscoy,SL05,MAT-10039,Logistics,Flatbed transport,14.33,1982.37,28407.36,CAD,0,2,2023-10-11,2023-10-11,GR5000873,On Time,0
TX-01378,PO-73402,CA01,PO01,PG1,NB,2025-03-11,100005,S005,Motion Industries,NX60,Rocanville,SL01,MAT-10012,MRO,Coupling set,2.06,592.06,1219.64,CAD,1,6,2025-03-17,2025-03-17,GR5000874,On Time,0
TX-02321,PO-61968,CA01,PO01,PG5,UB,2025-05-07,100017,S017,Canadian Freightways,NX50,Redwater,SL05,MAT-10028,Logistics,Inbound freight,7.39,2668.93,19723.39,CAD,1,3,2025-05-10,2025-05-10,GR5000875,On Time,0
TX-01976,PO-89493,CA01,PO01,PG5,UB,2024-06-16,100016,S016,Nutrien Logistics,NX60,Rocanville,SL05,MAT-10040,Logistics,LTL shipment,3.99,7054.01,28145.5,CAD,0,2,2024-06-18,2024-06-18,GR5000876,On Time,0
TX-01949,PO-66804,CA01,PO01,PG2,NB,2024-12-18,100033,S033,Siemens Canada,NX20,Vanscoy,SL02,MAT-10025,Instrumentation,Analyzer calibration,9.84,10584.09,104147.45,CAD,1,10,2024-12-28,2024-12-28,GR5000877,On Time,0
TX-02109,PO-92638,CA01,PO01,PG2,NB,2025-04-14,100032,S032,Endress+Hauser,NX40,Patience Lake,SL02,MAT-10009,Instrumentation,Level sensor,18.87,2507.06,47308.22,CAD,1,21,2025-05-05,2025-05-05,GR5000878,On Time,0
TX-00158,PO-40671,CA01,PO01,PG1,NB,2024-05-01,100004,S004,Fastenal Canada,NX30,Cory,SL01,MAT-10006,MRO,Gear oil,19.42,2767.15,53738.05,CAD,1,4,2024-05-05,2024-05-05,GR5000879,On Time,0
TX-01004,PO-24541,CA01,PO01,PG1,NB,2024-03-04,100003,S003,Grainger Canada,NX60,Rocanville,SL01,MAT-10012,MRO,Coupling set,1.14,4429.97,5050.17,CAD,1,3,2024-03-07,2024-03-07,GR5000880,On Time,0
TX-01888,PO-96489,CA01,PO01,PG3,NB,2023-06-26,100007,S007,Brenntag Canada,NX10,Allan,SL03,MAT-10011,Chemicals,Scale inhibitor,11.84,8243.98,97608.72,CAD,1,8,2023-07-04,2023-07-04,GR5000881,On Time,0
TX-00233,PO-62538,CA01,PO01,PG4,NB,2025-04-10,100024,S024,Northern Safety,NX40,Patience Lake,SL04,MAT-10048,Safety,Hard hat,41.5,215.81,8956.11,CAD,1,2,2025-04-12,2025-04-12,GR5000882,On Time,0
TX-01873,PO-14068,CA01,PO01,PG3,NB,2023-03-27,100040,S040,Generic Supplies Inc,NX40,Patience Lake,SL03,MAT-10017,Agri-Chemicals,Phosphate blend,13.9,8725.21,121280.42,CAD,0,15,2023-04-11,2023-04-11,GR5000883,On Time,0
TX-00656,PO-90879,CA01,PO01,PG4,NB,2024-02-20,100038,S038,Prairie Packaging,NX70,Aurora,SL04,MAT-10024,Packaging,Poly liner,38.1,206.98,7885.94,CAD,1,5,2024-02-25,2024-02-25,GR5000884,On Time,0
TX-00369,PO-18083,CA01,PO01,PG4,NB,2023-07-28,100024,S024,Northern Safety,NX60,Rocanville,SL04,MAT-10048,Safety,Hard hat,40.4,73.12,2954.05,CAD,1,2,2023-07-30,2023-08-02,GR5000885,Late,3
TX-00396,PO-66911,CA01,PO01,PG2,NB,2023-03-05,100006,S006,HD Supply,NX70,Aurora,SL02,MAT-10019,Electrical,LED fixture,9.2,9873.8,90838.96,CAD,1,10,2023-03-15,2023-03-17,GR5000886,Late,2
TX-01675,PO-67168,CA01,PO01,PG3,NB,2024-08-28,100026,S026,Sask Chemical Corp,NX20,Vanscoy,SL03,MAT-10037,Agri-Chemicals,Potassium chloride,3.4,3041.94,10342.6,CAD,1,6,2024-09-03,2024-09-03,GR5000887,On Time,0
TX-01140,PO-81828,CA01,PO01,PG3,NB,2025-03-12,100028,S028,BioAgra Solutions,NX50,Redwater,SL03,MAT-10032,Agri-Chemicals,Anhydrous ammonia,8.43,4851.96,40902.02,CAD,0,10,2025-03-22,2025-03-22,GR5000888,On Time,0
TX-01322,PO-46002,CA01,PO01,PG1,NB,2023-07-14,100001,S001,Prairie Industrial Supply,NX60,Rocanville,SL01,MAT-10016,MRO,Filter element,16.77,1897.1,31814.37,CAD,1,7,2023-07-21,2023-07-21,GR5000889,On Time,0
TX-01863,PO-80806,CA01,PO01,PG5,UB,2025-11-03,100016,S016,Nutrien Logistics,NX30,Cory,SL05,MAT-10029,Logistics,Expedited shipping,18.45,8579.9,158299.15,CAD,0,2,2025-11-05,2025-11-05,GR5000890,On Time,0
TX-02047,PO-36864,CA01,PO01,PG1,NB,2023-07-31,100040,S040,Generic Supplies Inc,NX20,Vanscoy,SL01,MAT-10005,MRO,Bearing assembly,11.74,731.37,8586.28,CAD,0,15,2023-08-15,2023-08-15,GR5000891,On Time,0
TX-00853,PO-68006,CA01,PO01,PG1,NB,2023-09-01,100001,S001,Prairie Industrial Supply,NX60,Rocanville,SL01,MAT-10012,MRO,Coupling set,8.29,1449.79,12018.76,CAD,1,7,2023-09-08,2023-09-08,GR5000892,On Time,0
TX-01281,PO-31771,CA01,PO01,PG3,NB,2023-03-16,100040,S040,Generic Supplies Inc,NX20,Vanscoy,SL03,MAT-10030,Agri-Chemicals,Micronutrient blend,5.15,8698.5,44797.28,CAD,0,15,2023-03-31,2023-03-31,GR5000893,On Time,0
TX-01963,PO-82746,CA01,PO01,PG3,NB,2024-09-07,100030,S030,DuPont Canada,NX20,Vanscoy,SL03,MAT-10032,Agri-Chemicals,Anhydrous ammonia,16.23,2358.08,38271.64,CAD,1,7,2024-09-14,2024-09-14,GR5000894,On Time,0
TX-00109,PO-25220,CA01,PO01,PG4,NB,2023-04-03,100038,S038,Prairie Packaging,NX10,Allan,SL04,MAT-10024,Packaging,Poly liner,47.4,664.38,31491.61,CAD,1,5,2023-04-08,2023-04-07,GR5000895,On Time,0
TX-00916,PO-17279,CA01,PO01,PG3,NB,2023-09-22,100028,S028,BioAgra Solutions,NX70,Aurora,SL03,MAT-10017,Agri-Chemicals,Phosphate blend,5.02,866.28,4348.73,CAD,0,10,2023-10-02,2023-10-02,GR5000896,On Time,0
TX-00267,PO-64053,CA01,PO01,PG1,NB,2023-06-02,100005,S005,Motion Industries,NX20,Vanscoy,SL01,MAT-10005,MRO,Bearing assembly,18.96,3023.56,57326.7,CAD,1,6,2023-06-08,2023-06-10,GR5000897,Late,2
TX-00845,PO-32114,CA01,PO01,PG3,NB,2025-03-31,100008,S008,Univar Solutions,NX60,Rocanville,SL03,MAT-10003,Chemicals,Sulfuric acid,14.21,11748.79,166950.31,CAD,1,9,2025-04-09,2025-04-09,GR5000898,On Time,0
TX-00329,PO-27290,CA01,PO01,PG5,UB,2023-01-02,100036,S036,Canpar Courier,NX60,Rocanville,SL05,MAT-10038,Logistics,Rail freight,19.84,3708.49,73576.44,CAD,1,1,2023-01-03,2023-01-03,GR5000899,On Time,0
TX-01204,PO-30142,CA01,PO01,PG2,NB,2025-08-29,100035,S035,Rockwell Automation,NX70,Aurora,SL02,MAT-10014,Electrical,Conduit kit,19.8,3189.59,63153.88,CAD,1,14,2025-09-12,2025-09-18,GR5000900,Late,6
TX-00708,PO-66511,CA01,PO01,PG5,UB,2023-05-16,100036,S036,Canpar Courier,NX60,Rocanville,SL05,MAT-10039,Logistics,Flatbed transport,7.47,6604.37,49334.64,CAD,1,1,2023-05-17,2023-05-21,GR5000901,Late,4
TX-01752,PO-18834,CA01,PO01,PG3,NB,2024-04-13,100026,S026,Sask Chemical Corp,NX20,Vanscoy,SL03,MAT-10042,Agri-Chemicals,Urea 46-0-0,1.72,3349.29,5760.78,CAD,1,6,2024-04-19,2024-04-19,GR5000902,On Time,0
TX-01358,PO-47802,CA01,PO01,PG3,NB,2025-07-20,100026,S026,Sask Chemical Corp,NX50,Redwater,SL03,MAT-10027,Chemicals,Defoamer,11.77,9676.29,113889.93,CAD,1,6,2025-07-26,2025-07-26,GR5000903,On Time,0
TX-00488,PO-19760,CA01,PO01,PG2,NB,2024-02-01,100034,S034,ABB Canada,NX50,Redwater,SL02,MAT-10014,Electrical,Conduit kit,6.59,2825.9,18622.68,CAD,1,12,2024-02-13,2024-02-19,GR5000904,Late,6
TX-01874,PO-86955,CA01,PO01,PG2,NB,2025-02-24,100034,S034,ABB Canada,NX50,Redwater,SL02,MAT-10018,Instrumentation,Temperature probe,15.31,19590.0,299922.9,CAD,1,12,2025-03-08,2025-03-08,GR5000905,On Time,0
TX-00105,PO-83048,CA01,PO01,PG3,NB,2024-04-07,100026,S026,Sask Chemical Corp,NX10,Allan,SL03,MAT-10037,Agri-Chemicals,Potassium chloride,17.34,5904.05,102376.23,CAD,1,6,2024-04-13,2024-04-13,GR5000906,On Time,0
TX-00986,PO-22942,CA01,PO01,PG1,NB,2024-01-07,100005,S005,Motion Industries,NX30,Cory,SL01,MAT-10012,MRO,Coupling set,1.52,310.33,471.7,CAD,1,6,2024-01-13,2024-01-13,GR5000907,On Time,0
TX-00748,PO-14569,CA01,PO01,PG4,NB,2023-08-06,100038,S038,Prairie Packaging,NX40,Patience Lake,SL04,MAT-10034,Packaging,Bulk bags,45.7,1453.57,66428.15,CAD,1,5,2023-08-11,2023-08-10,GR5000908,On Time,0
TX-02005,PO-80098,CA01,PO01,PG3,NB,2023-10-26,100007,S007,Brenntag Canada,NX10,Allan,SL03,MAT-10003,Chemicals,Sulfuric acid,7.5,6647.37,49855.28,CAD,1,8,2023-11-03,2023-11-03,GR5000909,On Time,0
TX-00560,PO-98580,CA01,PO01,PG4,NB,2023-11-16,100029,S029,3M Canada,NX30,Cory,SL04,MAT-10048,Safety,Hard hat,39.2,65.55,2569.56,CAD,1,5,2023-11-21,2023-11-21,GR5000910,On Time,0
TX-00905,PO-46831,CA01,PO01,PG4,NB,2023-08-28,100038,S038,Prairie Packaging,NX30,Cory,SL04,MAT-10024,Packaging,Poly liner,16.4,1958.75,32123.5,CAD,1,5,2023-09-02,2023-09-02,GR5000911,On Time,0
TX-02229,PO-37531,CA01,PO01,PG4,NB,2024-10-18,100038,S038,Prairie Packaging,NX50,Redwater,SL04,MAT-10013,Packaging,Pallet wrap,6.4,207.5,1328.0,CAD,1,5,2024-10-23,2024-10-23,GR5000912,On Time,0
TX-02020,PO-22362,CA01,PO01,PG2,NB,2024-11-13,100034,S034,ABB Canada,NX20,Vanscoy,SL02,MAT-10046,Instrumentation,Pressure transmitter,6.11,2723.26,16639.12,CAD,1,12,2024-11-25,2024-11-25,GR5000913,On Time,0
TX-01067,PO-92324,CA01,PO01,PG3,NB,2023-03-31,100026,S026,Sask Chemical Corp,NX70,Aurora,SL03,MAT-10027,Chemicals,Defoamer,5.55,10550.04,58552.72,CAD,1,6,2023-04-06,2023-04-04,GR5000914,On Time,0
TX-00424,PO-89736,CA01,PO01,PG3,NB,2023-12-21,100027,S027,Western Agri-Chem,NX70,Aurora,SL03,MAT-10017,Agri-Chemicals,Phosphate blend,12.42,464.32,5766.85,CAD,1,8,2023-12-29,2023-12-29,GR5000915,On Time,0
TX-00740,PO-63903,CA01,PO01,PG2,NB,2023-01-22,100034,S034,ABB Canada,NX30,Cory,SL02,MAT-10023,Electrical,Motor starter,13.78,12509.0,172374.02,CAD,1,12,2023-02-03,2023-02-01,GR5000916,On Time,0
TX-01686,PO-40432,CA01,PO01,PG1,NB,2025-12-02,100040,S040,Generic Supplies Inc,NX20,Vanscoy,SL01,MAT-10006,MRO,Gear oil,6.91,569.44,3934.83,CAD,0,15,2025-12-17,2025-12-17,GR5000917,On Time,0
TX-01529,PO-33331,CA01,PO01,PG2,NB,2023-09-29,100032,S032,Endress+Hauser,NX70,Aurora,SL02,MAT-10009,Instrumentation,Level sensor,6.9,10413.8,71855.22,CAD,1,21,2023-10-20,2023-10-20,GR5000918,On Time,0
TX-02144,PO-44543,CA01,PO01,PG3,NB,2023-11-26,100030,S030,DuPont Canada,NX20,Vanscoy,SL03,MAT-10042,Agri-Chemicals,Urea 46-0-0,11.74,7486.89,87896.09,CAD,1,7,2023-12-03,2023-12-01,GR5000919,On Time,0
TX-00060,PO-78765,CA01,PO01,PG3,NB,2024-01-15,100028,S028,BioAgra Solutions,NX40,Patience Lake,SL03,MAT-10007,Chemicals,Corrosion inhibitor,4.64,9973.76,46278.25,CAD,0,10,2024-01-25,2024-01-25,GR5000920,On Time,0
TX-01942,PO-78819,CA01,PO01,PG3,NB,2025-09-30,100040,S040,Generic Supplies Inc,NX50,Redwater,SL03,MAT-10037,Agri-Chemicals,Potassium chloride,13.87,3803.25,52751.08,CAD,0,15,2025-10-15,2025-10-15,GR5000921,On Time,0
TX-00903,PO-15390,CA01,PO01,PG2,NB,2025-03-19,100034,S034,ABB Canada,NX30,Cory,SL02,MAT-10052,Instrumentation,Control valve,13.75,4607.6,63354.5,CAD,1,12,2025-03-31,2025-03-31,GR5000922,On Time,0
TX-02137,PO-90201,CA01,PO01,PG1,NB,2025-03-03,100001,S001,Prairie Industrial Supply,NX50,Redwater,SL01,MAT-10035,MRO,Conveyor belt,10.57,384.0,4058.88,CAD,1,7,2025-03-10,2025-03-09,GR5000923,On Time,0
TX-01655,PO-84000,CA01,PO01,PG1,NB,2024-10-24,100003,S003,Grainger Canada,NX70,Aurora,SL01,MAT-10001,MRO,Valve repair parts,1.86,3821.0,7107.06,CAD,1,3,2024-10-27,2024-10-27,GR5000924,On Time,0
TX-00136,PO-17180,CA01,PO01,PG2,NB,2024-09-23,100034,S034,ABB Canada,NX40,Patience Lake,SL02,MAT-10052,Instrumentation,Control valve,1.86,10788.69,20066.96,CAD,1,12,2024-10-05,2024-10-05,GR5000925,On Time,0
TX-00936,PO-66595,CA01,PO01,PG2,NB,2024-11-14,100034,S034,ABB Canada,NX20,Vanscoy,SL02,MAT-10025,Instrumentation,Analyzer calibration,1.15,16314.63,18761.82,CAD,1,12,2024-11-26,2024-11-26,GR5000926,On Time,0
TX-01111,PO-74451,CA01,PO01,PG2,NB,2025-03-26,100032,S032,Endress+Hauser,NX70,Aurora,SL02,MAT-10002,Instrumentation,Flow meter,14.28,1650.88,23574.57,CAD,1,21,2025-04-16,2025-04-16,GR5000927,On Time,0
TX-02087,PO-20769,CA01,PO01,PG5,UB,2025-12-18,100018,S018,TransWest Shipping,NX70,Aurora,SL05,MAT-10029,Logistics,Expedited shipping,9.19,1469.29,13502.78,CAD,0,4,2025-12-22,2025-12-22,GR5000928,On Time,0
TX-02060,PO-98754,CA01,PO01,PG4,NB,2023-12-07,100029,S029,3M Canada,NX50,Redwater,SL04,MAT-10010,Safety,Hearing protection,14.0,217.7,3047.8,CAD,1,5,2023-12-12,2023-12-12,GR5000929,On Time,0
TX-00735,PO-40626,CA01,PO01,PG5,UB,2025-09-02,100036,S036,Canpar Courier,NX60,Rocanville,SL05,MAT-10039,Logistics,Flatbed transport,6.73,6096.13,41026.95,CAD,1,1,2025-09-03,2025-09-03,GR5000930,On Time,0
TX-00466,PO-68733,CA01,PO01,PG4,NB,2024-04-26,100039,S039,Sealed Air Canada,NX50,Redwater,SL04,MAT-10045,Packaging,Label stock,4.9,932.84,4570.92,CAD,1,8,2024-05-04,2024-05-04,GR5000931,On Time,0
TX-01307,PO-26591,CA01,PO01,PG3,NB,2024-11-01,100008,S008,Univar Solutions,NX20,Vanscoy,SL03,MAT-10003,Chemicals,Sulfuric acid,3.63,1734.56,6296.45,CAD,1,9,2024-11-10,2024-11-13,GR5000932,Late,3
TX-01022,PO-17928,CA01,PO01,PG2,NB,2025-06-29,100006,S006,HD Supply,NX60,Rocanville,SL02,MAT-10023,Electrical,Motor starter,4.53,2237.56,10136.15,CAD,1,10,2025-07-09,2025-07-09,GR5000933,On Time,0
TX-01268,PO-24302,CA01,PO01,PG3,NB,2025-08-12,100026,S026,Sask Chemical Corp,NX30,Cory,SL03,MAT-10037,Agri-Chemicals,Potassium chloride,9.9,4466.88,44222.11,CAD,1,6,2025-08-18,2025-08-18,GR5000934,On Time,0
TX-00817,PO-82851,CA01,PO01,PG4,NB,2025-04-18,100038,S038,Prairie Packaging,NX20,Vanscoy,SL04,MAT-10013,Packaging,Pallet wrap,32.3,604.79,19534.72,CAD,1,5,2025-04-23,2025-04-23,GR5000935,On Time,0
TX-01091,PO-40016,CA01,PO01,PG1,NB,2025-04-29,100005,S005,Motion Industries,NX50,Redwater,SL01,MAT-10005,MRO,Bearing assembly,13.31,1333.63,17750.62,CAD,1,6,2025-05-05,2025-05-05,GR5000936,On Time,0
TX-00829,PO-72851,CA01,PO01,PG3,NB,2023-06-06,100026,S026,Sask Chemical Corp,NX60,Rocanville,SL03,MAT-10015,Chemicals,Sodium hydroxide 50%,3.21,2269.8,7286.06,CAD,1,6,2023-06-12,2023-06-11,GR5000937,On Time,0
TX-00961,PO-78332,CA01,PO01,PG4,NB,2024-08-04,100038,S038,Prairie Packaging,NX40,Patience Lake,SL04,MAT-10047,Packaging,Corrugated box,11.5,1062.41,12217.72,CAD,1,5,2024-08-09,2024-08-09,GR5000938,On Time,0
TX-00819,PO-44429,CA01,PO01,PG2,NB,2025-08-07,100033,S033,Siemens Canada,NX60,Rocanville,SL02,MAT-10002,Instrumentation,Flow meter,5.27,20093.66,105893.59,CAD,1,10,2025-08-17,2025-08-17,GR5000939,On Time,0
TX-01003,PO-57579,CA01,PO01,PG2,NB,2024-09-12,100034,S034,ABB Canada,NX20,Vanscoy,SL02,MAT-10036,Electrical,Control panel,16.36,3472.99,56818.12,CAD,1,12,2024-09-24,2024-09-24,GR5000940,On Time,0
TX-01442,PO-57432,CA01,PO01,PG4,NB,2023-08-25,100025,S025,Direct Safety,NX30,Cory,SL04,MAT-10051,Safety,Gloves — cut-resistant,35.0,216.9,7591.5,CAD,0,7,2023-09-01,2023-09-03,GR5000941,Late,2
TX-01128,PO-43767,CA01,PO01,PG4,NB,2024-10-30,100038,S038,Prairie Packaging,NX10,Allan,SL04,MAT-10013,Packaging,Pallet wrap,45.2,1551.31,70119.21,CAD,1,5,2024-11-04,2024-11-04,GR5000942,On Time,0
TX-DUP-025,PO-51222,CA01,PO01,PG4,NB,2023-08-28,100038,S038,Prairie Packaging,NX40,Patience Lake,SL04,MAT-10043,Packaging,Stretch film,43.4,1522.96,66096.46,CAD,1,5,2023-09-02,2023-09-02,GR5000943,On Time,0
TX-01864,PO-24664,CA01,PO01,PG5,UB,2024-02-26,100037,S037,Purolator,NX10,Allan,SL05,MAT-10040,Logistics,LTL shipment,16.67,3472.63,57888.74,CAD,1,1,2024-02-27,2024-02-27,GR5000944,On Time,0
TX-01612,PO-88419,CA01,PO01,PG3,NB,2025-09-01,100026,S026,Sask Chemical Corp,NX20,Vanscoy,SL03,MAT-10031,Chemicals,Hydrochloric acid,4.75,6874.53,32654.02,CAD,1,6,2025-09-07,2025-09-07,GR5000945,On Time,0
TX-02112,PO-13574,CA01,PO01,PG1,NB,2025-01-09,100005,S005,Motion Industries,NX10,Allan,SL01,MAT-10044,MRO,Pump seal kit,8.42,3986.2,33563.8,CAD,1,6,2025-01-15,2025-01-15,GR5000946,On Time,0
TX-01065,PO-42654,CA01,PO01,PG3,NB,2024-09-01,100028,S028,BioAgra Solutions,NX70,Aurora,SL03,MAT-10037,Agri-Chemicals,Potassium chloride,8.43,7586.8,63956.72,CAD,0,10,2024-09-11,2024-09-11,GR5000947,On Time,0
TX-00940,PO-71504,CA01,PO01,PG2,NB,2025-06-12,100006,S006,HD Supply,NX70,Aurora,SL02,MAT-10041,Electrical,Cable tray,1.4,4462.56,6247.58,CAD,1,10,2025-06-22,2025-06-22,GR5000948,On Time,0
TX-01241,PO-17088,CA01,PO01,PG3,NB,2023-10-21,100028,S028,BioAgra Solutions,NX70,Aurora,SL03,MAT-10027,Chemicals,Defoamer,8.17,1256.66,10266.91,CAD,0,10,2023-10-31,2023-10-31,GR5000949,On Time,0
TX-01114,PO-43993,CA01,PO01,PG4,NB,2023-05-01,100024,S024,Northern Safety,NX10,Allan,SL04,MAT-10049,Safety,Safety glasses,37.7,327.49,12346.37,CAD,1,2,2023-05-03,2023-05-03,GR5000950,On Time,0
TX-02161,PO-98964,CA01,PO01,PG4,NB,2024-11-02,100029,S029,3M Canada,NX30,Cory,SL04,MAT-10051,Safety,Gloves — cut-resistant,34.0,52.75,1793.5,CAD,1,5,2024-11-07,2024-11-07,GR5000951,On Time,0
TX-00030,PO-90120,CA01,PO01,PG2,NB,2024-02-12,100032,S032,Endress+Hauser,NX50,Redwater,SL02,MAT-10018,Instrumentation,Temperature probe,3.8,2586.02,9826.88,CAD,1,21,2024-03-04,2024-03-04,GR5000952,On Time,0
TX-02012,PO-50902,CA01,PO01,PG2,NB,2023-03-08,100033,S033,Siemens Canada,NX40,Patience Lake,SL02,MAT-10041,Electrical,Cable tray,15.94,9643.59,153718.82,CAD,1,10,2023-03-18,2023-03-18,GR5000953,On Time,0
TX-00175,PO-77552,CA01,PO01,PG2,NB,2024-02-13,100032,S032,Endress+Hauser,NX20,Vanscoy,SL02,MAT-10009,Instrumentation,Level sensor,17.83,8916.5,158981.19,CAD,1,21,2024-03-05,2024-03-05,GR5000954,On Time,0
TX-00500,PO-17113,CA01,PO01,PG3,NB,2023-11-11,100028,S028,BioAgra Solutions,NX70,Aurora,SL03,MAT-10015,Chemicals,Sodium hydroxide 50%,1.45,9558.65,13860.04,CAD,0,10,2023-11-21,2023-11-21,GR5000955,On Time,0
TX-00992,PO-10131,CA01,PO01,PG5,UB,2025-05-17,100017,S017,Canadian Freightways,NX40,Patience Lake,SL05,MAT-10028,Logistics,Inbound freight,19.27,4663.64,89868.34,CAD,1,3,2025-05-20,2025-05-21,GR5000956,Late,1
TX-01157,PO-38208,CA01,PO01,PG4,NB,2023-04-02,100029,S029,3M Canada,NX20,Vanscoy,SL04,MAT-10008,Safety,FR coveralls,12.6,91.47,1152.52,CAD,1,5,2023-04-07,2023-04-07,GR5000957,On Time,0
TX-01809,PO-29647,CA01,PO01,PG5,UB,2024-01-12,100017,S017,Canadian Freightways,NX40,Patience Lake,SL05,MAT-10040,Logistics,LTL shipment,5.12,622.92,3189.35,CAD,1,3,2024-01-15,2024-01-21,GR5000958,Late,6
TX-01133,PO-57844,CA01,PO01,PG1,NB,2024-01-24,100003,S003,Grainger Canada,NX20,Vanscoy,SL01,MAT-10026,MRO,Hose assembly,17.1,4410.33,75416.64,CAD,1,3,2024-01-27,2024-01-27,GR5000959,On Time,0
TX-00596,PO-42631,CA01,PO01,PG3,NB,2024-05-27,100027,S027,Western Agri-Chem,NX10,Allan,SL03,MAT-10042,Agri-Chemicals,Urea 46-0-0,16.53,6694.72,110663.72,CAD,1,8,2024-06-04,2024-06-04,GR5000960,On Time,0
TX-01682,PO-18757,CA01,PO01,PG3,NB,2024-09-30,100009,S009,Chemtrade Logistics,NX70,Aurora,SL03,MAT-10007,Chemicals,Corrosion inhibitor,4.97,9014.76,44803.36,CAD,1,5,2024-10-05,2024-10-04,GR5000961,On Time,0
TX-01324,PO-59008,CA01,PO01,PG4,NB,2025-07-19,100039,S039,Sealed Air Canada,NX70,Aurora,SL04,MAT-10034,Packaging,Bulk bags,25.2,1310.91,33034.93,CAD,1,8,2025-07-27,2025-07-25,GR5000962,On Time,0
TX-00933,PO-80593,CA01,PO01,PG4,NB,2023-10-25,100025,S025,Direct Safety,NX70,Aurora,SL04,MAT-10004,Safety,First aid kit,32.8,208.58,6841.42,CAD,0,7,2023-11-01,2023-11-01,GR5000963,On Time,0
TX-01345,PO-47745,CA01,PO01,PG3,NB,2024-02-21,100027,S027,Western Agri-Chem,NX10,Allan,SL03,MAT-10030,Agri-Chemicals,Micronutrient blend,7.61,2588.74,19700.31,CAD,1,8,2024-02-29,2024-02-29,GR5000964,On Time,0
TX-00926,PO-24933,CA01,PO01,PG3,NB,2024-06-02,100040,S040,Generic Supplies Inc,NX50,Redwater,SL03,MAT-10042,Agri-Chemicals,Urea 46-0-0,7.75,5499.32,42619.73,CAD,0,15,2024-06-17,2024-06-17,GR5000965,On Time,0
TX-00965,PO-47294,CA01,PO01,PG2,NB,2025-12-28,100034,S034,ABB Canada,NX50,Redwater,SL02,MAT-10050,Electrical,Junction box,17.05,3660.8,62416.64,CAD,1,12,2026-01-09,2026-01-09,GR5000966,On Time,0
TX-01981,PO-97591,CA01,PO01,PG2,NB,2025-09-13,100034,S034,ABB Canada,NX70,Aurora,SL02,MAT-10014,Electrical,Conduit kit,9.27,2014.75,18676.73,CAD,1,12,2025-09-25,2025-09-28,GR5000967,Late,3
TX-01679,PO-93218,CA01,PO01,PG4,NB,2023-12-08,100029,S029,3M Canada,NX40,Patience Lake,SL04,MAT-10049,Safety,Safety glasses,19.3,58.05,1120.37,CAD,1,5,2023-12-13,2023-12-13,GR5000968,On Time,0
TX-00216,PO-29848,CA01,PO01,PG5,UB,2023-08-14,100017,S017,Canadian Freightways,NX20,Vanscoy,SL05,MAT-10040,Logistics,LTL shipment,4.62,3807.79,17591.99,CAD,1,3,2023-08-17,2023-08-17,GR5000969,On Time,0
TX-01747,PO-61834,CA01,PO01,PG2,NB,2025-09-26,100032,S032,Endress+Hauser,NX50,Redwater,SL02,MAT-10025,Instrumentation,Analyzer calibration,5.82,1745.1,10156.48,CAD,1,21,2025-10-17,2025-10-17,GR5000970,On Time,0
TX-01594,PO-24651,CA01,PO01,PG4,NB,2023-09-12,100039,S039,Sealed Air Canada,NX60,Rocanville,SL04,MAT-10045,Packaging,Label stock,6.1,1706.38,10408.92,CAD,1,8,2023-09-20,2023-09-20,GR5000971,On Time,0
TX-00285,PO-52523,CA01,PO01,PG3,NB,2024-12-25,100007,S007,Brenntag Canada,NX20,Vanscoy,SL03,MAT-10021,Chemicals,Process chemical,11.53,7485.56,86308.51,CAD,1,8,2025-01-02,2025-01-02,GR5000972,On Time,0
TX-02078,PO-64129,CA01,PO01,PG2,NB,2023-11-04,100035,S035,Rockwell Automation,NX40,Patience Lake,SL02,MAT-10041,Electrical,Cable tray,8.7,8532.42,74232.05,CAD,1,14,2023-11-18,2023-11-18,GR5000973,On Time,0
TX-00059,PO-51359,CA01,PO01,PG2,NB,2024-09-19,100006,S006,HD Supply,NX30,Cory,SL02,MAT-10041,Electrical,Cable tray,5.78,1985.71,11477.4,CAD,1,10,2024-09-29,2024-09-26,GR5000974,On Time,0
TX-00767,PO-45513,CA01,PO01,PG2,NB,2025-09-01,100034,S034,ABB Canada,NX70,Aurora,SL02,MAT-10025,Instrumentation,Analyzer calibration,14.15,6344.77,89778.5,CAD,1,12,2025-09-13,2025-09-13,GR5000975,On Time,0
TX-00921,PO-92665,CA01,PO01,PG2,NB,2025-05-15,100034,S034,ABB Canada,NX20,Vanscoy,SL02,MAT-10018,Instrumentation,Temperature probe,16.41,15925.89,261343.85,CAD,1,12,2025-05-27,2025-05-27,GR5000976,On Time,0
TX-DUP-013,PO-13626,CA01,PO01,PG2,NB,2025-06-03,100034,S034,ABB Canada,NX20,Vanscoy,SL02,MAT-10018,Instrumentation,Temperature probe,1.82,9031.46,16437.26,CAD,1,12,2025-06-15,2025-06-15,GR5000977,On Time,0
TX-01224,PO-72970,CA01,PO01,PG1,NB,2024-11-24,100001,S001,Prairie Industrial Supply,NX40,Patience Lake,SL01,MAT-10001,MRO,Valve repair parts,17.2,428.1,7363.32,CAD,1,7,2024-12-01,2024-12-01,GR5000978,On Time,0
TX-00834,PO-22648,CA01,PO01,PG1,NB,2024-06-02,100004,S004,Fastenal Canada,NX20,Vanscoy,SL01,MAT-10005,MRO,Bearing assembly,1.82,1392.32,2534.02,CAD,1,4,2024-06-06,2024-06-06,GR5000979,On Time,0
TX-00769,PO-79494,CA01,PO01,PG3,NB,2024-09-08,100028,S028,BioAgra Solutions,NX50,Redwater,SL03,MAT-10015,Chemicals,Sodium hydroxide 50%,7.61,933.31,7102.49,CAD,0,10,2024-09-18,2024-09-18,GR5000980,On Time,0
TX-00356,PO-82494,CA01,PO01,PG3,NB,2024-08-01,100026,S026,Sask Chemical Corp,NX50,Redwater,SL03,MAT-10015,Chemicals,Sodium hydroxide 50%,15.7,4279.82,67193.17,CAD,1,6,2024-08-07,2024-08-12,GR5000981,Late,5
TX-00984,PO-47401,CA01,PO01,PG2,NB,2023-07-06,100006,S006,HD Supply,NX30,Cory,SL02,MAT-10041,Electrical,Cable tray,3.18,1670.14,5311.05,CAD,1,10,2023-07-16,2023-07-16,GR5000982,On Time,0
TX-01461,PO-68249,CA01,PO01,PG5,UB,2023-08-13,100036,S036,Canpar Courier,NX30,Cory,SL05,MAT-10028,Logistics,Inbound freight,14.61,7393.88,108024.59,CAD,1,1,2023-08-14,2023-08-14,GR5000983,On Time,0
TX-00490,PO-15235,CA01,PO01,PG2,NB,2024-06-06,100032,S032,Endress+Hauser,NX10,Allan,SL02,MAT-10002,Instrumentation,Flow meter,1.11,12458.79,13829.26,CAD,1,21,2024-06-27,2024-06-27,GR5000984,On Time,0
TX-01971,PO-94930,CA01,PO01,PG5,UB,2025-10-05,100037,S037,Purolator,NX60,Rocanville,SL05,MAT-10038,Logistics,Rail freight,18.04,7507.81,135440.89,CAD,1,1,2025-10-06,2025-10-06,GR5000985,On Time,0
TX-01384,PO-11195,CA01,PO01,PG3,NB,2023-10-13,100026,S026,Sask Chemical Corp,NX30,Cory,SL03,MAT-10017,Agri-Chemicals,Phosphate blend,9.89,5895.3,58304.52,CAD,1,6,2023-10-19,2023-10-19,GR5000986,On Time,0
TX-01788,PO-98067,CA01,PO01,PG1,NB,2024-02-13,100003,S003,Grainger Canada,NX60,Rocanville,SL01,MAT-10005,MRO,Bearing assembly,18.19,1741.08,31670.25,CAD,1,3,2024-02-16,2024-02-16,GR5000987,On Time,0
TX-01602,PO-75679,CA01,PO01,PG4,NB,2023-12-15,100039,S039,Sealed Air Canada,NX40,Patience Lake,SL04,MAT-10045,Packaging,Label stock,48.6,1316.19,63966.83,CAD,1,8,2023-12-23,2023-12-23,GR5000988,On Time,0
TX-00449,PO-64896,CA01,PO01,PG4,NB,2025-12-01,100038,S038,Prairie Packaging,NX70,Aurora,SL04,MAT-10013,Packaging,Pallet wrap,14.2,1242.82,17648.04,CAD,1,5,2025-12-06,2025-12-06,GR5000989,On Time,0
TX-01012,PO-72910,CA01,PO01,PG4,NB,2024-09-28,100024,S024,Northern Safety,NX30,Cory,SL04,MAT-10048,Safety,Hard hat,4.1,257.61,1056.2,CAD,1,2,2024-09-30,2024-09-30,GR5000990,On Time,0
TX-00836,PO-41696,CA01,PO01,PG2,NB,2023-11-25,100033,S033,Siemens Canada,NX30,Cory,SL02,MAT-10052,Instrumentation,Control valve,17.25,19848.85,342392.66,CAD,1,10,2023-12-05,2023-12-05,GR5000991,On Time,0
TX-00956,PO-66894,CA01,PO01,PG5,UB,2025-11-25,100016,S016,Nutrien Logistics,NX70,Aurora,SL05,MAT-10022,Logistics,Outbound freight,18.93,1251.74,23695.44,CAD,0,2,2025-11-27,2025-11-27,GR5000992,On Time,0
TX-00374,PO-48680,CA01,PO01,PG2,NB,2023-03-12,100034,S034,ABB Canada,NX10,Allan,SL02,MAT-10025,Instrumentation,Analyzer calibration,12.67,15998.96,202706.82,CAD,1,12,2023-03-24,2023-03-24,GR5000993,On Time,0
TX-01446,PO-33581,CA01,PO01,PG4,NB,2023-10-31,100039,S039,Sealed Air Canada,NX40,Patience Lake,SL04,MAT-10013,Packaging,Pallet wrap,29.2,1294.65,37803.78,CAD,1,8,2023-11-08,2023-11-09,GR5000994,Late,1
TX-01113,PO-84329,CA01,PO01,PG5,UB,2023-10-03,100018,S018,TransWest Shipping,NX10,Allan,SL05,MAT-10040,Logistics,LTL shipment,4.76,2137.89,10176.36,CAD,0,4,2023-10-07,2023-10-07,GR5000995,On Time,0
TX-00439,PO-60242,CA01,PO01,PG3,NB,2025-06-07,100008,S008,Univar Solutions,NX40,Patience Lake,SL03,MAT-10011,Chemicals,Scale inhibitor,13.04,5318.01,69346.85,CAD,1,9,2025-06-16,2025-06-16,GR5000996,On Time,0
TX-00923,PO-72601,CA01,PO01,PG5,UB,2025-12-10,100036,S036,Canpar Courier,NX40,Patience Lake,SL05,MAT-10028,Logistics,Inbound freight,2.6,4011.64,10430.26,CAD,1,1,2025-12-11,2025-12-11,GR5000997,On Time,0
TX-01210,PO-38879,CA01,PO01,PG1,NB,2025-10-28,100005,S005,Motion Industries,NX60,Rocanville,SL01,MAT-10016,MRO,Filter element,14.45,2386.58,34486.08,CAD,1,6,2025-11-03,2025-11-03,GR5000998,On Time,0
TX-01876,PO-59787,CA01,PO01,PG2,NB,2024-05-17,100031,S031,Precision Instruments,NX20,Vanscoy,SL02,MAT-10018,Instrumentation,Temperature probe,14.76,20964.71,309439.12,CAD,0,14,2024-05-31,2024-05-31,GR5000999,On Time,0
TX-01507,PO-85452,CA01,PO01,PG3,NB,2025-12-05,100008,S008,Univar Solutions,NX50,Redwater,SL03,MAT-10027,Chemicals,Defoamer,12.16,9379.81,114058.49,CAD,1,9,2025-12-14,2025-12-14,GR5001000,On Time,0
TX-00752,PO-53704,CA01,PO01,PG4,NB,2025-09-14,100024,S024,Northern Safety,NX60,Rocanville,SL04,MAT-10008,Safety,FR coveralls,6.9,223.42,1541.6,CAD,1,2,2025-09-16,2025-09-16,GR5001001,On Time,0
TX-01265,PO-99463,CA01,PO01,PG2,NB,2023-06-20,100035,S035,Rockwell Automation,NX30,Cory,SL02,MAT-10050,Electrical,Junction box,13.96,7687.95,107323.78,CAD,1,14,2023-07-04,2023-07-01,GR5001002,On Time,0
TX-01256,PO-20322,CA01,PO01,PG4,NB,2023-03-18,100039,S039,Sealed Air Canada,NX40,Patience Lake,SL04,MAT-10024,Packaging,Poly liner,15.2,370.95,5638.44,CAD,1,8,2023-03-26,2023-03-26,GR5001003,On Time,0
TX-00480,PO-25126,CA01,PO01,PG2,NB,2023-12-31,100034,S034,ABB Canada,NX70,Aurora,SL02,MAT-10050,Electrical,Junction box,10.57,10475.82,110729.42,CAD,1,12,2024-01-12,2024-01-12,GR5001004,On Time,0
TX-00419,PO-26236,CA01,PO01,PG2,NB,2025-01-24,100034,S034,ABB Canada,NX30,Cory,SL02,MAT-10014,Electrical,Conduit kit,16.65,7675.87,127803.24,CAD,1,12,2025-02-05,2025-02-05,GR5001005,On Time,0
TX-02328,PO-31510,CA01,PO01,PG1,NB,2023-10-04,100003,S003,Grainger Canada,NX60,Rocanville,SL01,MAT-10016,MRO,Filter element,19.89,1868.04,37155.32,CAD,1,3,2023-10-07,2023-10-07,GR5001006,On Time,0
TX-01556,PO-33440,CA01,PO01,PG3,NB,2025-08-27,100040,S040,Generic Supplies Inc,NX30,Cory,SL03,MAT-10042,Agri-Chemicals,Urea 46-0-0,14.53,7824.56,113690.86,CAD,0,15,2025-09-11,2025-09-11,GR5001007,On Time,0
TX-00225,PO-64172,CA01,PO01,PG4,NB,2025-12-23,100024,S024,Northern Safety,NX20,Vanscoy,SL04,MAT-10048,Safety,Hard hat,12.1,108.48,1312.61,CAD,1,2,2025-12-25,2025-12-31,GR5001008,Late,6
TX-00023,PO-97900,CA01,PO01,PG4,NB,2025-06-12,100025,S025,Direct Safety,NX20,Vanscoy,SL04,MAT-10020,Safety,Safety harness,1.1,415.47,457.02,CAD,0,7,2025-06-19,2025-06-19,GR5001009,On Time,0
TX-01120,PO-23130,CA01,PO01,PG4,NB,2025-03-27,100025,S025,Direct Safety,NX70,Aurora,SL04,MAT-10008,Safety,FR coveralls,19.5,46.13,899.54,CAD,0,7,2025-04-03,2025-04-03,GR5001010,On Time,0
TX-00011,PO-15778,CA01,PO01,PG2,NB,2023-04-15,100034,S034,ABB Canada,NX30,Cory,SL02,MAT-10009,Instrumentation,Level sensor,2.75,11454.03,31498.58,CAD,1,12,2023-04-27,2023-04-27,GR5001011,On Time,0
TX-00899,PO-90960,CA01,PO01,PG4,NB,2025-04-16,100025,S025,Direct Safety,NX10,Allan,SL04,MAT-10049,Safety,Safety glasses,39.8,35.52,1413.7,CAD,0,7,2025-04-23,2025-04-23,GR5001012,On Time,0
TX-00210,PO-27961,CA01,PO01,PG5,UB,2025-11-08,100017,S017,Canadian Freightways,NX40,Patience Lake,SL05,MAT-10028,Logistics,Inbound freight,8.63,801.91,6920.48,CAD,1,3,2025-11-11,2025-11-11,GR5001013,On Time,0
TX-02171,PO-81037,CA01,PO01,PG3,NB,2025-08-02,100027,S027,Western Agri-Chem,NX20,Vanscoy,SL03,MAT-10011,Chemicals,Scale inhibitor,10.4,6760.61,70310.34,CAD,1,8,2025-08-10,2025-08-10,GR5001014,On Time,0
TX-00111,PO-14288,CA01,PO01,PG4,NB,2023-07-22,100038,S038,Prairie Packaging,NX60,Rocanville,SL04,MAT-10047,Packaging,Corrugated box,41.9,1262.05,52879.89,CAD,1,5,2023-07-27,2023-07-27,GR5001015,On Time,0
TX-01767,PO-79459,CA01,PO01,PG3,NB,2025-01-14,100030,S030,DuPont Canada,NX60,Rocanville,SL03,MAT-10032,Agri-Chemicals,Anhydrous ammonia,7.42,5456.84,40489.75,CAD,1,7,2025-01-21,2025-01-21,GR5001016,On Time,0
TX-01462,PO-97649,CA01,PO01,PG4,NB,2023-06-27,100039,S039,Sealed Air Canada,NX30,Cory,SL04,MAT-10043,Packaging,Stretch film,43.4,1986.71,86223.21,CAD,1,8,2023-07-05,2023-07-05,GR5001017,On Time,0
TX-02121,PO-96084,CA01,PO01,PG2,NB,2025-05-11,100032,S032,Endress+Hauser,NX60,Rocanville,SL02,MAT-10018,Instrumentation,Temperature probe,15.57,14958.81,232908.67,CAD,1,21,2025-06-01,2025-06-01,GR5001018,On Time,0
TX-DUP-026,PO-42780,CA01,PO01,PG5,UB,2024-12-08,100016,S016,Nutrien Logistics,NX60,Rocanville,SL05,MAT-10038,Logistics,Rail freight,19.77,3147.92,62234.38,CAD,0,2,2024-12-10,2024-12-10,GR5001019,On Time,0
TX-01423,PO-98862,CA01,PO01,PG4,NB,2023-04-27,100039,S039,Sealed Air Canada,NX50,Redwater,SL04,MAT-10043,Packaging,Stretch film,40.6,1142.32,46378.19,CAD,1,8,2023-05-05,2023-05-05,GR5001020,On Time,0
TX-02050,PO-90186,CA01,PO01,PG4,NB,2025-07-10,100038,S038,Prairie Packaging,NX30,Cory,SL04,MAT-10013,Packaging,Pallet wrap,44.8,259.49,11625.15,CAD,1,5,2025-07-15,2025-07-15,GR5001021,On Time,0
TX-00140,PO-32527,CA01,PO01,PG4,NB,2025-05-05,100039,S039,Sealed Air Canada,NX70,Aurora,SL04,MAT-10047,Packaging,Corrugated box,15.2,857.66,13036.43,CAD,1,8,2025-05-13,2025-05-13,GR5001022,On Time,0
TX-00020,PO-53404,CA01,PO01,PG2,NB,2024-07-25,100031,S031,Precision Instruments,NX50,Redwater,SL02,MAT-10052,Instrumentation,Control valve,7.67,15189.48,116503.31,CAD,0,14,2024-08-08,2024-08-08,GR5001023,On Time,0
TX-00479,PO-99995,CA01,PO01,PG2,NB,2024-03-21,100033,S033,Siemens Canada,NX70,Aurora,SL02,MAT-10009,Instrumentation,Level sensor,4.82,16167.94,77929.47,CAD,1,10,2024-03-31,2024-03-31,GR5001024,On Time,0
TX-01057,PO-23672,CA01,PO01,PG3,NB,2025-07-13,100026,S026,Sask Chemical Corp,NX30,Cory,SL03,MAT-10032,Agri-Chemicals,Anhydrous ammonia,13.14,2715.31,35679.17,CAD,1,6,2025-07-19,2025-07-19,GR5001025,On Time,0
TX-02079,PO-32313,CA01,PO01,PG5,UB,2024-04-11,100018,S018,TransWest Shipping,NX40,Patience Lake,SL05,MAT-10029,Logistics,Expedited shipping,19.82,3544.71,70256.15,CAD,0,4,2024-04-15,2024-04-15,GR5001026,On Time,0
TX-01951,PO-23277,CA01,PO01,PG3,NB,2024-02-01,100009,S009,Chemtrade Logistics,NX30,Cory,SL03,MAT-10015,Chemicals,Sodium hydroxide 50%,6.9,6475.24,44679.16,CAD,1,5,2024-02-06,2024-02-06,GR5001027,On Time,0
TX-01254,PO-56640,CA01,PO01,PG2,NB,2025-10-21,100035,S035,Rockwell Automation,NX60,Rocanville,SL02,MAT-10014,Electrical,Conduit kit,4.7,11327.27,53238.17,CAD,1,14,2025-11-04,2025-11-04,GR5001028,On Time,0
TX-00327,PO-73614,CA01,PO01,PG2,NB,2024-08-03,100033,S033,Siemens Canada,NX50,Redwater,SL02,MAT-10052,Instrumentation,Control valve,7.42,15081.44,111904.28,CAD,1,10,2024-08-13,2024-08-13,GR5001029,On Time,0
TX-02147,PO-36858,CA01,PO01,PG2,NB,2025-08-14,100006,S006,HD Supply,NX20,Vanscoy,SL02,MAT-10023,Electrical,Motor starter,11.35,1371.43,15565.73,CAD,1,10,2025-08-24,2025-08-24,GR5001030,On Time,0
TX-02098,PO-14555,CA01,PO01,PG4,NB,2024-10-23,100024,S024,Northern Safety,NX60,Rocanville,SL04,MAT-10051,Safety,Gloves — cut-resistant,50.0,34.9,1745.0,CAD,1,2,2024-10-25,2024-10-25,GR5001031,On Time,0
TX-01810,PO-46394,CA01,PO01,PG2,NB,2023-02-14,100033,S033,Siemens Canada,NX10,Allan,SL02,MAT-10052,Instrumentation,Control valve,10.45,5220.43,54553.49,CAD,1,10,2023-02-24,2023-02-24,GR5001032,On Time,0
TX-00693,PO-22878,CA01,PO01,PG2,NB,2025-12-08,100006,S006,HD Supply,NX70,Aurora,SL02,MAT-10033,Electrical,Transformer,6.9,5044.6,34807.74,CAD,1,10,2025-12-18,2025-12-18,GR5001033,On Time,0
TX-01629,PO-42747,CA01,PO01,PG3,NB,2025-03-09,100026,S026,Sask Chemical Corp,NX50,Redwater,SL03,MAT-10037,Agri-Chemicals,Potassium chloride,14.07,7307.54,102817.09,CAD,1,6,2025-03-15,2025-03-18,GR5001034,Late,3
TX-00865,PO-54150,CA01,PO01,PG4,NB,2023-07-08,100029,S029,3M Canada,NX70,Aurora,SL04,MAT-10010,Safety,Hearing protection,36.2,239.71,8677.5,CAD,1,5,2023-07-13,2023-07-13,GR5001035,On Time,0
TX-01060,PO-72685,CA01,PO01,PG5,UB,2025-04-21,100018,S018,TransWest Shipping,NX50,Redwater,SL05,MAT-10040,Logistics,LTL shipment,8.43,8627.33,72728.39,CAD,0,4,2025-04-25,2025-04-30,GR5001036,Late,5
TX-00332,PO-11217,CA01,PO01,PG1,NB,2023-06-09,100002,S002,Wesco Distribution,NX60,Rocanville,SL01,MAT-10006,MRO,Gear oil,3.52,1056.55,3719.06,CAD,1,5,2023-06-14,2023-06-14,GR5001037,On Time,0
TX-02193,PO-62716,CA01,PO01,PG1,NB,2023-09-23,100003,S003,Grainger Canada,NX30,Cory,SL01,MAT-10026,MRO,Hose assembly,5.47,2338.44,12791.27,CAD,1,3,2023-09-26,2023-09-26,GR5001038,On Time,0
TX-00097,PO-47700,CA01,PO01,PG4,NB,2024-06-04,100025,S025,Direct Safety,NX70,Aurora,SL04,MAT-10051,Safety,Gloves — cut-resistant,23.5,312.48,7343.28,CAD,0,7,2024-06-11,2024-06-11,GR5001039,On Time,0
TX-00751,PO-80795,CA01,PO01,PG1,NB,2025-10-01,100005,S005,Motion Industries,NX70,Aurora,SL01,MAT-10044,MRO,Pump seal kit,10.08,1847.41,18621.89,CAD,1,6,2025-10-07,2025-10-06,GR5001040,On Time,0
TX-00468,PO-89194,CA01,PO01,PG3,NB,2023-03-15,100026,S026,Sask Chemical Corp,NX60,Rocanville,SL03,MAT-10015,Chemicals,Sodium hydroxide 50%,11.59,801.9,9294.02,CAD,1,6,2023-03-21,2023-03-21,GR5001041,On Time,0
TX-00318,PO-41056,CA01,PO01,PG1,NB,2024-12-14,100004,S004,Fastenal Canada,NX30,Cory,SL01,MAT-10044,MRO,Pump seal kit,17.38,437.07,7596.28,CAD,1,4,2024-12-18,2024-12-18,GR5001042,On Time,0
TX-02176,PO-54909,CA01,PO01,PG3,NB,2023-03-04,100040,S040,Generic Supplies Inc,NX20,Vanscoy,SL03,MAT-10032,Agri-Chemicals,Anhydrous ammonia,13.79,1915.86,26419.71,CAD,0,15,2023-03-19,2023-03-19,GR5001043,On Time,0
TX-01430,PO-29254,CA01,PO01,PG5,UB,2024-07-19,100018,S018,TransWest Shipping,NX50,Redwater,SL05,MAT-10022,Logistics,Outbound freight,5.93,4615.98,27372.76,CAD,0,4,2024-07-23,2024-07-23,GR5001044,On Time,0
TX-01073,PO-89559,CA01,PO01,PG5,UB,2024-07-25,100036,S036,Canpar Courier,NX50,Redwater,SL05,MAT-10028,Logistics,Inbound freight,16.99,1779.42,30232.35,CAD,1,1,2024-07-26,2024-07-26,GR5001045,On Time,0
TX-01547,PO-65652,CA01,PO01,PG5,UB,2023-10-01,100018,S018,TransWest Shipping,NX50,Redwater,SL05,MAT-10038,Logistics,Rail freight,8.6,3248.15,27934.09,CAD,0,4,2023-10-05,2023-10-05,GR5001046,On Time,0
TX-01138,PO-33464,CA01,PO01,PG4,NB,2024-04-05,100029,S029,3M Canada,NX50,Redwater,SL04,MAT-10004,Safety,First aid kit,35.3,39.98,1411.29,CAD,1,5,2024-04-10,2024-04-10,GR5001047,On Time,0
TX-02277,PO-32482,CA01,PO01,PG4,NB,2024-03-14,100038,S038,Prairie Packaging,NX20,Vanscoy,SL04,MAT-10045,Packaging,Label stock,23.9,1069.9,25570.61,CAD,1,5,2024-03-19,2024-03-19,GR5001048,On Time,0
TX-02164,PO-87415,CA01,PO01,PG5,UB,2025-03-25,100018,S018,TransWest Shipping,NX40,Patience Lake,SL05,MAT-10039,Logistics,Flatbed transport,19.41,7067.1,137172.41,CAD,0,4,2025-03-29,2025-03-29,GR5001049,On Time,0
TX-00954,PO-66206,CA01,PO01,PG2,NB,2025-12-20,100034,S034,ABB Canada,NX10,Allan,SL02,MAT-10033,Electrical,Transformer,9.01,3577.09,32229.58,CAD,1,12,2026-01-01,2026-01-01,GR5001050,On Time,0
TX-02059,PO-66966,CA01,PO01,PG4,NB,2023-11-19,100038,S038,Prairie Packaging,NX20,Vanscoy,SL04,MAT-10034,Packaging,Bulk bags,11.4,375.18,4277.05,CAD,1,5,2023-11-24,2023-11-24,GR5001051,On Time,0
TX-01806,PO-70768,CA01,PO01,PG5,UB,2024-12-23,100016,S016,Nutrien Logistics,NX70,Aurora,SL05,MAT-10040,Logistics,LTL shipment,8.78,7829.0,68738.62,CAD,0,2,2024-12-25,2024-12-25,GR5001052,On Time,0
TX-02130,PO-98677,CA01,PO01,PG4,NB,2023-10-29,100039,S039,Sealed Air Canada,NX20,Vanscoy,SL04,MAT-10045,Packaging,Label stock,20.9,1545.16,32293.84,CAD,1,8,2023-11-06,2023-11-06,GR5001053,On Time,0
TX-02356,PO-48728,CA01,PO01,PG1,NB,2025-09-11,100005,S005,Motion Industries,NX50,Redwater,SL01,MAT-10044,MRO,Pump seal kit,14.58,591.58,8625.24,CAD,1,6,2025-09-17,2025-09-17,GR5001054,On Time,0
TX-01377,PO-72094,CA01,PO01,PG3,NB,2023-09-05,100007,S007,Brenntag Canada,NX10,Allan,SL03,MAT-10015,Chemicals,Sodium hydroxide 50%,10.88,3568.71,38827.56,CAD,1,8,2023-09-13,2023-09-13,GR5001055,On Time,0
TX-00314,PO-38905,CA01,PO01,PG3,NB,2025-06-28,100030,S030,DuPont Canada,NX70,Aurora,SL03,MAT-10042,Agri-Chemicals,Urea 46-0-0,10.29,1028.3,10581.21,CAD,1,7,2025-07-05,2025-07-05,GR5001056,On Time,0
TX-01290,PO-96334,CA01,PO01,PG4,NB,2025-02-06,100039,S039,Sealed Air Canada,NX20,Vanscoy,SL04,MAT-10047,Packaging,Corrugated box,39.3,1054.52,41442.64,CAD,1,8,2025-02-14,2025-02-14,GR5001057,On Time,0
TX-01130,PO-60023,CA01,PO01,PG2,NB,2023-05-13,100034,S034,ABB Canada,NX40,Patience Lake,SL02,MAT-10014,Electrical,Conduit kit,13.24,5779.75,76523.89,CAD,1,12,2023-05-25,2023-05-25,GR5001058,On Time,0
TX-01860,PO-71274,CA01,PO01,PG2,NB,2024-12-11,100034,S034,ABB Canada,NX30,Cory,SL02,MAT-10050,Electrical,Junction box,8.73,8787.13,76711.64,CAD,1,12,2024-12-23,2024-12-23,GR5001059,On Time,0
TX-00289,PO-27758,CA01,PO01,PG4,NB,2025-10-12,100029,S029,3M Canada,NX70,Aurora,SL04,MAT-10048,Safety,Hard hat,30.1,94.31,2838.73,CAD,1,5,2025-10-17,2025-10-17,GR5001060,On Time,0
TX-01691,PO-56748,CA01,PO01,PG2,NB,2025-11-06,100033,S033,Siemens Canada,NX70,Aurora,SL02,MAT-10009,Instrumentation,Level sensor,7.25,17173.99,124511.43,CAD,1,10,2025-11-16,2025-11-16,GR5001061,On Time,0
TX-00067,PO-20641,CA01,PO01,PG2,NB,2023-07-23,100031,S031,Precision Instruments,NX40,Patience Lake,SL02,MAT-10025,Instrumentation,Analyzer calibration,19.0,6987.95,132771.05,CAD,0,14,2023-08-06,2023-08-06,GR5001062,On Time,0
TX-01343,PO-39683,CA01,PO01,PG1,NB,2024-06-29,100001,S001,Prairie Industrial Supply,NX40,Patience Lake,SL01,MAT-10016,MRO,Filter element,5.54,2417.99,13395.66,CAD,1,7,2024-07-06,2024-07-06,GR5001063,On Time,0
TX-01551,PO-50775,CA01,PO01,PG4,NB,2025-02-25,100038,S038,Prairie Packaging,NX30,Cory,SL04,MAT-10047,Packaging,Corrugated box,33.0,897.37,29613.21,CAD,1,5,2025-03-02,2025-03-02,GR5001064,On Time,0
TX-01034,PO-66848,CA01,PO01,PG2,NB,2023-12-17,100035,S035,Rockwell Automation,NX70,Aurora,SL02,MAT-10019,Electrical,LED fixture,18.88,14661.11,276801.76,CAD,1,14,2023-12-31,2023-12-31,GR5001065,On Time,0
TX-02134,PO-41536,CA01,PO01,PG2,NB,2024-01-29,100033,S033,Siemens Canada,NX30,Cory,SL02,MAT-10041,Electrical,Cable tray,15.77,6100.32,96202.05,CAD,1,10,2024-02-08,2024-02-08,GR5001066,On Time,0
TX-01186,PO-14142,CA01,PO01,PG3,NB,2023-03-24,100008,S008,Univar Solutions,NX30,Cory,SL03,MAT-10027,Chemicals,Defoamer,3.54,5515.82,19526.0,CAD,1,9,2023-04-02,2023-04-02,GR5001067,On Time,0
TX-00476,PO-23573,CA01,PO01,PG4,NB,2023-12-29,100039,S039,Sealed Air Canada,NX40,Patience Lake,SL04,MAT-10013,Packaging,Pallet wrap,34.9,413.41,14428.01,CAD,1,8,2024-01-06,2024-01-06,GR5001068,On Time,0
TX-01926,PO-88700,CA01,PO01,PG2,NB,2024-05-24,100006,S006,HD Supply,NX30,Cory,SL02,MAT-10036,Electrical,Control panel,14.58,13497.1,196787.72,CAD,1,10,2024-06-03,2024-06-03,GR5001069,On Time,0
TX-00039,PO-64921,CA01,PO01,PG1,NB,2025-09-03,100005,S005,Motion Industries,NX60,Rocanville,SL01,MAT-10012,MRO,Coupling set,1.11,1615.33,1793.02,CAD,1,6,2025-09-09,2025-09-09,GR5001070,On Time,0
TX-00221,PO-45842,CA01,PO01,PG4,NB,2025-09-28,100029,S029,3M Canada,NX70,Aurora,SL04,MAT-10004,Safety,First aid kit,16.5,152.55,2517.08,CAD,1,5,2025-10-03,2025-10-03,GR5001071,On Time,0
TX-01335,PO-91327,CA01,PO01,PG5,UB,2023-09-24,100037,S037,Purolator,NX20,Vanscoy,SL05,MAT-10040,Logistics,LTL shipment,5.16,3227.33,16653.02,CAD,1,1,2023-09-25,2023-09-25,GR5001072,On Time,0
TX-01260,PO-21425,CA01,PO01,PG3,NB,2023-01-31,100026,S026,Sask Chemical Corp,NX50,Redwater,SL03,MAT-10030,Agri-Chemicals,Micronutrient blend,3.71,7015.48,26027.43,CAD,1,6,2023-02-06,2023-02-06,GR5001073,On Time,0
TX-02104,PO-27553,CA01,PO01,PG4,NB,2024-03-13,100038,S038,Prairie Packaging,NX40,Patience Lake,SL04,MAT-10047,Packaging,Corrugated box,20.2,1250.71,25264.34,CAD,1,5,2024-03-18,2024-03-18,GR5001074,On Time,0
TX-01339,PO-67847,CA01,PO01,PG4,NB,2025-03-23,100038,S038,Prairie Packaging,NX10,Allan,SL04,MAT-10034,Packaging,Bulk bags,25.6,1055.22,27013.63,CAD,1,5,2025-03-28,2025-03-28,GR5001075,On Time,0
TX-00600,PO-86637,CA01,PO01,PG4,NB,2025-06-08,100024,S024,Northern Safety,NX10,Allan,SL04,MAT-10008,Safety,FR coveralls,16.9,83.6,1412.84,CAD,1,2,2025-06-10,2025-06-10,GR5001076,On Time,0
TX-02156,PO-40360,CA01,PO01,PG2,NB,2025-06-15,100006,S006,HD Supply,NX50,Redwater,SL02,MAT-10033,Electrical,Transformer,5.44,6505.1,35387.74,CAD,1,10,2025-06-25,2025-06-25,GR5001077,On Time,0
TX-00635,PO-36173,CA01,PO01,PG2,NB,2025-06-24,100032,S032,Endress+Hauser,NX30,Cory,SL02,MAT-10002,Instrumentation,Flow meter,12.84,11850.89,152165.43,CAD,1,21,2025-07-15,2025-07-15,GR5001078,On Time,0
TX-01662,PO-72349,CA01,PO01,PG3,NB,2024-04-01,100007,S007,Brenntag Canada,NX30,Cory,SL03,MAT-10015,Chemicals,Sodium hydroxide 50%,2.75,11867.74,32636.28,CAD,1,8,2024-04-09,2024-04-09,GR5001079,On Time,0
TX-02208,PO-79797,CA01,PO01,PG2,NB,2024-02-22,100034,S034,ABB Canada,NX10,Allan,SL02,MAT-10046,Instrumentation,Pressure transmitter,14.63,12384.87,181190.65,CAD,1,12,2024-03-05,2024-03-05,GR5001080,On Time,0
TX-00069,PO-40595,CA01,PO01,PG3,NB,2024-04-19,100028,S028,BioAgra Solutions,NX20,Vanscoy,SL03,MAT-10042,Agri-Chemicals,Urea 46-0-0,6.47,2905.91,18801.24,CAD,0,10,2024-04-29,2024-04-29,GR5001081,On Time,0
TX-00278,PO-75639,CA01,PO01,PG2,NB,2023-10-14,100006,S006,HD Supply,NX50,Redwater,SL02,MAT-10023,Electrical,Motor starter,16.02,10401.8,166636.84,CAD,1,10,2023-10-24,2023-10-24,GR5001082,On Time,0
TX-01537,PO-71189,CA01,PO01,PG2,NB,2023-07-25,100035,S035,Rockwell Automation,NX70,Aurora,SL02,MAT-10041,Electrical,Cable tray,4.56,5498.47,25073.02,CAD,1,14,2023-08-08,2023-08-08,GR5001083,On Time,0
TX-01968,PO-63125,CA01,PO01,PG2,NB,2025-10-04,100032,S032,Endress+Hauser,NX60,Rocanville,SL02,MAT-10002,Instrumentation,Flow meter,18.63,10814.1,201466.68,CAD,1,21,2025-10-25,2025-10-26,GR5001084,Late,1
TX-02282,PO-78412,CA01,PO01,PG5,UB,2023-09-04,100017,S017,Canadian Freightways,NX50,Redwater,SL05,MAT-10029,Logistics,Expedited shipping,9.57,7101.33,67959.73,CAD,1,3,2023-09-07,2023-09-07,GR5001085,On Time,0
TX-00376,PO-12559,CA01,PO01,PG4,NB,2025-12-12,100029,S029,3M Canada,NX50,Redwater,SL04,MAT-10010,Safety,Hearing protection,13.2,397.75,5250.3,CAD,1,5,2025-12-17,2025-12-17,GR5001086,On Time,0
TX-00608,PO-18302,CA01,PO01,PG4,NB,2025-01-15,100038,S038,Prairie Packaging,NX20,Vanscoy,SL04,MAT-10043,Packaging,Stretch film,39.0,538.47,21000.33,CAD,1,5,2025-01-20,2025-01-20,GR5001087,On Time,0
TX-00420,PO-86923,CA01,PO01,PG1,NB,2025-09-28,100002,S002,Wesco Distribution,NX30,Cory,SL01,MAT-10006,MRO,Gear oil,12.29,840.25,10326.67,CAD,1,5,2025-10-03,2025-10-03,GR5001088,On Time,0
TX-00099,PO-85341,CA01,PO01,PG3,NB,2025-02-26,100028,S028,BioAgra Solutions,NX10,Allan,SL03,MAT-10017,Agri-Chemicals,Phosphate blend,17.21,1339.72,23056.58,CAD,0,10,2025-03-08,2025-03-08,GR5001089,On Time,0
TX-01678,PO-80707,CA01,PO01,PG5,UB,2025-12-22,100037,S037,Purolator,NX50,Redwater,SL05,MAT-10029,Logistics,Expedited shipping,10.98,6501.95,71391.41,CAD,1,1,2025-12-23,2025-12-23,GR5001090,On Time,0
TX-01237,PO-38748,CA01,PO01,PG3,NB,2025-05-13,100027,S027,Western Agri-Chem,NX70,Aurora,SL03,MAT-10021,Chemicals,Process chemical,11.01,9497.84,104571.22,CAD,1,8,2025-05-21,2025-05-21,GR5001091,On Time,0
TX-02375,PO-87022,CA01,PO01,PG2,NB,2023-10-16,100032,S032,Endress+Hauser,NX10,Allan,SL02,MAT-10052,Instrumentation,Control valve,12.46,12721.91,158515.0,CAD,1,21,2023-11-06,2023-11-06,GR5001092,On Time,0
TX-01959,PO-38717,CA01,PO01,PG3,NB,2023-03-18,100008,S008,Univar Solutions,NX50,Redwater,SL03,MAT-10015,Chemicals,Sodium hydroxide 50%,6.04,6205.84,37483.27,CAD,1,9,2023-03-27,2023-03-27,GR5001093,On Time,0
TX-01199,PO-57655,CA01,PO01,PG2,NB,2023-07-26,100034,S034,ABB Canada,NX30,Cory,SL02,MAT-10018,Instrumentation,Temperature probe,9.19,7428.18,68264.97,CAD,1,12,2023-08-07,2023-08-06,GR5001094,On Time,0
TX-02120,PO-69389,CA01,PO01,PG2,NB,2024-08-15,100033,S033,Siemens Canada,NX50,Redwater,SL02,MAT-10023,Electrical,Motor starter,6.43,2890.31,18584.69,CAD,1,10,2024-08-25,2024-08-25,GR5001095,On Time,0
TX-02057,PO-66599,CA01,PO01,PG5,UB,2024-02-23,100016,S016,Nutrien Logistics,NX20,Vanscoy,SL05,MAT-10038,Logistics,Rail freight,7.97,6997.32,55768.64,CAD,0,2,2024-02-25,2024-02-25,GR5001096,On Time,0
TX-00671,PO-16411,CA01,PO01,PG1,NB,2024-07-23,100002,S002,Wesco Distribution,NX40,Patience Lake,SL01,MAT-10035,MRO,Conveyor belt,12.78,2531.09,32347.33,CAD,1,5,2024-07-28,2024-07-28,GR5001097,On Time,0
TX-01739,PO-94008,CA01,PO01,PG1,NB,2024-09-20,100002,S002,Wesco Distribution,NX20,Vanscoy,SL01,MAT-10001,MRO,Valve repair parts,17.95,3377.94,60634.02,CAD,1,5,2024-09-25,2024-09-26,GR5001098,Late,1
TX-00388,PO-84381,CA01,PO01,PG5,UB,2023-01-04,100017,S017,Canadian Freightways,NX70,Aurora,SL05,MAT-10040,Logistics,LTL shipment,19.03,7615.24,144918.02,CAD,1,3,2023-01-07,2023-01-07,GR5001099,On Time,0
TX-01203,PO-19814,CA01,PO01,PG3,NB,2024-01-26,100007,S007,Brenntag Canada,NX40,Patience Lake,SL03,MAT-10015,Chemicals,Sodium hydroxide 50%,4.67,5792.62,27051.54,CAD,1,8,2024-02-03,2024-02-03,GR5001100,On Time,0
TX-01880,PO-48455,CA01,PO01,PG1,NB,2023-08-29,100003,S003,Grainger Canada,NX40,Patience Lake,SL01,MAT-10006,MRO,Gear oil,14.27,2235.39,31899.02,CAD,1,3,2023-09-01,2023-09-01,GR5001101,On Time,0
TX-02128,PO-83551,CA01,PO01,PG4,NB,2025-01-10,100025,S025,Direct Safety,NX70,Aurora,SL04,MAT-10020,Safety,Safety harness,32.9,403.52,13275.81,CAD,0,7,2025-01-17,2025-01-17,GR5001102,On Time,0
TX-00141,PO-20308,CA01,PO01,PG3,NB,2025-06-13,100028,S028,BioAgra Solutions,NX20,Vanscoy,SL03,MAT-10030,Agri-Chemicals,Micronutrient blend,17.05,2521.86,42997.71,CAD,0,10,2025-06-23,2025-06-23,GR5001103,On Time,0
TX-01192,PO-66250,CA01,PO01,PG4,NB,2023-08-24,100025,S025,Direct Safety,NX50,Redwater,SL04,MAT-10004,Safety,First aid kit,43.3,436.53,18901.75,CAD,0,7,2023-08-31,2023-09-06,GR5001104,Late,6
TX-01693,PO-97498,CA01,PO01,PG2,NB,2025-09-26,100031,S031,Precision Instruments,NX50,Redwater,SL02,MAT-10052,Instrumentation,Control valve,11.65,23430.69,272967.54,CAD,0,14,2025-10-10,2025-10-10,GR5001105,On Time,0
TX-00882,PO-98027,CA01,PO01,PG3,NB,2024-09-23,100028,S028,BioAgra Solutions,NX50,Redwater,SL03,MAT-10042,Agri-Chemicals,Urea 46-0-0,1.4,8696.1,12174.54,CAD,0,10,2024-10-03,2024-10-03,GR5001106,On Time,0
TX-02162,PO-44722,CA01,PO01,PG2,NB,2024-11-17,100033,S033,Siemens Canada,NX50,Redwater,SL02,MAT-10023,Electrical,Motor starter,11.24,6819.78,76654.33,CAD,1,10,2024-11-27,2024-11-27,GR5001107,On Time,0
TX-00966,PO-57352,CA01,PO01,PG5,UB,2024-05-22,100036,S036,Canpar Courier,NX40,Patience Lake,SL05,MAT-10022,Logistics,Outbound freight,3.0,4373.39,13120.17,CAD,1,1,2024-05-23,2024-05-23,GR5001108,On Time,0
TX-00691,PO-36489,CA01,PO01,PG4,NB,2023-12-25,100029,S029,3M Canada,NX30,Cory,SL04,MAT-10004,Safety,First aid kit,6.5,318.28,2068.82,CAD,1,5,2023-12-30,2023-12-30,GR5001109,On Time,0
TX-01263,PO-15189,CA01,PO01,PG2,NB,2023-10-15,100034,S034,ABB Canada,NX70,Aurora,SL02,MAT-10018,Instrumentation,Temperature probe,18.86,24334.5,458948.67,CAD,1,12,2023-10-27,2023-10-27,GR5001110,On Time,0
TX-01596,PO-48704,CA01,PO01,PG2,NB,2025-10-03,100033,S033,Siemens Canada,NX60,Rocanville,SL02,MAT-10050,Electrical,Junction box,15.3,11403.31,174470.64,CAD,1,10,2025-10-13,2025-10-16,GR5001111,Late,3
TX-00803,PO-85304,CA01,PO01,PG5,UB,2023-11-11,100017,S017,Canadian Freightways,NX50,Redwater,SL05,MAT-10029,Logistics,Expedited shipping,4.06,1376.88,5590.13,CAD,1,3,2023-11-14,2023-11-14,GR5001112,On Time,0
TX-01083,PO-38647,CA01,PO01,PG3,NB,2024-07-24,100027,S027,Western Agri-Chem,NX20,Vanscoy,SL03,MAT-10042,Agri-Chemicals,Urea 46-0-0,13.35,3204.25,42776.74,CAD,1,8,2024-08-01,2024-07-29,GR5001113,On Time,0
TX-01764,PO-43713,CA01,PO01,PG2,NB,2024-08-10,100034,S034,ABB Canada,NX10,Allan,SL02,MAT-10036,Electrical,Control panel,13.1,2780.43,36423.63,CAD,1,12,2024-08-22,2024-08-22,GR5001114,On Time,0
TX-01209,PO-38548,CA01,PO01,PG4,NB,2024-07-10,100039,S039,Sealed Air Canada,NX60,Rocanville,SL04,MAT-10045,Packaging,Label stock,11.1,86.91,964.7,CAD,1,8,2024-07-18,2024-07-18,GR5001115,On Time,0
TX-00683,PO-13816,CA01,PO01,PG2,NB,2024-11-13,100033,S033,Siemens Canada,NX20,Vanscoy,SL02,MAT-10019,Electrical,LED fixture,7.49,10921.07,81798.81,CAD,1,10,2024-11-23,2024-11-23,GR5001116,On Time,0
TX-02167,PO-54265,CA01,PO01,PG4,NB,2024-08-20,100039,S039,Sealed Air Canada,NX40,Patience Lake,SL04,MAT-10045,Packaging,Label stock,32.8,652.42,21399.38,CAD,1,8,2024-08-28,2024-08-28,GR5001117,On Time,0
TX-00418,PO-16626,CA01,PO01,PG1,NB,2024-02-16,100002,S002,Wesco Distribution,NX10,Allan,SL01,MAT-10006,MRO,Gear oil,16.9,1160.23,19607.89,CAD,1,5,2024-02-21,2024-02-21,GR5001118,On Time,0
TX-01542,PO-70124,CA01,PO01,PG2,NB,2024-09-25,100033,S033,Siemens Canada,NX20,Vanscoy,SL02,MAT-10050,Electrical,Junction box,16.06,2293.62,36835.54,CAD,1,10,2024-10-05,2024-10-05,GR5001119,On Time,0
TX-01946,PO-28653,CA01,PO01,PG4,NB,2023-10-14,100038,S038,Prairie Packaging,NX60,Rocanville,SL04,MAT-10013,Packaging,Pallet wrap,32.8,659.79,21641.11,CAD,1,5,2023-10-19,2023-10-19,GR5001120,On Time,0
TX-02169,PO-61183,CA01,PO01,PG3,NB,2024-01-02,100026,S026,Sask Chemical Corp,NX30,Cory,SL03,MAT-10037,Agri-Chemicals,Potassium chloride,5.47,4534.16,24801.86,CAD,1,6,2024-01-08,2024-01-08,GR5001121,On Time,0
TX-00729,PO-43036,CA01,PO01,PG1,NB,2023-06-18,100003,S003,Grainger Canada,NX60,Rocanville,SL01,MAT-10016,MRO,Filter element,3.41,392.04,1336.86,CAD,1,3,2023-06-21,2023-06-21,GR5001122,On Time,0
TX-02348,PO-23717,CA01,PO01,PG1,NB,2025-09-12,100003,S003,Grainger Canada,NX30,Cory,SL01,MAT-10006,MRO,Gear oil,12.0,641.16,7693.92,CAD,1,3,2025-09-15,2025-09-15,GR5001123,On Time,0
TX-00057,PO-50135,CA01,PO01,PG3,NB,2023-02-05,100030,S030,DuPont Canada,NX50,Redwater,SL03,MAT-10032,Agri-Chemicals,Anhydrous ammonia,2.77,2084.13,5773.04,CAD,1,7,2023-02-12,2023-02-12,GR5001124,On Time,0
TX-00112,PO-99873,CA01,PO01,PG2,NB,2025-06-29,100034,S034,ABB Canada,NX60,Rocanville,SL02,MAT-10023,Electrical,Motor starter,19.06,12860.66,245124.18,CAD,1,12,2025-07-11,2025-07-11,GR5001125,On Time,0
TX-00458,PO-30892,CA01,PO01,PG3,NB,2023-12-08,100030,S030,DuPont Canada,NX70,Aurora,SL03,MAT-10042,Agri-Chemicals,Urea 46-0-0,3.15,5690.89,17926.3,CAD,1,7,2023-12-15,2023-12-15,GR5001126,On Time,0
TX-01618,PO-68090,CA01,PO01,PG3,NB,2023-05-15,100027,S027,Western Agri-Chem,NX10,Allan,SL03,MAT-10042,Agri-Chemicals,Urea 46-0-0,15.45,5514.62,85200.88,CAD,1,8,2023-05-23,2023-05-28,GR5001127,Late,5
TX-DUP-004,PO-77552,CA01,PO01,PG2,NB,2024-02-13,100032,S032,Endress+Hauser,NX20,Vanscoy,SL02,MAT-10009,Instrumentation,Level sensor,17.83,8916.5,158981.19,CAD,1,21,2024-03-05,2024-03-05,GR5001128,On Time,0
TX-00782,PO-39151,CA01,PO01,PG3,NB,2025-05-26,100028,S028,BioAgra Solutions,NX20,Vanscoy,SL03,MAT-10030,Agri-Chemicals,Micronutrient blend,14.99,2508.65,37604.66,CAD,0,10,2025-06-05,2025-06-03,GR5001129,On Time,0
TX-00624,PO-20118,CA01,PO01,PG4,NB,2024-09-07,100025,S025,Direct Safety,NX50,Redwater,SL04,MAT-10020,Safety,Safety harness,5.5,196.72,1081.96,CAD,0,7,2024-09-14,2024-09-20,GR5001130,Late,6
TX-01743,PO-48068,CA01,PO01,PG4,NB,2023-02-01,100025,S025,Direct Safety,NX10,Allan,SL04,MAT-10048,Safety,Hard hat,3.2,188.56,603.39,CAD,0,7,2023-02-08,2023-02-08,GR5001131,On Time,0
TX-00570,PO-84427,CA01,PO01,PG5,UB,2024-10-08,100037,S037,Purolator,NX40,Patience Lake,SL05,MAT-10039,Logistics,Flatbed transport,15.92,2750.26,43784.14,CAD,1,1,2024-10-09,2024-10-09,GR5001132,On Time,0
TX-01829,PO-51322,CA01,PO01,PG5,UB,2023-09-11,100018,S018,TransWest Shipping,NX20,Vanscoy,SL05,MAT-10022,Logistics,Outbound freight,2.0,3283.45,6566.9,CAD,0,4,2023-09-15,2023-09-15,GR5001133,On Time,0
TX-00088,PO-95461,CA01,PO01,PG2,NB,2025-02-19,100006,S006,HD Supply,NX70,Aurora,SL02,MAT-10033,Electrical,Transformer,8.34,10022.59,83588.4,CAD,1,10,2025-03-01,2025-03-01,GR5001134,On Time,0
TX-00021,PO-24208,CA01,PO01,PG1,NB,2024-01-01,100001,S001,Prairie Industrial Supply,NX30,Cory,SL01,MAT-10005,MRO,Bearing assembly,12.03,4426.8,53254.4,CAD,1,7,2024-01-08,2024-01-08,GR5001135,On Time,0
TX-01191,PO-34492,CA01,PO01,PG3,NB,2025-09-22,100028,S028,BioAgra Solutions,NX30,Cory,SL03,MAT-10030,Agri-Chemicals,Micronutrient blend,2.57,4111.07,10565.45,CAD,0,10,2025-10-02,2025-10-02,GR5001136,On Time,0
TX-00077,PO-14809,CA01,PO01,PG5,UB,2025-10-11,100018,S018,TransWest Shipping,NX60,Rocanville,SL05,MAT-10039,Logistics,Flatbed transport,6.48,8628.25,55911.06,CAD,0,4,2025-10-15,2025-10-15,GR5001137,On Time,0
TX-00258,PO-16755,CA01,PO01,PG3,NB,2025-01-29,100026,S026,Sask Chemical Corp,NX50,Redwater,SL03,MAT-10031,Chemicals,Hydrochloric acid,2.76,8915.35,24606.37,CAD,1,6,2025-02-04,2025-02-04,GR5001138,On Time,0
TX-01347,PO-97298,CA01,PO01,PG5,UB,2023-05-23,100018,S018,TransWest Shipping,NX70,Aurora,SL05,MAT-10028,Logistics,Inbound freight,4.17,3325.77,13868.46,CAD,0,4,2023-05-27,2023-05-27,GR5001139,On Time,0
TX-02236,PO-90938,CA01,PO01,PG3,NB,2023-08-03,100026,S026,Sask Chemical Corp,NX60,Rocanville,SL03,MAT-10015,Chemicals,Sodium hydroxide 50%,3.46,2823.92,9770.76,CAD,1,6,2023-08-09,2023-08-09,GR5001140,On Time,0
TX-02214,PO-38478,CA01,PO01,PG3,NB,2023-12-26,100028,S028,BioAgra Solutions,NX60,Rocanville,SL03,MAT-10021,Chemicals,Process chemical,2.2,9297.79,20455.14,CAD,0,10,2024-01-05,2024-01-05,GR5001141,On Time,0
TX-00759,PO-12498,CA01,PO01,PG5,UB,2023-05-28,100037,S037,Purolator,NX10,Allan,SL05,MAT-10038,Logistics,Rail freight,1.7,1561.93,2655.28,CAD,1,1,2023-05-29,2023-05-29,GR5001142,On Time,0
TX-01820,PO-44866,CA01,PO01,PG2,NB,2025-10-02,100033,S033,Siemens Canada,NX40,Patience Lake,SL02,MAT-10014,Electrical,Conduit kit,9.79,13526.37,132423.16,CAD,1,10,2025-10-12,2025-10-12,GR5001143,On Time,0
TX-02210,PO-92278,CA01,PO01,PG2,NB,2024-10-19,100006,S006,HD Supply,NX60,Rocanville,SL02,MAT-10019,Electrical,LED fixture,5.95,14604.78,86898.44,CAD,1,10,2024-10-29,2024-10-28,GR5001144,On Time,0
TX-00395,PO-22203,CA01,PO01,PG2,NB,2024-12-01,100031,S031,Precision Instruments,NX20,Vanscoy,SL02,MAT-10052,Instrumentation,Control valve,4.23,11678.07,49398.24,CAD,0,14,2024-12-15,2024-12-15,GR5001145,On Time,0
TX-00713,PO-36956,CA01,PO01,PG5,UB,2024-08-19,100036,S036,Canpar Courier,NX40,Patience Lake,SL05,MAT-10022,Logistics,Outbound freight,8.41,4834.49,40658.06,CAD,1,1,2024-08-20,2024-08-20,GR5001146,On Time,0
TX-01063,PO-42353,CA01,PO01,PG4,NB,2025-07-01,100024,S024,Northern Safety,NX10,Allan,SL04,MAT-10004,Safety,First aid kit,4.1,171.71,704.01,CAD,1,2,2025-07-03,2025-07-03,GR5001147,On Time,0
TX-02369,PO-13063,CA01,PO01,PG4,NB,2025-07-17,100038,S038,Prairie Packaging,NX30,Cory,SL04,MAT-10024,Packaging,Poly liner,42.4,1173.15,49741.56,CAD,1,5,2025-07-22,2025-07-22,GR5001148,On Time,0
TX-00670,PO-88656,CA01,PO01,PG4,NB,2025-09-01,100029,S029,3M Canada,NX70,Aurora,SL04,MAT-10010,Safety,Hearing protection,23.2,187.91,4359.51,CAD,1,5,2025-09-06,2025-09-06,GR5001149,On Time,0
TX-01153,PO-43654,CA01,PO01,PG3,NB,2023-03-22,100028,S028,BioAgra Solutions,NX20,Vanscoy,SL03,MAT-10030,Agri-Chemicals,Micronutrient blend,3.45,2146.94,7406.94,CAD,0,10,2023-04-01,2023-04-05,GR5001150,Late,4
TX-00089,PO-67711,CA01,PO01,PG5,UB,2023-09-16,100036,S036,Canpar Courier,NX20,Vanscoy,SL05,MAT-10028,Logistics,Inbound freight,10.54,4926.35,51923.73,CAD,1,1,2023-09-17,2023-09-22,GR5001151,Late,5
TX-02350,PO-95026,CA01,PO01,PG4,NB,2024-07-02,100039,S039,Sealed Air Canada,NX10,Allan,SL04,MAT-10045,Packaging,Label stock,7.5,471.17,3533.78,CAD,1,8,2024-07-10,2024-07-10,GR5001152,On Time,0
TX-02107,PO-89504,CA01,PO01,PG5,UB,2023-12-16,100036,S036,Canpar Courier,NX10,Allan,SL05,MAT-10022,Logistics,Outbound freight,16.48,1682.59,27729.08,CAD,1,1,2023-12-17,2023-12-17,GR5001153,On Time,0
TX-00355,PO-62550,CA01,PO01,PG2,NB,2023-04-18,100033,S033,Siemens Canada,NX40,Patience Lake,SL02,MAT-10023,Electrical,Motor starter,4.41,12104.2,53379.52,CAD,1,10,2023-04-28,2023-04-28,GR5001154,On Time,0
TX-00126,PO-27054,CA01,PO01,PG3,NB,2025-06-03,100007,S007,Brenntag Canada,NX20,Vanscoy,SL03,MAT-10021,Chemicals,Process chemical,2.83,9074.52,25680.89,CAD,1,8,2025-06-11,2025-06-11,GR5001155,On Time,0
TX-01886,PO-18773,CA01,PO01,PG3,NB,2023-03-10,100026,S026,Sask Chemical Corp,NX60,Rocanville,SL03,MAT-10011,Chemicals,Scale inhibitor,6.3,7041.55,44361.76,CAD,1,6,2023-03-16,2023-03-16,GR5001156,On Time,0
TX-00913,PO-61664,CA01,PO01,PG3,NB,2023-02-23,100026,S026,Sask Chemical Corp,NX30,Cory,SL03,MAT-10042,Agri-Chemicals,Urea 46-0-0,6.4,7858.14,50292.1,CAD,1,6,2023-03-01,2023-03-01,GR5001157,On Time,0
TX-01230,PO-29689,CA01,PO01,PG5,UB,2025-12-22,100017,S017,Canadian Freightways,NX60,Rocanville,SL05,MAT-10040,Logistics,LTL shipment,7.36,1860.24,13691.37,CAD,1,3,2025-12-25,2025-12-28,GR5001158,Late,3
TX-00213,PO-86507,CA01,PO01,PG3,NB,2025-08-30,100040,S040,Generic Supplies Inc,NX30,Cory,SL03,MAT-10037,Agri-Chemicals,Potassium chloride,16.5,3606.39,59505.43,CAD,0,15,2025-09-14,2025-09-13,GR5001159,On Time,0
TX-01796,PO-20408,CA01,PO01,PG3,NB,2023-01-08,100028,S028,BioAgra Solutions,NX20,Vanscoy,SL03,MAT-10003,Chemicals,Sulfuric acid,9.23,9281.8,85671.01,CAD,0,10,2023-01-18,2023-01-18,GR5001160,On Time,0
TX-00511,PO-51652,CA01,PO01,PG2,NB,2024-04-25,100035,S035,Rockwell Automation,NX10,Allan,SL02,MAT-10041,Electrical,Cable tray,2.9,9368.83,27169.61,CAD,1,14,2024-05-09,2024-05-09,GR5001161,On Time,0
TX-01550,PO-49575,CA01,PO01,PG4,NB,2024-04-16,100038,S038,Prairie Packaging,NX70,Aurora,SL04,MAT-10013,Packaging,Pallet wrap,7.8,440.9,3439.02,CAD,1,5,2024-04-21,2024-04-21,GR5001162,On Time,0
TX-01340,PO-35419,CA01,PO01,PG2,NB,2023-04-11,100033,S033,Siemens Canada,NX20,Vanscoy,SL02,MAT-10018,Instrumentation,Temperature probe,13.32,18702.04,249111.17,CAD,1,10,2023-04-21,2023-04-21,GR5001163,On Time,0
TX-01969,PO-88378,CA01,PO01,PG4,NB,2024-05-13,100038,S038,Prairie Packaging,NX30,Cory,SL04,MAT-10013,Packaging,Pallet wrap,30.9,396.6,12254.94,CAD,1,5,2024-05-18,2024-05-18,GR5001164,On Time,0
TX-01092,PO-42550,CA01,PO01,PG2,NB,2024-02-26,100035,S035,Rockwell Automation,NX10,Allan,SL02,MAT-10014,Electrical,Conduit kit,11.25,13618.15,153204.19,CAD,1,14,2024-03-11,2024-03-11,GR5001165,On Time,0
TX-00448,PO-49467,CA01,PO01,PG2,NB,2023-11-10,100034,S034,ABB Canada,NX70,Aurora,SL02,MAT-10046,Instrumentation,Pressure transmitter,4.9,17614.89,86312.96,CAD,1,12,2023-11-22,2023-11-22,GR5001166,On Time,0
TX-00977,PO-91889,CA01,PO01,PG3,NB,2025-07-08,100030,S030,DuPont Canada,NX70,Aurora,SL03,MAT-10042,Agri-Chemicals,Urea 46-0-0,3.83,5931.77,22718.68,CAD,1,7,2025-07-15,2025-07-15,GR5001167,On Time,0
TX-01842,PO-98060,CA01,PO01,PG2,NB,2024-08-07,100034,S034,ABB Canada,NX20,Vanscoy,SL02,MAT-10025,Instrumentation,Analyzer calibration,9.58,11970.27,114675.19,CAD,1,12,2024-08-19,2024-08-19,GR5001168,On Time,0
TX-02247,PO-72824,CA01,PO01,PG1,NB,2023-04-21,100002,S002,Wesco Distribution,NX60,Rocanville,SL01,MAT-10001,MRO,Valve repair parts,9.03,1660.11,14990.79,CAD,1,5,2023-04-26,2023-04-26,GR5001169,On Time,0
TX-01026,PO-71263,CA01,PO01,PG4,NB,2023-05-21,100029,S029,3M Canada,NX10,Allan,SL04,MAT-10020,Safety,Safety harness,17.7,273.79,4846.08,CAD,1,5,2023-05-26,2023-05-26,GR5001170,On Time,0
TX-00673,PO-98092,CA01,PO01,PG2,NB,2023-04-11,100033,S033,Siemens Canada,NX20,Vanscoy,SL02,MAT-10002,Instrumentation,Flow meter,3.07,24852.78,76298.03,CAD,1,10,2023-04-21,2023-04-21,GR5001171,On Time,0
TX-00098,PO-42780,CA01,PO01,PG5,UB,2024-12-08,100016,S016,Nutrien Logistics,NX60,Rocanville,SL05,MAT-10038,Logistics,Rail freight,19.77,3147.92,62234.38,CAD,0,2,2024-12-10,2024-12-10,GR5001172,On Time,0
TX-02200,PO-72983,CA01,PO01,PG3,NB,2024-10-11,100009,S009,Chemtrade Logistics,NX50,Redwater,SL03,MAT-10027,Chemicals,Defoamer,2.32,862.38,2000.72,CAD,1,5,2024-10-16,2024-10-16,GR5001173,On Time,0
TX-00300,PO-23703,CA01,PO01,PG2,NB,2025-10-21,100006,S006,HD Supply,NX60,Rocanville,SL02,MAT-10036,Electrical,Control panel,3.86,14966.0,57768.76,CAD,1,10,2025-10-31,2025-10-31,GR5001174,On Time,0
TX-00351,PO-23487,CA01,PO01,PG3,NB,2023-04-24,100040,S040,Generic Supplies Inc,NX30,Cory,SL03,MAT-10017,Agri-Chemicals,Phosphate blend,10.49,5206.18,54612.83,CAD,0,15,2023-05-09,2023-05-09,GR5001175,On Time,0
TX-01646,PO-96267,CA01,PO01,PG5,UB,2023-05-22,100037,S037,Purolator,NX30,Cory,SL05,MAT-10022,Logistics,Outbound freight,7.22,2865.02,20685.44,CAD,1,1,2023-05-23,2023-05-23,GR5001176,On Time,0
TX-02331,PO-44698,CA01,PO01,PG4,NB,2024-12-18,100038,S038,Prairie Packaging,NX60,Rocanville,SL04,MAT-10047,Packaging,Corrugated box,48.7,1300.27,63323.15,CAD,1,5,2024-12-23,2024-12-23,GR5001177,On Time,0
TX-00036,PO-20561,CA01,PO01,PG4,NB,2023-06-08,100025,S025,Direct Safety,NX60,Rocanville,SL04,MAT-10010,Safety,Hearing protection,36.0,120.4,4334.4,CAD,0,7,2023-06-15,2023-06-15,GR5001178,On Time,0
TX-02097,PO-74563,CA01,PO01,PG1,NB,2024-05-08,100005,S005,Motion Industries,NX10,Allan,SL01,MAT-10035,MRO,Conveyor belt,12.27,2857.39,35060.18,CAD,1,6,2024-05-14,2024-05-14,GR5001179,On Time,0
TX-00840,PO-74987,CA01,PO01,PG4,NB,2024-10-05,100038,S038,Prairie Packaging,NX50,Redwater,SL04,MAT-10013,Packaging,Pallet wrap,7.1,291.81,2071.85,CAD,1,5,2024-10-10,2024-10-17,GR5001180,Late,7
TX-00553,PO-54560,CA01,PO01,PG1,NB,2025-04-13,100003,S003,Grainger Canada,NX10,Allan,SL01,MAT-10016,MRO,Filter element,10.62,2535.91,26931.36,CAD,1,3,2025-04-16,2025-04-16,GR5001181,On Time,0
TX-01178,PO-80663,CA01,PO01,PG3,NB,2025-02-03,100030,S030,DuPont Canada,NX10,Allan,SL03,MAT-10032,Agri-Chemicals,Anhydrous ammonia,19.42,2968.49,57648.08,CAD,1,7,2025-02-10,2025-02-10,GR5001182,On Time,0
TX-00464,PO-31679,CA01,PO01,PG1,NB,2023-11-18,100001,S001,Prairie Industrial Supply,NX70,Aurora,SL01,MAT-10006,MRO,Gear oil,10.61,2138.34,22687.79,CAD,1,7,2023-11-25,2023-11-25,GR5001183,On Time,0
TX-00584,PO-80735,CA01,PO01,PG3,NB,2025-12-08,100040,S040,Generic Supplies Inc,NX60,Rocanville,SL03,MAT-10037,Agri-Chemicals,Potassium chloride,13.16,5096.86,67074.68,CAD,0,15,2025-12-23,2025-12-26,GR5001184,Late,3
TX-01400,PO-19801,CA01,PO01,PG2,NB,2025-01-02,100034,S034,ABB Canada,NX70,Aurora,SL02,MAT-10009,Instrumentation,Level sensor,2.29,21979.62,50333.33,CAD,1,12,2025-01-14,2025-01-11,GR5001185,On Time,0
TX-01314,PO-34368,CA01,PO01,PG2,NB,2023-08-23,100006,S006,HD Supply,NX20,Vanscoy,SL02,MAT-10033,Electrical,Transformer,4.42,4975.68,21992.51,CAD,1,10,2023-09-02,2023-09-02,GR5001186,On Time,0
TX-01502,PO-53389,CA01,PO01,PG3,NB,2024-01-20,100007,S007,Brenntag Canada,NX30,Cory,SL03,MAT-10011,Chemicals,Scale inhibitor,4.79,1851.1,8866.77,CAD,1,8,2024-01-28,2024-01-28,GR5001187,On Time,0
TX-00530,PO-88558,CA01,PO01,PG1,NB,2023-04-25,100005,S005,Motion Industries,NX10,Allan,SL01,MAT-10012,MRO,Coupling set,4.16,4154.89,17284.34,CAD,1,6,2023-05-01,2023-05-01,GR5001188,On Time,0
TX-01964,PO-81068,CA01,PO01,PG4,NB,2025-08-08,100024,S024,Northern Safety,NX10,Allan,SL04,MAT-10020,Safety,Safety harness,45.4,371.9,16884.26,CAD,1,2,2025-08-10,2025-08-10,GR5001189,On Time,0
TX-01259,PO-84304,CA01,PO01,PG1,NB,2025-03-04,100040,S040,Generic Supplies Inc,NX50,Redwater,SL01,MAT-10001,MRO,Valve repair parts,5.54,5036.23,27900.71,CAD,0,15,2025-03-19,2025-03-19,GR5001190,On Time,0
TX-01409,PO-54974,CA01,PO01,PG5,UB,2023-08-30,100016,S016,Nutrien Logistics,NX60,Rocanville,SL05,MAT-10022,Logistics,Outbound freight,18.05,8701.08,157054.49,CAD,0,2,2023-09-01,2023-09-01,GR5001191,On Time,0
TX-01284,PO-78572,CA01,PO01,PG3,NB,2025-04-20,100030,S030,DuPont Canada,NX60,Rocanville,SL03,MAT-10037,Agri-Chemicals,Potassium chloride,7.68,6694.21,51411.53,CAD,1,7,2025-04-27,2025-04-27,GR5001192,On Time,0
TX-00249,PO-14222,CA01,PO01,PG2,NB,2024-01-22,100034,S034,ABB Canada,NX30,Cory,SL02,MAT-10023,Electrical,Motor starter,18.81,10930.35,205599.88,CAD,1,12,2024-02-03,2024-02-03,GR5001193,On Time,0
TX-00626,PO-66925,CA01,PO01,PG2,NB,2025-02-20,100031,S031,Precision Instruments,NX70,Aurora,SL02,MAT-10009,Instrumentation,Level sensor,2.49,3191.18,7946.04,CAD,0,14,2025-03-06,2025-03-06,GR5001194,On Time,0
TX-00150,PO-67377,CA01,PO01,PG3,NB,2023-06-22,100009,S009,Chemtrade Logistics,NX70,Aurora,SL03,MAT-10031,Chemicals,Hydrochloric acid,10.59,2732.66,28938.87,CAD,1,5,2023-06-27,2023-07-03,GR5001195,Late,6
TX-00528,PO-87436,CA01,PO01,PG4,NB,2024-11-07,100025,S025,Direct Safety,NX50,Redwater,SL04,MAT-10049,Safety,Safety glasses,36.3,226.02,8204.53,CAD,0,7,2024-11-14,2024-11-15,GR5001196,Late,1
TX-02114,PO-82127,CA01,PO01,PG5,UB,2024-11-28,100017,S017,Canadian Freightways,NX30,Cory,SL05,MAT-10039,Logistics,Flatbed transport,7.76,6630.48,51452.52,CAD,1,3,2024-12-01,2024-12-01,GR5001197,On Time,0
TX-00454,PO-48085,CA01,PO01,PG4,NB,2024-06-24,100025,S025,Direct Safety,NX30,Cory,SL04,MAT-10048,Safety,Hard hat,23.7,63.27,1499.5,CAD,0,7,2024-07-01,2024-07-01,GR5001198,On Time,0
TX-02064,PO-86108,CA01,PO01,PG5,UB,2025-12-28,100016,S016,Nutrien Logistics,NX10,Allan,SL05,MAT-10038,Logistics,Rail freight,19.04,1501.89,28595.99,CAD,0,2,2025-12-30,2025-12-30,GR5001199,On Time,0
TX-01533,PO-21895,CA01,PO01,PG2,NB,2025-10-28,100032,S032,Endress+Hauser,NX30,Cory,SL02,MAT-10009,Instrumentation,Level sensor,11.48,18963.6,217702.13,CAD,1,21,2025-11-18,2025-11-18,GR5001200,On Time,0
TX-00677,PO-65974,CA01,PO01,PG1,NB,2025-12-19,100001,S001,Prairie Industrial Supply,NX40,Patience Lake,SL01,MAT-10016,MRO,Filter element,19.76,2202.3,43517.45,CAD,1,7,2025-12-26,2025-12-26,GR5001201,On Time,0
TX-02131,PO-59584,CA01,PO01,PG5,UB,2024-06-28,100036,S036,Canpar Courier,NX70,Aurora,SL05,MAT-10039,Logistics,Flatbed transport,2.78,4629.6,12870.29,CAD,1,1,2024-06-29,2024-06-29,GR5001202,On Time,0
TX-02127,PO-78156,CA01,PO01,PG3,NB,2024-03-18,100027,S027,Western Agri-Chem,NX70,Aurora,SL03,MAT-10032,Agri-Chemicals,Anhydrous ammonia,6.88,7567.04,52061.24,CAD,1,8,2024-03-26,2024-03-30,GR5001203,Late,4
TX-01388,PO-90933,CA01,PO01,PG2,NB,2024-10-25,100032,S032,Endress+Hauser,NX70,Aurora,SL02,MAT-10052,Instrumentation,Control valve,12.19,15147.03,184642.3,CAD,1,21,2024-11-15,2024-11-15,GR5001204,On Time,0
TX-00848,PO-69589,CA01,PO01,PG4,NB,2025-04-08,100039,S039,Sealed Air Canada,NX60,Rocanville,SL04,MAT-10013,Packaging,Pallet wrap,49.4,1061.92,52458.85,CAD,1,8,2025-04-16,2025-04-15,GR5001205,On Time,0
TX-01943,PO-75500,CA01,PO01,PG3,NB,2025-04-09,100040,S040,Generic Supplies Inc,NX30,Cory,SL03,MAT-10030,Agri-Chemicals,Micronutrient blend,15.28,4853.6,74163.01,CAD,0,15,2025-04-24,2025-04-24,GR5001206,On Time,0
TX-01513,PO-25760,CA01,PO01,PG5,UB,2025-06-23,100036,S036,Canpar Courier,NX40,Patience Lake,SL05,MAT-10038,Logistics,Rail freight,10.31,6417.24,66161.74,CAD,1,1,2025-06-24,2025-06-24,GR5001207,On Time,0
TX-00806,PO-30454,CA01,PO01,PG3,NB,2025-10-19,100007,S007,Brenntag Canada,NX60,Rocanville,SL03,MAT-10027,Chemicals,Defoamer,15.6,11415.24,178077.74,CAD,1,8,2025-10-27,2025-10-27,GR5001208,On Time,0
TX-02245,PO-80731,CA01,PO01,PG3,NB,2024-01-26,100008,S008,Univar Solutions,NX30,Cory,SL03,MAT-10027,Chemicals,Defoamer,9.05,4820.98,43629.87,CAD,1,9,2024-02-04,2024-02-04,GR5001209,On Time,0
TX-01168,PO-30380,CA01,PO01,PG4,NB,2023-09-19,100039,S039,Sealed Air Canada,NX40,Patience Lake,SL04,MAT-10043,Packaging,Stretch film,13.7,1398.38,19157.81,CAD,1,8,2023-09-27,2023-09-27,GR5001210,On Time,0
TX-01950,PO-72843,CA01,PO01,PG3,NB,2024-12-27,100027,S027,Western Agri-Chem,NX30,Cory,SL03,MAT-10015,Chemicals,Sodium hydroxide 50%,16.6,6978.0,115834.8,CAD,1,8,2025-01-04,2025-01-05,GR5001211,Late,1
TX-01075,PO-67941,CA01,PO01,PG1,NB,2023-11-11,100040,S040,Generic Supplies Inc,NX30,Cory,SL01,MAT-10035,MRO,Conveyor belt,9.37,951.28,8913.49,CAD,0,15,2023-11-26,2023-11-26,GR5001212,On Time,0
TX-00594,PO-14159,CA01,PO01,PG2,NB,2025-10-17,100006,S006,HD Supply,NX30,Cory,SL02,MAT-10033,Electrical,Transformer,19.96,7062.53,140968.1,CAD,1,10,2025-10-27,2025-11-01,GR5001213,Late,5
TX-02312,PO-61758,CA01,PO01,PG3,NB,2023-05-07,100026,S026,Sask Chemical Corp,NX60,Rocanville,SL03,MAT-10030,Agri-Chemicals,Micronutrient blend,5.31,4929.65,26176.44,CAD,1,6,2023-05-13,2023-05-13,GR5001214,On Time,0
TX-00161,PO-26341,CA01,PO01,PG5,UB,2025-09-11,100018,S018,TransWest Shipping,NX20,Vanscoy,SL05,MAT-10039,Logistics,Flatbed transport,17.61,5065.24,89198.88,CAD,0,4,2025-09-15,2025-09-15,GR5001215,On Time,0
TX-01607,PO-17336,CA01,PO01,PG3,NB,2025-12-31,100009,S009,Chemtrade Logistics,NX40,Patience Lake,SL03,MAT-10015,Chemicals,Sodium hydroxide 50%,17.09,6822.57,116597.72,CAD,1,5,2026-01-05,2026-01-05,GR5001216,On Time,0
TX-00614,PO-20215,CA01,PO01,PG1,NB,2025-12-19,100005,S005,Motion Industries,NX30,Cory,SL01,MAT-10016,MRO,Filter element,1.77,363.23,642.92,CAD,1,6,2025-12-25,2025-12-25,GR5001217,On Time,0
TX-01248,PO-89309,CA01,PO01,PG4,NB,2023-04-25,100025,S025,Direct Safety,NX40,Patience Lake,SL04,MAT-10010,Safety,Hearing protection,11.7,101.67,1189.54,CAD,0,7,2023-05-02,2023-05-02,GR5001218,On Time,0
TX-02123,PO-50579,CA01,PO01,PG4,NB,2024-11-07,100038,S038,Prairie Packaging,NX10,Allan,SL04,MAT-10045,Packaging,Label stock,28.7,645.26,18518.96,CAD,1,5,2024-11-12,2024-11-12,GR5001219,On Time,0
TX-00847,PO-94388,CA01,PO01,PG4,NB,2025-10-19,100025,S025,Direct Safety,NX70,Aurora,SL04,MAT-10008,Safety,FR coveralls,14.6,326.28,4763.69,CAD,0,7,2025-10-26,2025-10-26,GR5001220,On Time,0
TX-01367,PO-22588,CA01,PO01,PG2,NB,2024-01-11,100034,S034,ABB Canada,NX40,Patience Lake,SL02,MAT-10018,Instrumentation,Temperature probe,8.14,22084.15,179764.98,CAD,1,12,2024-01-23,2024-01-23,GR5001221,On Time,0
TX-00330,PO-58738,CA01,PO01,PG2,NB,2024-07-15,100032,S032,Endress+Hauser,NX50,Redwater,SL02,MAT-10046,Instrumentation,Pressure transmitter,2.77,9970.23,27617.54,CAD,1,21,2024-08-05,2024-08-05,GR5001222,On Time,0
TX-01647,PO-56575,CA01,PO01,PG4,NB,2023-12-01,100024,S024,Northern Safety,NX30,Cory,SL04,MAT-10049,Safety,Safety glasses,21.8,123.01,2681.62,CAD,1,2,2023-12-03,2023-12-03,GR5001223,On Time,0
TX-01517,PO-15756,CA01,PO01,PG1,NB,2023-03-10,100005,S005,Motion Industries,NX30,Cory,SL01,MAT-10012,MRO,Coupling set,13.3,2905.45,38642.49,CAD,1,6,2023-03-16,2023-03-16,GR5001224,On Time,0
TX-01243,PO-71573,CA01,PO01,PG5,UB,2023-06-07,100016,S016,Nutrien Logistics,NX10,Allan,SL05,MAT-10022,Logistics,Outbound freight,1.24,7467.95,9260.26,CAD,0,2,2023-06-09,2023-06-09,GR5001225,On Time,0
TX-01651,PO-37568,CA01,PO01,PG4,NB,2025-01-03,100024,S024,Northern Safety,NX60,Rocanville,SL04,MAT-10049,Safety,Safety glasses,37.7,140.41,5293.46,CAD,1,2,2025-01-05,2025-01-05,GR5001226,On Time,0
TX-01983,PO-96288,CA01,PO01,PG1,NB,2024-05-31,100001,S001,Prairie Industrial Supply,NX50,Redwater,SL01,MAT-10006,MRO,Gear oil,8.4,3665.71,30791.96,CAD,1,7,2024-06-07,2024-06-07,GR5001227,On Time,0
TX-02093,PO-93765,CA01,PO01,PG2,NB,2023-05-07,100034,S034,ABB Canada,NX60,Rocanville,SL02,MAT-10050,Electrical,Junction box,13.8,5230.95,72187.11,CAD,1,12,2023-05-19,2023-05-19,GR5001228,On Time,0
TX-01850,PO-19974,CA01,PO01,PG1,NB,2024-01-26,100003,S003,Grainger Canada,NX10,Allan,SL01,MAT-10026,MRO,Hose assembly,19.45,3351.22,65181.23,CAD,1,3,2024-01-29,2024-01-29,GR5001229,On Time,0
TX-00955,PO-68009,CA01,PO01,PG4,NB,2025-11-23,100039,S039,Sealed Air Canada,NX60,Rocanville,SL04,MAT-10034,Packaging,Bulk bags,39.9,774.61,30906.94,CAD,1,8,2025-12-01,2025-12-01,GR5001230,On Time,0
TX-01216,PO-82204,CA01,PO01,PG3,NB,2025-02-21,100028,S028,BioAgra Solutions,NX70,Aurora,SL03,MAT-10007,Chemicals,Corrosion inhibitor,18.97,4138.27,78502.98,CAD,0,10,2025-03-03,2025-03-03,GR5001231,On Time,0
TX-02001,PO-18648,CA01,PO01,PG2,NB,2023-11-15,100031,S031,Precision Instruments,NX20,Vanscoy,SL02,MAT-10002,Instrumentation,Flow meter,17.59,23274.93,409406.02,CAD,0,14,2023-11-29,2023-11-29,GR5001232,On Time,0
TX-02227,PO-93548,CA01,PO01,PG4,NB,2025-02-01,100029,S029,3M Canada,NX70,Aurora,SL04,MAT-10049,Safety,Safety glasses,33.7,155.8,5250.46,CAD,1,5,2025-02-06,2025-02-06,GR5001233,On Time,0
TX-00422,PO-37096,CA01,PO01,PG4,NB,2024-03-14,100038,S038,Prairie Packaging,NX10,Allan,SL04,MAT-10043,Packaging,Stretch film,43.0,1322.97,56887.71,CAD,1,5,2024-03-19,2024-03-19,GR5001234,On Time,0
TX-01787,PO-11399,CA01,PO01,PG3,NB,2023-03-06,100009,S009,Chemtrade Logistics,NX40,Patience Lake,SL03,MAT-10007,Chemicals,Corrosion inhibitor,3.48,11756.39,40912.24,CAD,1,5,2023-03-11,2023-03-15,GR5001235,Late,4
TX-00457,PO-60556,CA01,PO01,PG2,NB,2023-08-22,100035,S035,Rockwell Automation,NX10,Allan,SL02,MAT-10050,Electrical,Junction box,8.61,14442.19,124347.26,CAD,1,14,2023-09-05,2023-09-05,GR5001236,On Time,0
TX-01954,PO-73899,CA01,PO01,PG2,NB,2025-11-24,100033,S033,Siemens Canada,NX50,Redwater,SL02,MAT-10033,Electrical,Transformer,12.13,13276.29,161041.4,CAD,1,10,2025-12-04,2025-12-04,GR5001237,On Time,0
TX-01166,PO-82291,CA01,PO01,PG2,NB,2025-12-19,100034,S034,ABB Canada,NX20,Vanscoy,SL02,MAT-10009,Instrumentation,Level sensor,7.63,14945.71,114035.77,CAD,1,12,2025-12-31,2025-12-31,GR5001238,On Time,0
TX-02002,PO-70987,CA01,PO01,PG2,NB,2025-07-13,100032,S032,Endress+Hauser,NX20,Vanscoy,SL02,MAT-10052,Instrumentation,Control valve,7.41,13260.88,98263.12,CAD,1,21,2025-08-03,2025-08-03,GR5001239,On Time,0
TX-02239,PO-49513,CA01,PO01,PG2,NB,2023-01-28,100034,S034,ABB Canada,NX40,Patience Lake,SL02,MAT-10014,Electrical,Conduit kit,13.55,6939.08,94024.53,CAD,1,12,2023-02-09,2023-02-08,GR5001240,On Time,0
TX-01159,PO-62436,CA01,PO01,PG4,NB,2024-06-06,100038,S038,Prairie Packaging,NX40,Patience Lake,SL04,MAT-10013,Packaging,Pallet wrap,13.8,1327.56,18320.33,CAD,1,5,2024-06-11,2024-06-11,GR5001241,On Time,0
TX-00226,PO-63334,CA01,PO01,PG2,NB,2023-10-09,100006,S006,HD Supply,NX20,Vanscoy,SL02,MAT-10041,Electrical,Cable tray,1.1,8345.22,9179.74,CAD,1,10,2023-10-19,2023-10-19,GR5001242,On Time,0
TX-01858,PO-16198,CA01,PO01,PG1,NB,2025-06-10,100005,S005,Motion Industries,NX50,Redwater,SL01,MAT-10035,MRO,Conveyor belt,11.62,3178.11,36929.64,CAD,1,6,2025-06-16,2025-06-16,GR5001243,On Time,0
TX-02044,PO-84083,CA01,PO01,PG2,NB,2024-02-13,100033,S033,Siemens Canada,NX40,Patience Lake,SL02,MAT-10052,Instrumentation,Control valve,12.95,17241.15,223272.89,CAD,1,10,2024-02-23,2024-02-23,GR5001244,On Time,0
TX-00952,PO-10863,CA01,PO01,PG2,NB,2023-10-10,100035,S035,Rockwell Automation,NX50,Redwater,SL02,MAT-10036,Electrical,Control panel,3.34,3187.98,10647.85,CAD,1,14,2023-10-24,2023-10-29,GR5001245,Late,5
TX-01623,PO-56390,CA01,PO01,PG2,NB,2024-09-13,100034,S034,ABB Canada,NX50,Redwater,SL02,MAT-10025,Instrumentation,Analyzer calibration,8.05,8696.46,70006.5,CAD,1,12,2024-09-25,2024-10-01,GR5001246,Late,6
TX-01905,PO-53908,CA01,PO01,PG4,NB,2024-05-05,100025,S025,Direct Safety,NX30,Cory,SL04,MAT-10004,Safety,First aid kit,28.7,167.9,4818.73,CAD,0,7,2024-05-12,2024-05-12,GR5001247,On Time,0
TX-DUP-002,PO-46771,CA01,PO01,PG3,NB,2025-12-16,100026,S026,Sask Chemical Corp,NX40,Patience Lake,SL03,MAT-10037,Agri-Chemicals,Potassium chloride,5.57,4032.24,22459.58,CAD,1,6,2025-12-22,2025-12-25,GR5001248,Late,3
TX-01297,PO-87763,CA01,PO01,PG2,NB,2023-07-11,100034,S034,ABB Canada,NX20,Vanscoy,SL02,MAT-10033,Electrical,Transformer,1.49,370.76,552.43,CAD,1,12,2023-07-23,2023-07-23,GR5001249,On Time,0
TX-01437,PO-37719,CA01,PO01,PG5,UB,2024-08-18,100018,S018,TransWest Shipping,NX20,Vanscoy,SL05,MAT-10039,Logistics,Flatbed transport,18.68,7939.28,148305.75,CAD,0,4,2024-08-22,2024-08-22,GR5001250,On Time,0
TX-01813,PO-92773,CA01,PO01,PG4,NB,2024-03-19,100029,S029,3M Canada,NX60,Rocanville,SL04,MAT-10008,Safety,FR coveralls,21.4,24.93,533.5,CAD,1,5,2024-03-24,2024-03-24,GR5001251,On Time,0
TX-00078,PO-77449,CA01,PO01,PG3,NB,2024-05-31,100026,S026,Sask Chemical Corp,NX30,Cory,SL03,MAT-10037,Agri-Chemicals,Potassium chloride,7.14,7773.4,55502.08,CAD,1,6,2024-06-06,2024-06-06,GR5001252,On Time,0
TX-00408,PO-52746,CA01,PO01,PG2,NB,2023-05-18,100033,S033,Siemens Canada,NX70,Aurora,SL02,MAT-10052,Instrumentation,Control valve,2.65,14574.56,38622.58,CAD,1,10,2023-05-28,2023-05-28,GR5001253,On Time,0
TX-00964,PO-69394,CA01,PO01,PG2,NB,2023-09-13,100033,S033,Siemens Canada,NX20,Vanscoy,SL02,MAT-10023,Electrical,Motor starter,9.53,8672.04,82644.54,CAD,1,10,2023-09-23,2023-09-23,GR5001254,On Time,0
TX-01952,PO-58662,CA01,PO01,PG5,UB,2023-05-03,100037,S037,Purolator,NX30,Cory,SL05,MAT-10039,Logistics,Flatbed transport,1.47,2140.2,3146.09,CAD,1,1,2023-05-04,2023-05-11,GR5001255,Late,7
TX-00645,PO-39567,CA01,PO01,PG1,NB,2025-03-03,100040,S040,Generic Supplies Inc,NX30,Cory,SL01,MAT-10016,MRO,Filter element,17.92,3977.79,71282.0,CAD,0,15,2025-03-18,2025-03-18,GR5001256,On Time,0
TX-00723,PO-58310,CA01,PO01,PG2,NB,2025-01-21,100034,S034,ABB Canada,NX40,Patience Lake,SL02,MAT-10018,Instrumentation,Temperature probe,1.64,2389.83,3919.32,CAD,1,12,2025-02-02,2025-02-02,GR5001257,On Time,0
TX-00501,PO-69129,CA01,PO01,PG5,UB,2023-05-25,100018,S018,TransWest Shipping,NX40,Patience Lake,SL05,MAT-10040,Logistics,LTL shipment,11.92,2423.89,28892.77,CAD,0,4,2023-05-29,2023-05-29,GR5001258,On Time,0
TX-01704,PO-48824,CA01,PO01,PG3,NB,2024-09-27,100008,S008,Univar Solutions,NX40,Patience Lake,SL03,MAT-10007,Chemicals,Corrosion inhibitor,18.27,8642.56,157899.57,CAD,1,9,2024-10-06,2024-10-06,GR5001259,On Time,0
TX-00048,PO-87607,CA01,PO01,PG1,NB,2025-02-07,100003,S003,Grainger Canada,NX40,Patience Lake,SL01,MAT-10044,MRO,Pump seal kit,8.54,3231.82,27599.74,CAD,1,3,2025-02-10,2025-02-10,GR5001260,On Time,0
TX-00068,PO-87832,CA01,PO01,PG5,UB,2023-06-03,100017,S017,Canadian Freightways,NX10,Allan,SL05,MAT-10038,Logistics,Rail freight,3.97,3563.88,14148.6,CAD,1,3,2023-06-06,2023-06-06,GR5001261,On Time,0
TX-01897,PO-39454,CA01,PO01,PG4,NB,2025-02-04,100029,S029,3M Canada,NX70,Aurora,SL04,MAT-10004,Safety,First aid kit,20.1,250.45,5034.05,CAD,1,5,2025-02-09,2025-02-07,GR5001262,On Time,0
TX-00527,PO-96652,CA01,PO01,PG2,NB,2024-01-18,100032,S032,Endress+Hauser,NX10,Allan,SL02,MAT-10046,Instrumentation,Pressure transmitter,3.99,15647.48,62433.45,CAD,1,21,2024-02-08,2024-02-08,GR5001263,On Time,0
TX-00070,PO-28643,CA01,PO01,PG2,NB,2023-08-24,100032,S032,Endress+Hauser,NX60,Rocanville,SL02,MAT-10009,Instrumentation,Level sensor,11.35,16719.42,189765.42,CAD,1,21,2023-09-14,2023-09-14,GR5001264,On Time,0
TX-01448,PO-79377,CA01,PO01,PG5,UB,2025-06-02,100016,S016,Nutrien Logistics,NX50,Redwater,SL05,MAT-10039,Logistics,Flatbed transport,1.45,1901.14,2756.65,CAD,0,2,2025-06-04,2025-06-04,GR5001265,On Time,0
TX-00712,PO-29231,CA01,PO01,PG3,NB,2024-03-21,100026,S026,Sask Chemical Corp,NX20,Vanscoy,SL03,MAT-10042,Agri-Chemicals,Urea 46-0-0,16.52,7143.19,118005.5,CAD,1,6,2024-03-27,2024-03-27,GR5001266,On Time,0
TX-01451,PO-47917,CA01,PO01,PG3,NB,2025-07-08,100028,S028,BioAgra Solutions,NX30,Cory,SL03,MAT-10011,Chemicals,Scale inhibitor,18.3,8902.35,162913.01,CAD,0,10,2025-07-18,2025-07-18,GR5001267,On Time,0
TX-00413,PO-58816,CA01,PO01,PG4,NB,2024-05-01,100039,S039,Sealed Air Canada,NX70,Aurora,SL04,MAT-10047,Packaging,Corrugated box,3.4,992.42,3374.23,CAD,1,8,2024-05-09,2024-05-09,GR5001268,On Time,0
TX-00860,PO-70412,CA01,PO01,PG3,NB,2024-09-16,100028,S028,BioAgra Solutions,NX20,Vanscoy,SL03,MAT-10015,Chemicals,Sodium hydroxide 50%,3.17,3019.47,9571.72,CAD,0,10,2024-09-26,2024-09-26,GR5001269,On Time,0
TX-02185,PO-98529,CA01,PO01,PG2,NB,2023-01-16,100033,S033,Siemens Canada,NX10,Allan,SL02,MAT-10046,Instrumentation,Pressure transmitter,4.69,16261.0,76264.09,CAD,1,10,2023-01-26,2023-01-30,GR5001270,Late,4
TX-02192,PO-72654,CA01,PO01,PG3,NB,2025-12-08,100028,S028,BioAgra Solutions,NX40,Patience Lake,SL03,MAT-10031,Chemicals,Hydrochloric acid,9.98,1667.04,16637.06,CAD,0,10,2025-12-18,2025-12-18,GR5001271,On Time,0
TX-02319,PO-76377,CA01,PO01,PG1,NB,2024-09-23,100005,S005,Motion Industries,NX60,Rocanville,SL01,MAT-10035,MRO,Conveyor belt,15.59,4343.17,67710.02,CAD,1,6,2024-09-29,2024-09-29,GR5001272,On Time,0
TX-01215,PO-86449,CA01,PO01,PG4,NB,2023-12-28,100029,S029,3M Canada,NX30,Cory,SL04,MAT-10020,Safety,Safety harness,13.5,25.94,350.19,CAD,1,5,2024-01-02,2024-01-02,GR5001273,On Time,0
TX-00918,PO-94825,CA01,PO01,PG3,NB,2024-03-02,100007,S007,Brenntag Canada,NX50,Redwater,SL03,MAT-10027,Chemicals,Defoamer,4.1,9530.32,39074.31,CAD,1,8,2024-03-10,2024-03-10,GR5001274,On Time,0
TX-01849,PO-22744,CA01,PO01,PG1,NB,2024-09-13,100003,S003,Grainger Canada,NX20,Vanscoy,SL01,MAT-10001,MRO,Valve repair parts,9.46,3292.93,31151.12,CAD,1,3,2024-09-16,2024-09-16,GR5001275,On Time,0
TX-00610,PO-33414,CA01,PO01,PG4,NB,2023-07-17,100039,S039,Sealed Air Canada,NX20,Vanscoy,SL04,MAT-10013,Packaging,Pallet wrap,26.6,208.03,5533.6,CAD,1,8,2023-07-25,2023-07-25,GR5001276,On Time,0
TX-01534,PO-34435,CA01,PO01,PG4,NB,2025-08-15,100025,S025,Direct Safety,NX10,Allan,SL04,MAT-10020,Safety,Safety harness,13.8,413.36,5704.37,CAD,0,7,2025-08-22,2025-08-22,GR5001277,On Time,0
TX-01381,PO-23109,CA01,PO01,PG5,UB,2024-02-15,100037,S037,Purolator,NX70,Aurora,SL05,MAT-10038,Logistics,Rail freight,10.05,2675.27,26886.46,CAD,1,1,2024-02-16,2024-02-16,GR5001278,On Time,0
TX-00892,PO-58182,CA01,PO01,PG2,NB,2024-11-01,100032,S032,Endress+Hauser,NX70,Aurora,SL02,MAT-10018,Instrumentation,Temperature probe,16.19,6168.6,99869.63,CAD,1,21,2024-11-22,2024-11-22,GR5001279,On Time,0
TX-01334,PO-69509,CA01,PO01,PG2,NB,2025-12-16,100034,S034,ABB Canada,NX50,Redwater,SL02,MAT-10050,Electrical,Junction box,10.76,4837.71,52053.76,CAD,1,12,2025-12-28,2025-12-28,GR5001280,On Time,0
TX-01687,PO-45665,CA01,PO01,PG3,NB,2023-09-13,100028,S028,BioAgra Solutions,NX50,Redwater,SL03,MAT-10017,Agri-Chemicals,Phosphate blend,11.28,5493.35,61964.99,CAD,0,10,2023-09-23,2023-09-23,GR5001281,On Time,0
TX-01845,PO-38417,CA01,PO01,PG2,NB,2024-04-15,100006,S006,HD Supply,NX20,Vanscoy,SL02,MAT-10050,Electrical,Junction box,11.77,13288.83,156409.53,CAD,1,10,2024-04-25,2024-04-25,GR5001282,On Time,0
TX-00811,PO-21452,CA01,PO01,PG2,NB,2023-06-21,100032,S032,Endress+Hauser,NX20,Vanscoy,SL02,MAT-10025,Instrumentation,Analyzer calibration,11.23,11968.26,134403.56,CAD,1,21,2023-07-12,2023-07-12,GR5001283,On Time,0
TX-00951,PO-94815,CA01,PO01,PG2,NB,2025-11-02,100034,S034,ABB Canada,NX50,Redwater,SL02,MAT-10002,Instrumentation,Flow meter,10.47,21956.58,229885.39,CAD,1,12,2025-11-14,2025-11-14,GR5001284,On Time,0
TX-01150,PO-34233,CA01,PO01,PG3,NB,2023-09-14,100030,S030,DuPont Canada,NX30,Cory,SL03,MAT-10030,Agri-Chemicals,Micronutrient blend,2.89,882.59,2550.69,CAD,1,7,2023-09-21,2023-09-21,GR5001285,On Time,0
TX-00862,PO-36988,CA01,PO01,PG4,NB,2023-07-20,100039,S039,Sealed Air Canada,NX40,Patience Lake,SL04,MAT-10043,Packaging,Stretch film,40.6,272.11,11047.67,CAD,1,8,2023-07-28,2023-07-28,GR5001286,On Time,0
TX-00288,PO-42990,CA01,PO01,PG5,UB,2025-05-12,100036,S036,Canpar Courier,NX30,Cory,SL05,MAT-10029,Logistics,Expedited shipping,6.7,6370.0,42679.0,CAD,1,1,2025-05-13,2025-05-13,GR5001287,On Time,0
TX-01791,PO-26846,CA01,PO01,PG3,NB,2024-10-14,100026,S026,Sask Chemical Corp,NX50,Redwater,SL03,MAT-10042,Agri-Chemicals,Urea 46-0-0,17.37,7208.23,125206.96,CAD,1,6,2024-10-20,2024-10-20,GR5001288,On Time,0
TX-00103,PO-57953,CA01,PO01,PG3,NB,2025-04-30,100009,S009,Chemtrade Logistics,NX30,Cory,SL03,MAT-10007,Chemicals,Corrosion inhibitor,4.34,2280.19,9896.02,CAD,1,5,2025-05-05,2025-05-05,GR5001289,On Time,0
TX-00015,PO-63264,CA01,PO01,PG2,NB,2024-05-26,100034,S034,ABB Canada,NX70,Aurora,SL02,MAT-10019,Electrical,LED fixture,13.67,5434.44,74288.79,CAD,1,12,2024-06-07,2024-06-12,GR5001290,Late,5
TX-00983,PO-79193,CA01,PO01,PG1,NB,2023-02-17,100004,S004,Fastenal Canada,NX50,Redwater,SL01,MAT-10005,MRO,Bearing assembly,7.46,853.26,6365.32,CAD,1,4,2023-02-21,2023-02-21,GR5001291,On Time,0
TX-00582,PO-72410,CA01,PO01,PG5,UB,2023-12-16,100037,S037,Purolator,NX50,Redwater,SL05,MAT-10029,Logistics,Expedited shipping,1.54,5476.62,8433.99,CAD,1,1,2023-12-17,2023-12-17,GR5001292,On Time,0
TX-00935,PO-36389,CA01,PO01,PG5,UB,2025-08-23,100036,S036,Canpar Courier,NX60,Rocanville,SL05,MAT-10022,Logistics,Outbound freight,1.37,3871.37,5303.78,CAD,1,1,2025-08-24,2025-08-24,GR5001293,On Time,0
TX-02257,PO-22770,CA01,PO01,PG3,NB,2025-05-17,100026,S026,Sask Chemical Corp,NX10,Allan,SL03,MAT-10007,Chemicals,Corrosion inhibitor,10.81,6896.97,74556.25,CAD,1,6,2025-05-23,2025-05-23,GR5001294,On Time,0
TX-02237,PO-42594,CA01,PO01,PG1,NB,2024-12-03,100004,S004,Fastenal Canada,NX10,Allan,SL01,MAT-10006,MRO,Gear oil,13.57,4168.61,56568.04,CAD,1,4,2024-12-07,2024-12-07,GR5001295,On Time,0
TX-02259,PO-42309,CA01,PO01,PG1,NB,2024-02-05,100004,S004,Fastenal Canada,NX20,Vanscoy,SL01,MAT-10044,MRO,Pump seal kit,10.66,1868.21,19915.12,CAD,1,4,2024-02-09,2024-02-09,GR5001296,On Time,0
TX-01637,PO-52869,CA01,PO01,PG2,NB,2025-06-14,100033,S033,Siemens Canada,NX40,Patience Lake,SL02,MAT-10033,Electrical,Transformer,19.92,14404.87,286945.01,CAD,1,10,2025-06-24,2025-06-24,GR5001297,On Time,0
TX-02268,PO-14895,CA01,PO01,PG3,NB,2025-09-21,100007,S007,Brenntag Canada,NX60,Rocanville,SL03,MAT-10027,Chemicals,Defoamer,13.66,2192.42,29948.46,CAD,1,8,2025-09-29,2025-09-29,GR5001298,On Time,0
TX-00715,PO-18180,CA01,PO01,PG3,NB,2025-11-11,100027,S027,Western Agri-Chem,NX20,Vanscoy,SL03,MAT-10027,Chemicals,Defoamer,8.68,2228.62,19344.42,CAD,1,8,2025-11-19,2025-11-19,GR5001299,On Time,0
TX-00049,PO-84177,CA01,PO01,PG4,NB,2024-09-09,100024,S024,Northern Safety,NX70,Aurora,SL04,MAT-10048,Safety,Hard hat,42.7,248.16,10596.43,CAD,1,2,2024-09-11,2024-09-11,GR5001300,On Time,0
TX-00721,PO-56570,CA01,PO01,PG4,NB,2025-11-09,100038,S038,Prairie Packaging,NX60,Rocanville,SL04,MAT-10024,Packaging,Poly liner,21.8,1654.54,36068.97,CAD,1,5,2025-11-14,2025-11-14,GR5001301,On Time,0
TX-00142,PO-76910,CA01,PO01,PG4,NB,2024-11-26,100039,S039,Sealed Air Canada,NX70,Aurora,SL04,MAT-10034,Packaging,Bulk bags,11.9,1575.91,18753.33,CAD,1,8,2024-12-04,2024-12-04,GR5001302,On Time,0
TX-01201,PO-58705,CA01,PO01,PG2,NB,2025-01-10,100035,S035,Rockwell Automation,NX70,Aurora,SL02,MAT-10019,Electrical,LED fixture,15.12,8915.88,134808.11,CAD,1,14,2025-01-24,2025-01-21,GR5001303,On Time,0
TX-01562,PO-92958,CA01,PO01,PG4,NB,2023-06-22,100038,S038,Prairie Packaging,NX10,Allan,SL04,MAT-10013,Packaging,Pallet wrap,27.2,322.02,8758.94,CAD,1,5,2023-06-27,2023-06-27,GR5001304,On Time,0
TX-01387,PO-33642,CA01,PO01,PG2,NB,2025-09-17,100034,S034,ABB Canada,NX20,Vanscoy,SL02,MAT-10025,Instrumentation,Analyzer calibration,8.15,12586.18,102577.37,CAD,1,12,2025-09-29,2025-09-26,GR5001305,On Time,0
TX-01568,PO-98894,CA01,PO01,PG2,NB,2025-10-24,100032,S032,Endress+Hauser,NX30,Cory,SL02,MAT-10002,Instrumentation,Flow meter,13.76,15708.63,216150.75,CAD,1,21,2025-11-14,2025-11-14,GR5001306,On Time,0
TX-00297,PO-31802,CA01,PO01,PG1,NB,2023-06-24,100003,S003,Grainger Canada,NX70,Aurora,SL01,MAT-10026,MRO,Hose assembly,3.08,1154.63,3556.26,CAD,1,3,2023-06-27,2023-06-28,GR5001307,Late,1
TX-01553,PO-63015,CA01,PO01,PG3,NB,2023-06-19,100026,S026,Sask Chemical Corp,NX50,Redwater,SL03,MAT-10003,Chemicals,Sulfuric acid,7.58,9005.91,68264.8,CAD,1,6,2023-06-25,2023-06-25,GR5001308,On Time,0
TX-02265,PO-18398,CA01,PO01,PG2,NB,2025-06-13,100034,S034,ABB Canada,NX60,Rocanville,SL02,MAT-10052,Instrumentation,Control valve,16.64,3354.94,55826.2,CAD,1,12,2025-06-25,2025-06-23,GR5001309,On Time,0
TX-01826,PO-20316,CA01,PO01,PG2,NB,2024-08-29,100032,S032,Endress+Hauser,NX10,Allan,SL02,MAT-10018,Instrumentation,Temperature probe,1.48,16813.42,24883.86,CAD,1,21,2024-09-19,2024-09-19,GR5001310,On Time,0
TX-02189,PO-22763,CA01,PO01,PG2,NB,2025-05-09,100034,S034,ABB Canada,NX50,Redwater,SL02,MAT-10019,Electrical,LED fixture,10.04,12718.96,127698.36,CAD,1,12,2025-05-21,2025-05-21,GR5001311,On Time,0
TX-01305,PO-30760,CA01,PO01,PG1,NB,2024-12-11,100001,S001,Prairie Industrial Supply,NX30,Cory,SL01,MAT-10005,MRO,Bearing assembly,10.19,2782.32,28351.84,CAD,1,7,2024-12-18,2024-12-18,GR5001312,On Time,0
TX-01185,PO-36013,CA01,PO01,PG2,NB,2025-06-18,100031,S031,Precision Instruments,NX60,Rocanville,SL02,MAT-10009,Instrumentation,Level sensor,4.07,10895.95,44346.52,CAD,0,14,2025-07-02,2025-07-02,GR5001313,On Time,0
TX-01050,PO-39829,CA01,PO01,PG1,NB,2025-11-15,100004,S004,Fastenal Canada,NX70,Aurora,SL01,MAT-10012,MRO,Coupling set,19.8,4284.13,84825.77,CAD,1,4,2025-11-19,2025-11-19,GR5001314,On Time,0
TX-00064,PO-29887,CA01,PO01,PG3,NB,2023-05-14,100026,S026,Sask Chemical Corp,NX50,Redwater,SL03,MAT-10042,Agri-Chemicals,Urea 46-0-0,8.61,963.02,8291.6,CAD,1,6,2023-05-20,2023-05-20,GR5001315,On Time,0
TX-02092,PO-46101,CA01,PO01,PG1,NB,2023-08-12,100002,S002,Wesco Distribution,NX70,Aurora,SL01,MAT-10001,MRO,Valve repair parts,8.0,2524.6,20196.8,CAD,1,5,2023-08-17,2023-08-17,GR5001316,On Time,0
TX-01364,PO-62312,CA01,PO01,PG1,NB,2024-05-24,100004,S004,Fastenal Canada,NX30,Cory,SL01,MAT-10012,MRO,Coupling set,16.42,2884.85,47369.24,CAD,1,4,2024-05-28,2024-05-28,GR5001317,On Time,0
TX-00674,PO-52312,CA01,PO01,PG2,NB,2025-01-07,100032,S032,Endress+Hauser,NX60,Rocanville,SL02,MAT-10009,Instrumentation,Level sensor,18.7,3688.47,68974.39,CAD,1,21,2025-01-28,2025-01-28,GR5001318,On Time,0
TX-01866,PO-61768,CA01,PO01,PG2,NB,2024-10-28,100006,S006,HD Supply,NX20,Vanscoy,SL02,MAT-10019,Electrical,LED fixture,14.91,11994.31,178835.16,CAD,1,10,2024-11-07,2024-11-07,GR5001319,On Time,0
TX-02320,PO-59972,CA01,PO01,PG1,NB,2024-05-11,100004,S004,Fastenal Canada,NX10,Allan,SL01,MAT-10012,MRO,Coupling set,17.28,1694.41,29279.4,CAD,1,4,2024-05-15,2024-05-15,GR5001320,On Time,0
TX-01407,PO-82416,CA01,PO01,PG1,NB,2024-02-06,100001,S001,Prairie Industrial Supply,NX50,Redwater,SL01,MAT-10005,MRO,Bearing assembly,11.15,3878.31,43243.16,CAD,1,7,2024-02-13,2024-02-13,GR5001321,On Time,0
TX-01235,PO-60224,CA01,PO01,PG3,NB,2024-11-13,100030,S030,DuPont Canada,NX40,Patience Lake,SL03,MAT-10032,Agri-Chemicals,Anhydrous ammonia,3.63,7574.63,27495.91,CAD,1,7,2024-11-20,2024-11-20,GR5001322,On Time,0
TX-00237,PO-30078,CA01,PO01,PG2,NB,2024-08-27,100031,S031,Precision Instruments,NX70,Aurora,SL02,MAT-10018,Instrumentation,Temperature probe,7.98,7673.49,61234.45,CAD,0,14,2024-09-10,2024-09-10,GR5001323,On Time,0
TX-00416,PO-77698,CA01,PO01,PG3,NB,2024-03-08,100008,S008,Univar Solutions,NX60,Rocanville,SL03,MAT-10011,Chemicals,Scale inhibitor,18.36,5360.31,98415.29,CAD,1,9,2024-03-17,2024-03-15,GR5001324,On Time,0
TX-02198,PO-15619,CA01,PO01,PG3,NB,2024-11-11,100028,S028,BioAgra Solutions,NX60,Rocanville,SL03,MAT-10015,Chemicals,Sodium hydroxide 50%,1.48,12149.34,17981.02,CAD,0,10,2024-11-21,2024-11-21,GR5001325,On Time,0
TX-01372,PO-45412,CA01,PO01,PG1,NB,2025-11-26,100004,S004,Fastenal Canada,NX50,Redwater,SL01,MAT-10005,MRO,Bearing assembly,9.74,291.84,2842.52,CAD,1,4,2025-11-30,2025-11-30,GR5001326,On Time,0
TX-01499,PO-58660,CA01,PO01,PG2,NB,2024-08-17,100034,S034,ABB Canada,NX10,Allan,SL02,MAT-10019,Electrical,LED fixture,10.94,3226.04,35292.88,CAD,1,12,2024-08-29,2024-08-29,GR5001327,On Time,0
TX-00426,PO-83591,CA01,PO01,PG2,NB,2023-07-29,100034,S034,ABB Canada,NX40,Patience Lake,SL02,MAT-10009,Instrumentation,Level sensor,1.14,24986.59,28484.71,CAD,1,12,2023-08-10,2023-08-10,GR5001328,On Time,0
TX-01306,PO-57826,CA01,PO01,PG2,NB,2023-03-02,100031,S031,Precision Instruments,NX10,Allan,SL02,MAT-10002,Instrumentation,Flow meter,11.18,15495.03,173234.44,CAD,0,14,2023-03-16,2023-03-16,GR5001329,On Time,0
TX-02072,PO-29631,CA01,PO01,PG3,NB,2025-01-30,100040,S040,Generic Supplies Inc,NX70,Aurora,SL03,MAT-10042,Agri-Chemicals,Urea 46-0-0,2.09,5962.19,12460.98,CAD,0,15,2025-02-14,2025-02-14,GR5001330,On Time,0
TX-01834,PO-37165,CA01,PO01,PG1,NB,2025-03-21,100005,S005,Motion Industries,NX60,Rocanville,SL01,MAT-10044,MRO,Pump seal kit,14.2,2489.03,35344.23,CAD,1,6,2025-03-27,2025-03-27,GR5001331,On Time,0
TX-00861,PO-59510,CA01,PO01,PG4,NB,2023-02-11,100039,S039,Sealed Air Canada,NX30,Cory,SL04,MAT-10047,Packaging,Corrugated box,35.1,1208.94,42433.79,CAD,1,8,2023-02-19,2023-02-19,GR5001332,On Time,0
TX-01801,PO-99591,CA01,PO01,PG4,NB,2024-12-07,100039,S039,Sealed Air Canada,NX50,Redwater,SL04,MAT-10043,Packaging,Stretch film,37.0,1098.66,40650.42,CAD,1,8,2024-12-15,2024-12-15,GR5001333,On Time,0
TX-01329,PO-93480,CA01,PO01,PG3,NB,2024-10-15,100026,S026,Sask Chemical Corp,NX10,Allan,SL03,MAT-10037,Agri-Chemicals,Potassium chloride,17.38,6123.06,106418.78,CAD,1,6,2024-10-21,2024-10-26,GR5001334,Late,5
TX-00974,PO-10273,CA01,PO01,PG4,NB,2024-08-03,100038,S038,Prairie Packaging,NX30,Cory,SL04,MAT-10024,Packaging,Poly liner,11.6,1652.72,19171.55,CAD,1,5,2024-08-08,2024-08-08,GR5001335,On Time,0
TX-02170,PO-59866,CA01,PO01,PG3,NB,2024-01-18,100027,S027,Western Agri-Chem,NX40,Patience Lake,SL03,MAT-10017,Agri-Chemicals,Phosphate blend,1.5,5078.43,7617.65,CAD,1,8,2024-01-26,2024-01-26,GR5001336,On Time,0
TX-01096,PO-49728,CA01,PO01,PG2,NB,2024-02-09,100032,S032,Endress+Hauser,NX70,Aurora,SL02,MAT-10002,Instrumentation,Flow meter,5.65,5646.23,31901.2,CAD,1,21,2024-03-01,2024-03-01,GR5001337,On Time,0
TX-01087,PO-75984,CA01,PO01,PG1,NB,2025-07-08,100005,S005,Motion Industries,NX40,Patience Lake,SL01,MAT-10035,MRO,Conveyor belt,8.27,2900.63,23988.21,CAD,1,6,2025-07-14,2025-07-14,GR5001338,On Time,0
TX-01182,PO-74493,CA01,PO01,PG1,NB,2024-01-17,100003,S003,Grainger Canada,NX70,Aurora,SL01,MAT-10012,MRO,Coupling set,8.64,89.44,772.76,CAD,1,3,2024-01-20,2024-01-20,GR5001339,On Time,0
TX-00695,PO-78233,CA01,PO01,PG1,NB,2023-06-28,100003,S003,Grainger Canada,NX20,Vanscoy,SL01,MAT-10044,MRO,Pump seal kit,7.33,4006.88,29370.43,CAD,1,3,2023-07-01,2023-07-01,GR5001340,On Time,0
TX-00943,PO-26920,CA01,PO01,PG5,UB,2024-08-01,100037,S037,Purolator,NX10,Allan,SL05,MAT-10040,Logistics,LTL shipment,14.12,1146.44,16187.73,CAD,1,1,2024-08-02,2024-08-03,GR5001341,Late,1
TX-01913,PO-57360,CA01,PO01,PG3,NB,2025-03-03,100026,S026,Sask Chemical Corp,NX60,Rocanville,SL03,MAT-10015,Chemicals,Sodium hydroxide 50%,6.95,2364.95,16436.4,CAD,1,6,2025-03-09,2025-03-12,GR5001342,Late,3
TX-01485,PO-35465,CA01,PO01,PG1,NB,2023-11-07,100001,S001,Prairie Industrial Supply,NX70,Aurora,SL01,MAT-10012,MRO,Coupling set,2.82,2667.47,7522.27,CAD,1,7,2023-11-14,2023-11-14,GR5001343,On Time,0
TX-DUP-011,PO-38277,CA01,PO01,PG5,UB,2023-05-30,100036,S036,Canpar Courier,NX50,Redwater,SL05,MAT-10029,Logistics,Expedited shipping,1.32,1006.49,1328.57,CAD,1,1,2023-05-31,2023-05-31,GR5001344,On Time,0
TX-02286,PO-83359,CA01,PO01,PG5,UB,2024-07-07,100037,S037,Purolator,NX60,Rocanville,SL05,MAT-10040,Logistics,LTL shipment,16.04,4999.26,80188.13,CAD,1,1,2024-07-08,2024-07-08,GR5001345,On Time,0
TX-01710,PO-44274,CA01,PO01,PG4,NB,2025-11-28,100025,S025,Direct Safety,NX10,Allan,SL04,MAT-10051,Safety,Gloves — cut-resistant,29.5,295.1,8705.45,CAD,0,7,2025-12-05,2025-12-05,GR5001346,On Time,0
TX-01840,PO-44818,CA01,PO01,PG4,NB,2023-01-16,100024,S024,Northern Safety,NX40,Patience Lake,SL04,MAT-10008,Safety,FR coveralls,45.8,302.82,13869.16,CAD,1,2,2023-01-18,2023-01-18,GR5001347,On Time,0
TX-01233,PO-28961,CA01,PO01,PG3,NB,2023-05-18,100030,S030,DuPont Canada,NX50,Redwater,SL03,MAT-10017,Agri-Chemicals,Phosphate blend,3.15,3648.64,11493.22,CAD,1,7,2023-05-25,2023-05-23,GR5001348,On Time,0
TX-02278,PO-13595,CA01,PO01,PG3,NB,2023-04-23,100007,S007,Brenntag Canada,NX60,Rocanville,SL03,MAT-10003,Chemicals,Sulfuric acid,16.98,8200.47,139243.98,CAD,1,8,2023-05-01,2023-04-29,GR5001349,On Time,0
TX-00474,PO-26150,CA01,PO01,PG3,NB,2024-11-23,100027,S027,Western Agri-Chem,NX70,Aurora,SL03,MAT-10030,Agri-Chemicals,Micronutrient blend,3.05,3549.97,10827.41,CAD,1,8,2024-12-01,2024-12-01,GR5001350,On Time,0
TX-01794,PO-23871,CA01,PO01,PG5,UB,2025-08-01,100037,S037,Purolator,NX70,Aurora,SL05,MAT-10038,Logistics,Rail freight,12.99,2981.75,38732.93,CAD,1,1,2025-08-02,2025-08-02,GR5001351,On Time,0
TX-01005,PO-89032,CA01,PO01,PG2,NB,2024-02-01,100034,S034,ABB Canada,NX10,Allan,SL02,MAT-10025,Instrumentation,Analyzer calibration,13.54,14794.12,200312.38,CAD,1,12,2024-02-13,2024-02-13,GR5001352,On Time,0
TX-00874,PO-33066,CA01,PO01,PG2,NB,2024-06-13,100032,S032,Endress+Hauser,NX20,Vanscoy,SL02,MAT-10052,Instrumentation,Control valve,16.0,8027.64,128442.24,CAD,1,21,2024-07-04,2024-07-04,GR5001353,On Time,0
TX-00338,PO-82534,CA01,PO01,PG4,NB,2023-10-14,100039,S039,Sealed Air Canada,NX50,Redwater,SL04,MAT-10013,Packaging,Pallet wrap,13.1,1317.67,17261.48,CAD,1,8,2023-10-22,2023-10-22,GR5001354,On Time,0
TX-00152,PO-43029,CA01,PO01,PG1,NB,2024-11-16,100040,S040,Generic Supplies Inc,NX70,Aurora,SL01,MAT-10016,MRO,Filter element,2.25,530.54,1193.71,CAD,0,15,2024-12-01,2024-12-01,GR5001355,On Time,0
TX-00442,PO-15992,CA01,PO01,PG2,NB,2025-02-24,100032,S032,Endress+Hauser,NX20,Vanscoy,SL02,MAT-10046,Instrumentation,Pressure transmitter,10.56,8693.7,91805.47,CAD,1,21,2025-03-17,2025-03-17,GR5001356,On Time,0
TX-00972,PO-25432,CA01,PO01,PG4,NB,2025-01-26,100038,S038,Prairie Packaging,NX20,Vanscoy,SL04,MAT-10013,Packaging,Pallet wrap,29.0,157.34,4562.86,CAD,1,5,2025-01-31,2025-01-30,GR5001357,On Time,0
TX-01072,PO-67373,CA01,PO01,PG2,NB,2025-08-02,100006,S006,HD Supply,NX60,Rocanville,SL02,MAT-10041,Electrical,Cable tray,2.3,8316.74,19128.5,CAD,1,10,2025-08-12,2025-08-12,GR5001358,On Time,0
TX-01587,PO-36186,CA01,PO01,PG4,NB,2025-01-25,100024,S024,Northern Safety,NX60,Rocanville,SL04,MAT-10051,Safety,Gloves — cut-resistant,36.4,110.94,4038.22,CAD,1,2,2025-01-27,2025-01-27,GR5001359,On Time,0
TX-01676,PO-35543,CA01,PO01,PG3,NB,2025-03-25,100027,S027,Western Agri-Chem,NX10,Allan,SL03,MAT-10007,Chemicals,Corrosion inhibitor,16.58,10718.99,177720.85,CAD,1,8,2025-04-02,2025-04-02,GR5001360,On Time,0
TX-02073,PO-48291,CA01,PO01,PG2,NB,2023-08-24,100035,S035,Rockwell Automation,NX60,Rocanville,SL02,MAT-10050,Electrical,Junction box,16.1,7659.5,123317.95,CAD,1,14,2023-09-07,2023-09-07,GR5001361,On Time,0
TX-02022,PO-84581,CA01,PO01,PG5,UB,2024-05-22,100037,S037,Purolator,NX40,Patience Lake,SL05,MAT-10038,Logistics,Rail freight,2.56,1762.85,4512.9,CAD,1,1,2024-05-23,2024-05-23,GR5001362,On Time,0
TX-02026,PO-90790,CA01,PO01,PG2,NB,2025-04-22,100034,S034,ABB Canada,NX60,Rocanville,SL02,MAT-10041,Electrical,Cable tray,18.3,4457.41,81570.6,CAD,1,12,2025-05-04,2025-05-04,GR5001363,On Time,0
TX-01783,PO-20888,CA01,PO01,PG4,NB,2024-02-08,100038,S038,Prairie Packaging,NX20,Vanscoy,SL04,MAT-10043,Packaging,Stretch film,48.1,695.74,33465.09,CAD,1,5,2024-02-13,2024-02-13,GR5001364,On Time,0
TX-01090,PO-51620,CA01,PO01,PG1,NB,2025-06-27,100002,S002,Wesco Distribution,NX70,Aurora,SL01,MAT-10016,MRO,Filter element,15.05,1512.67,22765.68,CAD,1,5,2025-07-02,2025-07-02,GR5001365,On Time,0
TX-02115,PO-83580,CA01,PO01,PG5,UB,2023-08-11,100036,S036,Canpar Courier,NX40,Patience Lake,SL05,MAT-10040,Logistics,LTL shipment,10.22,6855.74,70065.66,CAD,1,1,2023-08-12,2023-08-12,GR5001366,On Time,0
TX-00827,PO-64000,CA01,PO01,PG2,NB,2023-10-08,100034,S034,ABB Canada,NX20,Vanscoy,SL02,MAT-10036,Electrical,Control panel,10.85,5720.61,62068.62,CAD,1,12,2023-10-20,2023-10-20,GR5001367,On Time,0
TX-01271,PO-93914,CA01,PO01,PG3,NB,2023-03-20,100009,S009,Chemtrade Logistics,NX60,Rocanville,SL03,MAT-10031,Chemicals,Hydrochloric acid,11.36,11423.58,129771.87,CAD,1,5,2023-03-25,2023-03-28,GR5001368,Late,3
TX-01708,PO-29054,CA01,PO01,PG1,NB,2024-03-24,100004,S004,Fastenal Canada,NX10,Allan,SL01,MAT-10035,MRO,Conveyor belt,5.66,1054.96,5971.07,CAD,1,4,2024-03-28,2024-03-28,GR5001369,On Time,0
TX-00499,PO-67047,CA01,PO01,PG4,NB,2023-08-01,100029,S029,3M Canada,NX60,Rocanville,SL04,MAT-10020,Safety,Safety harness,11.1,334.92,3717.61,CAD,1,5,2023-08-06,2023-08-06,GR5001370,On Time,0
TX-02295,PO-44854,CA01,PO01,PG4,NB,2023-09-14,100039,S039,Sealed Air Canada,NX40,Patience Lake,SL04,MAT-10013,Packaging,Pallet wrap,1.0,1937.91,1937.91,CAD,1,8,2023-09-22,2023-09-22,GR5001371,On Time,0
TX-00414,PO-39878,CA01,PO01,PG1,NB,2024-09-12,100003,S003,Grainger Canada,NX50,Redwater,SL01,MAT-10044,MRO,Pump seal kit,6.91,3800.67,26262.63,CAD,1,3,2024-09-15,2024-09-15,GR5001372,On Time,0
TX-00151,PO-98984,CA01,PO01,PG3,NB,2023-11-22,100040,S040,Generic Supplies Inc,NX40,Patience Lake,SL03,MAT-10017,Agri-Chemicals,Phosphate blend,7.91,8166.47,64596.78,CAD,0,15,2023-12-07,2023-12-07,GR5001373,On Time,0
TX-00630,PO-20819,CA01,PO01,PG3,NB,2024-08-16,100008,S008,Univar Solutions,NX60,Rocanville,SL03,MAT-10027,Chemicals,Defoamer,15.94,2457.74,39176.38,CAD,1,9,2024-08-25,2024-08-25,GR5001374,On Time,0
TX-00307,PO-52727,CA01,PO01,PG4,NB,2023-05-09,100025,S025,Direct Safety,NX50,Redwater,SL04,MAT-10008,Safety,FR coveralls,29.3,361.88,10603.08,CAD,0,7,2023-05-16,2023-05-16,GR5001375,On Time,0
TX-01539,PO-40710,CA01,PO01,PG2,NB,2024-11-22,100033,S033,Siemens Canada,NX40,Patience Lake,SL02,MAT-10046,Instrumentation,Pressure transmitter,10.17,10927.1,111128.61,CAD,1,10,2024-12-02,2024-12-02,GR5001376,On Time,0
TX-02283,PO-32619,CA01,PO01,PG4,NB,2025-11-04,100029,S029,3M Canada,NX60,Rocanville,SL04,MAT-10010,Safety,Hearing protection,19.3,374.35,7224.96,CAD,1,5,2025-11-09,2025-11-09,GR5001377,On Time,0
TX-00279,PO-90460,CA01,PO01,PG2,NB,2025-06-14,100033,S033,Siemens Canada,NX20,Vanscoy,SL02,MAT-10019,Electrical,LED fixture,5.41,1325.07,7168.63,CAD,1,10,2025-06-24,2025-06-24,GR5001378,On Time,0
TX-00197,PO-75278,CA01,PO01,PG1,NB,2024-06-26,100040,S040,Generic Supplies Inc,NX50,Redwater,SL01,MAT-10005,MRO,Bearing assembly,13.37,3840.99,51354.04,CAD,0,15,2024-07-11,2024-07-11,GR5001379,On Time,0
TX-01017,PO-59998,CA01,PO01,PG2,NB,2023-07-28,100034,S034,ABB Canada,NX20,Vanscoy,SL02,MAT-10009,Instrumentation,Level sensor,13.87,14642.56,203092.31,CAD,1,12,2023-08-09,2023-08-09,GR5001380,On Time,0
TX-01336,PO-85660,CA01,PO01,PG4,NB,2023-05-21,100025,S025,Direct Safety,NX10,Allan,SL04,MAT-10004,Safety,First aid kit,14.6,90.75,1324.95,CAD,0,7,2023-05-28,2023-05-28,GR5001381,On Time,0
TX-01970,PO-11112,CA01,PO01,PG2,NB,2023-06-19,100006,S006,HD Supply,NX50,Redwater,SL02,MAT-10014,Electrical,Conduit kit,2.91,1418.19,4126.93,CAD,1,10,2023-06-29,2023-06-29,GR5001382,On Time,0
TX-00146,PO-46002,CA01,PO01,PG2,NB,2025-06-19,100035,S035,Rockwell Automation,NX10,Allan,SL02,MAT-10050,Electrical,Junction box,2.3,6744.68,15512.76,CAD,1,14,2025-07-03,2025-07-03,GR5001383,On Time,0
TX-00031,PO-41979,CA01,PO01,PG3,NB,2024-02-03,100026,S026,Sask Chemical Corp,NX60,Rocanville,SL03,MAT-10011,Chemicals,Scale inhibitor,14.65,5100.56,74723.2,CAD,1,6,2024-02-09,2024-02-09,GR5001384,On Time,0
TX-01937,PO-11146,CA01,PO01,PG3,NB,2025-01-25,100040,S040,Generic Supplies Inc,NX50,Redwater,SL03,MAT-10032,Agri-Chemicals,Anhydrous ammonia,14.74,1787.35,26345.54,CAD,0,15,2025-02-09,2025-02-09,GR5001385,On Time,0
TX-01560,PO-64664,CA01,PO01,PG2,NB,2023-02-18,100035,S035,Rockwell Automation,NX50,Redwater,SL02,MAT-10050,Electrical,Junction box,11.31,2845.18,32178.99,CAD,1,14,2023-03-04,2023-03-04,GR5001386,On Time,0
TX-01535,PO-14436,CA01,PO01,PG3,NB,2024-10-23,100027,S027,Western Agri-Chem,NX60,Rocanville,SL03,MAT-10030,Agri-Chemicals,Micronutrient blend,8.07,3272.12,26406.01,CAD,1,8,2024-10-31,2024-11-01,GR5001387,Late,1
TX-02018,PO-80950,CA01,PO01,PG3,NB,2024-07-20,100008,S008,Univar Solutions,NX20,Vanscoy,SL03,MAT-10021,Chemicals,Process chemical,6.92,9319.11,64488.24,CAD,1,9,2024-07-29,2024-07-29,GR5001388,On Time,0
TX-01509,PO-27953,CA01,PO01,PG5,UB,2025-08-31,100017,S017,Canadian Freightways,NX10,Allan,SL05,MAT-10028,Logistics,Inbound freight,17.62,2925.03,51539.03,CAD,1,3,2025-09-03,2025-09-03,GR5001389,On Time,0
TX-01774,PO-90258,CA01,PO01,PG2,NB,2023-09-25,100006,S006,HD Supply,NX10,Allan,SL02,MAT-10019,Electrical,LED fixture,15.49,7402.94,114671.54,CAD,1,10,2023-10-05,2023-10-08,GR5001390,Late,3
TX-00281,PO-19634,CA01,PO01,PG4,NB,2025-02-17,100039,S039,Sealed Air Canada,NX10,Allan,SL04,MAT-10013,Packaging,Pallet wrap,5.2,1267.74,6592.25,CAD,1,8,2025-02-25,2025-02-25,GR5001391,On Time,0
TX-00002,PO-17455,CA01,PO01,PG2,NB,2025-09-03,100033,S033,Siemens Canada,NX20,Vanscoy,SL02,MAT-10041,Electrical,Cable tray,10.55,12820.25,135253.64,CAD,1,10,2025-09-13,2025-09-13,GR5001392,On Time,0
TX-00978,PO-68077,CA01,PO01,PG4,NB,2025-03-20,100039,S039,Sealed Air Canada,NX10,Allan,SL04,MAT-10043,Packaging,Stretch film,17.6,167.97,2956.27,CAD,1,8,2025-03-28,2025-03-28,GR5001393,On Time,0
TX-00124,PO-22463,CA01,PO01,PG4,NB,2025-04-27,100039,S039,Sealed Air Canada,NX10,Allan,SL04,MAT-10024,Packaging,Poly liner,17.6,950.72,16732.67,CAD,1,8,2025-05-05,2025-05-05,GR5001394,On Time,0
TX-00379,PO-79951,CA01,PO01,PG3,NB,2024-04-21,100040,S040,Generic Supplies Inc,NX30,Cory,SL03,MAT-10017,Agri-Chemicals,Phosphate blend,19.51,1307.29,25505.23,CAD,0,15,2024-05-06,2024-05-06,GR5001395,On Time,0
TX-00733,PO-93568,CA01,PO01,PG5,UB,2025-04-25,100036,S036,Canpar Courier,NX50,Redwater,SL05,MAT-10040,Logistics,LTL shipment,15.64,2284.61,35731.3,CAD,1,1,2025-04-26,2025-04-26,GR5001396,On Time,0
TX-01018,PO-91789,CA01,PO01,PG4,NB,2025-04-21,100038,S038,Prairie Packaging,NX40,Patience Lake,SL04,MAT-10043,Packaging,Stretch film,12.4,1231.19,15266.76,CAD,1,5,2025-04-26,2025-04-25,GR5001397,On Time,0
TX-01121,PO-13365,CA01,PO01,PG1,NB,2025-04-02,100004,S004,Fastenal Canada,NX50,Redwater,SL01,MAT-10001,MRO,Valve repair parts,14.78,4001.47,59141.73,CAD,1,4,2025-04-06,2025-04-06,GR5001398,On Time,0
TX-00924,PO-84519,CA01,PO01,PG2,NB,2024-09-07,100032,S032,Endress+Hauser,NX10,Allan,SL02,MAT-10009,Instrumentation,Level sensor,16.99,13792.66,234337.29,CAD,1,21,2024-09-28,2024-09-28,GR5001399,On Time,0
TX-00658,PO-78242,CA01,PO01,PG2,NB,2025-12-11,100006,S006,HD Supply,NX40,Patience Lake,SL02,MAT-10023,Electrical,Motor starter,13.19,10620.87,140089.28,CAD,1,10,2025-12-21,2025-12-21,GR5001400,On Time,0
TX-01211,PO-48252,CA01,PO01,PG2,NB,2023-09-01,100033,S033,Siemens Canada,NX40,Patience Lake,SL02,MAT-10002,Instrumentation,Flow meter,4.25,2571.89,10930.53,CAD,1,10,2023-09-11,2023-09-11,GR5001401,On Time,0
TX-02294,PO-41871,CA01,PO01,PG2,NB,2023-10-19,100033,S033,Siemens Canada,NX60,Rocanville,SL02,MAT-10019,Electrical,LED fixture,4.04,14014.58,56618.9,CAD,1,10,2023-10-29,2023-10-29,GR5001402,On Time,0
TX-01214,PO-56593,CA01,PO01,PG2,NB,2024-08-26,100032,S032,Endress+Hauser,NX60,Rocanville,SL02,MAT-10046,Instrumentation,Pressure transmitter,7.17,2845.69,20403.6,CAD,1,21,2024-09-16,2024-09-16,GR5001403,On Time,0
TX-00770,PO-37277,CA01,PO01,PG3,NB,2025-11-05,100027,S027,Western Agri-Chem,NX30,Cory,SL03,MAT-10003,Chemicals,Sulfuric acid,5.17,9427.71,48741.26,CAD,1,8,2025-11-13,2025-11-13,GR5001404,On Time,0
TX-01181,PO-24046,CA01,PO01,PG3,NB,2023-01-13,100026,S026,Sask Chemical Corp,NX30,Cory,SL03,MAT-10017,Agri-Chemicals,Phosphate blend,12.7,2896.99,36791.77,CAD,1,6,2023-01-19,2023-01-17,GR5001405,On Time,0
TX-01572,PO-54642,CA01,PO01,PG4,NB,2025-03-07,100039,S039,Sealed Air Canada,NX40,Patience Lake,SL04,MAT-10047,Packaging,Corrugated box,24.3,1150.7,27962.01,CAD,1,8,2025-03-15,2025-03-15,GR5001406,On Time,0
TX-01374,PO-77667,CA01,PO01,PG1,NB,2025-11-12,100001,S001,Prairie Industrial Supply,NX70,Aurora,SL01,MAT-10035,MRO,Conveyor belt,15.05,285.94,4303.4,CAD,1,7,2025-11-19,2025-11-18,GR5001407,On Time,0
TX-01167,PO-98842,CA01,PO01,PG2,NB,2023-12-16,100031,S031,Precision Instruments,NX20,Vanscoy,SL02,MAT-10025,Instrumentation,Analyzer calibration,7.04,20944.96,147452.52,CAD,0,14,2023-12-30,2023-12-30,GR5001408,On Time,0
TX-01745,PO-65422,CA01,PO01,PG4,NB,2023-10-18,100038,S038,Prairie Packaging,NX10,Allan,SL04,MAT-10047,Packaging,Corrugated box,30.3,1273.79,38595.84,CAD,1,5,2023-10-23,2023-10-27,GR5001409,Late,4
TX-01474,PO-48132,CA01,PO01,PG5,UB,2025-09-28,100036,S036,Canpar Courier,NX50,Redwater,SL05,MAT-10028,Logistics,Inbound freight,12.42,5654.16,70224.67,CAD,1,1,2025-09-29,2025-09-29,GR5001410,On Time,0
TX-00878,PO-53160,CA01,PO01,PG2,NB,2024-05-02,100034,S034,ABB Canada,NX20,Vanscoy,SL02,MAT-10009,Instrumentation,Level sensor,12.4,19669.99,243907.88,CAD,1,12,2024-05-14,2024-05-14,GR5001411,On Time,0
TX-00676,PO-37400,CA01,PO01,PG3,NB,2024-07-16,100027,S027,Western Agri-Chem,NX20,Vanscoy,SL03,MAT-10032,Agri-Chemicals,Anhydrous ammonia,7.25,3544.56,25698.06,CAD,1,8,2024-07-24,2024-07-21,GR5001412,On Time,0
TX-02212,PO-69450,CA01,PO01,PG5,UB,2025-11-12,100037,S037,Purolator,NX20,Vanscoy,SL05,MAT-10038,Logistics,Rail freight,16.52,6911.59,114179.47,CAD,1,1,2025-11-13,2025-11-11,GR5001413,On Time,0
TX-01379,PO-90892,CA01,PO01,PG5,UB,2024-06-17,100017,S017,Canadian Freightways,NX50,Redwater,SL05,MAT-10038,Logistics,Rail freight,16.61,5609.9,93180.44,CAD,1,3,2024-06-20,2024-06-20,GR5001414,On Time,0
TX-01504,PO-65858,CA01,PO01,PG4,NB,2023-01-29,100025,S025,Direct Safety,NX70,Aurora,SL04,MAT-10004,Safety,First aid kit,46.5,141.43,6576.49,CAD,0,7,2023-02-05,2023-02-05,GR5001415,On Time,0
TX-01923,PO-52215,CA01,PO01,PG2,NB,2025-10-03,100032,S032,Endress+Hauser,NX70,Aurora,SL02,MAT-10009,Instrumentation,Level sensor,9.3,22065.95,205213.34,CAD,1,21,2025-10-24,2025-10-24,GR5001416,On Time,0
TX-02135,PO-72707,CA01,PO01,PG2,NB,2023-03-25,100033,S033,Siemens Canada,NX70,Aurora,SL02,MAT-10002,Instrumentation,Flow meter,17.24,21064.45,363151.12,CAD,1,10,2023-04-04,2023-04-04,GR5001417,On Time,0
TX-00549,PO-98345,CA01,PO01,PG4,NB,2025-11-11,100024,S024,Northern Safety,NX50,Redwater,SL04,MAT-10049,Safety,Safety glasses,26.3,108.03,2841.19,CAD,1,2,2025-11-13,2025-11-13,GR5001418,On Time,0
TX-00877,PO-86076,CA01,PO01,PG3,NB,2025-10-21,100027,S027,Western Agri-Chem,NX70,Aurora,SL03,MAT-10021,Chemicals,Process chemical,18.73,6645.92,124478.08,CAD,1,8,2025-10-29,2025-10-29,GR5001419,On Time,0
TX-01644,PO-30002,CA01,PO01,PG3,NB,2024-12-27,100027,S027,Western Agri-Chem,NX50,Redwater,SL03,MAT-10030,Agri-Chemicals,Micronutrient blend,17.97,5833.27,104823.86,CAD,1,8,2025-01-04,2025-01-04,GR5001420,On Time,0
TX-01759,PO-59966,CA01,PO01,PG2,NB,2023-10-21,100035,S035,Rockwell Automation,NX20,Vanscoy,SL02,MAT-10023,Electrical,Motor starter,18.13,10327.89,187244.65,CAD,1,14,2023-11-04,2023-11-04,GR5001421,On Time,0
TX-00138,PO-40161,CA01,PO01,PG3,NB,2025-05-31,100007,S007,Brenntag Canada,NX60,Rocanville,SL03,MAT-10003,Chemicals,Sulfuric acid,4.34,5058.32,21953.11,CAD,1,8,2025-06-08,2025-06-08,GR5001422,On Time,0
TX-01454,PO-85999,CA01,PO01,PG2,NB,2024-08-31,100031,S031,Precision Instruments,NX10,Allan,SL02,MAT-10052,Instrumentation,Control valve,10.37,2941.03,30498.48,CAD,0,14,2024-09-14,2024-09-14,GR5001423,On Time,0
TX-02300,PO-52102,CA01,PO01,PG4,NB,2024-01-18,100038,S038,Prairie Packaging,NX30,Cory,SL04,MAT-10047,Packaging,Corrugated box,49.1,164.08,8056.33,CAD,1,5,2024-01-23,2024-01-23,GR5001424,On Time,0
TX-02398,PO-46267,CA01,PO01,PG2,NB,2023-04-08,100034,S034,ABB Canada,NX10,Allan,SL02,MAT-10018,Instrumentation,Temperature probe,7.29,2747.21,20027.16,CAD,1,12,2023-04-20,2023-04-19,GR5001425,On Time,0
TX-00149,PO-69050,CA01,PO01,PG3,NB,2024-01-21,100040,S040,Generic Supplies Inc,NX70,Aurora,SL03,MAT-10042,Agri-Chemicals,Urea 46-0-0,7.11,4378.36,31130.14,CAD,0,15,2024-02-05,2024-02-05,GR5001426,On Time,0
TX-02368,PO-58627,CA01,PO01,PG3,NB,2025-09-20,100026,S026,Sask Chemical Corp,NX40,Patience Lake,SL03,MAT-10015,Chemicals,Sodium hydroxide 50%,15.85,1613.66,25576.51,CAD,1,6,2025-09-26,2025-09-26,GR5001427,On Time,0
TX-00515,PO-46780,CA01,PO01,PG3,NB,2024-09-17,100028,S028,BioAgra Solutions,NX50,Redwater,SL03,MAT-10042,Agri-Chemicals,Urea 46-0-0,10.25,1380.75,14152.69,CAD,0,10,2024-09-27,2024-09-27,GR5001428,On Time,0
TX-00653,PO-72469,CA01,PO01,PG2,NB,2024-04-20,100032,S032,Endress+Hauser,NX40,Patience Lake,SL02,MAT-10046,Instrumentation,Pressure transmitter,5.39,2112.99,11389.02,CAD,1,21,2024-05-11,2024-05-11,GR5001429,On Time,0
TX-00741,PO-35307,CA01,PO01,PG3,NB,2025-07-02,100027,S027,Western Agri-Chem,NX20,Vanscoy,SL03,MAT-10027,Chemicals,Defoamer,7.68,8922.81,68527.18,CAD,1,8,2025-07-10,2025-07-10,GR5001430,On Time,0
TX-00093,PO-23173,CA01,PO01,PG2,NB,2023-07-05,100032,S032,Endress+Hauser,NX70,Aurora,SL02,MAT-10025,Instrumentation,Analyzer calibration,9.25,3813.41,35274.04,CAD,1,21,2023-07-26,2023-07-25,GR5001431,On Time,0
TX-00976,PO-76160,CA01,PO01,PG3,NB,2025-02-11,100028,S028,BioAgra Solutions,NX50,Redwater,SL03,MAT-10032,Agri-Chemicals,Anhydrous ammonia,10.03,6591.01,66107.83,CAD,0,10,2025-02-21,2025-02-21,GR5001432,On Time,0
TX-00567,PO-99916,CA01,PO01,PG2,NB,2025-07-12,100006,S006,HD Supply,NX30,Cory,SL02,MAT-10019,Electrical,LED fixture,4.42,2140.86,9462.6,CAD,1,10,2025-07-22,2025-07-22,GR5001433,On Time,0
TX-00643,PO-12408,CA01,PO01,PG1,NB,2025-12-20,100001,S001,Prairie Industrial Supply,NX10,Allan,SL01,MAT-10001,MRO,Valve repair parts,6.79,2230.2,15143.06,CAD,1,7,2025-12-27,2025-12-27,GR5001434,On Time,0
TX-00130,PO-54541,CA01,PO01,PG1,NB,2024-07-01,100005,S005,Motion Industries,NX70,Aurora,SL01,MAT-10016,MRO,Filter element,1.55,1266.05,1962.38,CAD,1,6,2024-07-07,2024-07-04,GR5001435,On Time,0
TX-00791,PO-94957,CA01,PO01,PG3,NB,2025-08-11,100026,S026,Sask Chemical Corp,NX30,Cory,SL03,MAT-10031,Chemicals,Hydrochloric acid,12.76,4894.4,62452.54,CAD,1,6,2025-08-17,2025-08-17,GR5001436,On Time,0
TX-01938,PO-17451,CA01,PO01,PG2,NB,2024-07-11,100034,S034,ABB Canada,NX50,Redwater,SL02,MAT-10019,Electrical,LED fixture,10.75,506.63,5446.27,CAD,1,12,2024-07-23,2024-07-23,GR5001437,On Time,0
TX-01346,PO-41276,CA01,PO01,PG1,NB,2025-10-27,100001,S001,Prairie Industrial Supply,NX10,Allan,SL01,MAT-10016,MRO,Filter element,18.25,2818.43,51436.35,CAD,1,7,2025-11-03,2025-11-03,GR5001438,On Time,0
TX-00970,PO-77264,CA01,PO01,PG4,NB,2025-11-01,100038,S038,Prairie Packaging,NX10,Allan,SL04,MAT-10013,Packaging,Pallet wrap,7.2,1445.41,10406.95,CAD,1,5,2025-11-06,2025-11-06,GR5001439,On Time,0
TX-01982,PO-18658,CA01,PO01,PG2,NB,2023-03-11,100032,S032,Endress+Hauser,NX60,Rocanville,SL02,MAT-10009,Instrumentation,Level sensor,7.92,10683.67,84614.67,CAD,1,21,2023-04-01,2023-04-01,GR5001440,On Time,0
TX-01463,PO-52875,CA01,PO01,PG3,NB,2023-06-11,100009,S009,Chemtrade Logistics,NX50,Redwater,SL03,MAT-10015,Chemicals,Sodium hydroxide 50%,15.14,3291.35,49831.04,CAD,1,5,2023-06-16,2023-06-16,GR5001441,On Time,0
TX-01838,PO-74417,CA01,PO01,PG4,NB,2024-02-14,100038,S038,Prairie Packaging,NX20,Vanscoy,SL04,MAT-10045,Packaging,Label stock,29.9,480.97,14381.0,CAD,1,5,2024-02-19,2024-02-19,GR5001442,On Time,0
TX-01360,PO-47095,CA01,PO01,PG5,UB,2024-08-13,100018,S018,TransWest Shipping,NX60,Rocanville,SL05,MAT-10022,Logistics,Outbound freight,2.23,3013.4,6719.88,CAD,0,4,2024-08-17,2024-08-17,GR5001443,On Time,0
TX-00588,PO-59592,CA01,PO01,PG4,NB,2025-06-14,100025,S025,Direct Safety,NX40,Patience Lake,SL04,MAT-10051,Safety,Gloves — cut-resistant,20.3,92.84,1884.65,CAD,0,7,2025-06-21,2025-06-21,GR5001444,On Time,0
TX-01515,PO-11398,CA01,PO01,PG4,NB,2024-01-27,100038,S038,Prairie Packaging,NX40,Patience Lake,SL04,MAT-10043,Packaging,Stretch film,19.7,423.69,8346.69,CAD,1,5,2024-02-01,2024-02-01,GR5001445,On Time,0
TX-01689,PO-57520,CA01,PO01,PG2,NB,2023-07-31,100032,S032,Endress+Hauser,NX40,Patience Lake,SL02,MAT-10052,Instrumentation,Control valve,2.68,18696.34,50106.19,CAD,1,21,2023-08-21,2023-08-21,GR5001446,On Time,0
TX-01354,PO-66455,CA01,PO01,PG4,NB,2023-10-18,100038,S038,Prairie Packaging,NX70,Aurora,SL04,MAT-10045,Packaging,Label stock,18.5,139.34,2577.79,CAD,1,5,2023-10-23,2023-10-23,GR5001447,On Time,0
TX-00822,PO-58916,CA01,PO01,PG3,NB,2024-06-12,100040,S040,Generic Supplies Inc,NX60,Rocanville,SL03,MAT-10042,Agri-Chemicals,Urea 46-0-0,12.93,4534.6,58632.38,CAD,0,15,2024-06-27,2024-06-27,GR5001448,On Time,0
TX-00358,PO-42129,CA01,PO01,PG3,NB,2025-10-07,100028,S028,BioAgra Solutions,NX40,Patience Lake,SL03,MAT-10030,Agri-Chemicals,Micronutrient blend,19.96,7123.32,142181.47,CAD,0,10,2025-10-17,2025-10-17,GR5001449,On Time,0
TX-02400,PO-80889,CA01,PO01,PG5,UB,2024-01-10,100017,S017,Canadian Freightways,NX40,Patience Lake,SL05,MAT-10028,Logistics,Inbound freight,14.85,573.0,8509.05,CAD,1,3,2024-01-13,2024-01-13,GR5001450,On Time,0
TX-01781,PO-74456,CA01,PO01,PG5,UB,2025-01-12,100016,S016,Nutrien Logistics,NX40,Patience Lake,SL05,MAT-10028,Logistics,Inbound freight,18.69,5339.81,99801.05,CAD,0,2,2025-01-14,2025-01-14,GR5001451,On Time,0
TX-00147,PO-58331,CA01,PO01,PG1,NB,2023-06-01,100003,S003,Grainger Canada,NX40,Patience Lake,SL01,MAT-10005,MRO,Bearing assembly,6.9,2061.02,14221.04,CAD,1,3,2023-06-04,2023-06-11,GR5001452,Late,7
TX-01352,PO-49470,CA01,PO01,PG3,NB,2024-06-11,100028,S028,BioAgra Solutions,NX40,Patience Lake,SL03,MAT-10017,Agri-Chemicals,Phosphate blend,13.6,2587.75,35193.4,CAD,0,10,2024-06-21,2024-06-21,GR5001453,On Time,0
TX-01822,PO-83646,CA01,PO01,PG1,NB,2024-04-02,100004,S004,Fastenal Canada,NX10,Allan,SL01,MAT-10006,MRO,Gear oil,13.03,1506.1,19624.48,CAD,1,4,2024-04-06,2024-04-06,GR5001454,On Time,0
TX-00305,PO-93948,CA01,PO01,PG2,NB,2024-04-19,100006,S006,HD Supply,NX60,Rocanville,SL02,MAT-10041,Electrical,Cable tray,16.16,9520.45,153850.47,CAD,1,10,2024-04-29,2024-04-29,GR5001455,On Time,0
TX-01705,PO-96925,CA01,PO01,PG5,UB,2023-06-05,100036,S036,Canpar Courier,NX40,Patience Lake,SL05,MAT-10039,Logistics,Flatbed transport,4.77,1179.07,5624.16,CAD,1,1,2023-06-06,2023-06-06,GR5001456,On Time,0
TX-01151,PO-80645,CA01,PO01,PG4,NB,2025-12-21,100038,S038,Prairie Packaging,NX60,Rocanville,SL04,MAT-10045,Packaging,Label stock,24.9,1076.29,26799.62,CAD,1,5,2025-12-26,2025-12-26,GR5001457,On Time,0
TX-01338,PO-56455,CA01,PO01,PG2,NB,2025-12-23,100031,S031,Precision Instruments,NX60,Rocanville,SL02,MAT-10046,Instrumentation,Pressure transmitter,9.6,8862.67,85081.63,CAD,0,14,2026-01-06,2026-01-06,GR5001458,On Time,0
TX-01639,PO-35020,CA01,PO01,PG5,UB,2023-06-29,100037,S037,Purolator,NX50,Redwater,SL05,MAT-10038,Logistics,Rail freight,11.9,4013.35,47758.86,CAD,1,1,2023-06-30,2023-07-03,GR5001459,Late,3
TX-00625,PO-22499,CA01,PO01,PG2,NB,2025-09-26,100006,S006,HD Supply,NX10,Allan,SL02,MAT-10019,Electrical,LED fixture,16.69,10406.01,173676.31,CAD,1,10,2025-10-06,2025-10-06,GR5001460,On Time,0
TX-01145,PO-42112,CA01,PO01,PG1,NB,2024-11-24,100001,S001,Prairie Industrial Supply,NX40,Patience Lake,SL01,MAT-10012,MRO,Coupling set,12.27,4365.29,53562.11,CAD,1,7,2024-12-01,2024-12-01,GR5001461,On Time,0
TX-02223,PO-85966,CA01,PO01,PG3,NB,2023-08-19,100040,S040,Generic Supplies Inc,NX60,Rocanville,SL03,MAT-10032,Agri-Chemicals,Anhydrous ammonia,5.07,6573.37,33326.99,CAD,0,15,2023-09-03,2023-09-03,GR5001462,On Time,0
TX-00646,PO-91988,CA01,PO01,PG5,UB,2023-10-09,100018,S018,TransWest Shipping,NX60,Rocanville,SL05,MAT-10039,Logistics,Flatbed transport,2.67,3862.25,10312.21,CAD,0,4,2023-10-13,2023-10-13,GR5001463,On Time,0
TX-02394,PO-67389,CA01,PO01,PG5,UB,2024-08-30,100016,S016,Nutrien Logistics,NX60,Rocanville,SL05,MAT-10029,Logistics,Expedited shipping,5.05,8074.99,40778.7,CAD,0,2,2024-09-01,2024-09-01,GR5001464,On Time,0
TX-00995,PO-82938,CA01,PO01,PG3,NB,2025-03-20,100009,S009,Chemtrade Logistics,NX20,Vanscoy,SL03,MAT-10003,Chemicals,Sulfuric acid,14.27,10101.58,144149.55,CAD,1,5,2025-03-25,2025-03-25,GR5001465,On Time,0
TX-02377,PO-76295,CA01,PO01,PG2,NB,2025-09-22,100035,S035,Rockwell Automation,NX30,Cory,SL02,MAT-10036,Electrical,Control panel,16.84,871.5,14676.06,CAD,1,14,2025-10-06,2025-10-06,GR5001466,On Time,0
TX-01933,PO-18752,CA01,PO01,PG4,NB,2024-01-16,100039,S039,Sealed Air Canada,NX50,Redwater,SL04,MAT-10045,Packaging,Label stock,12.2,678.27,8274.89,CAD,1,8,2024-01-24,2024-01-24,GR5001467,On Time,0
TX-00215,PO-59832,CA01,PO01,PG4,NB,2025-09-10,100029,S029,3M Canada,NX20,Vanscoy,SL04,MAT-10010,Safety,Hearing protection,9.4,259.03,2434.88,CAD,1,5,2025-09-15,2025-09-15,GR5001468,On Time,0
TX-00565,PO-44452,CA01,PO01,PG4,NB,2023-07-26,100025,S025,Direct Safety,NX40,Patience Lake,SL04,MAT-10010,Safety,Hearing protection,16.9,277.69,4692.96,CAD,0,7,2023-08-02,2023-08-04,GR5001469,Late,2
TX-01008,PO-52336,CA01,PO01,PG2,NB,2025-05-24,100034,S034,ABB Canada,NX20,Vanscoy,SL02,MAT-10046,Instrumentation,Pressure transmitter,13.18,23662.24,311868.32,CAD,1,12,2025-06-05,2025-06-05,GR5001470,On Time,0
TX-01401,PO-24532,CA01,PO01,PG4,NB,2025-10-21,100029,S029,3M Canada,NX40,Patience Lake,SL04,MAT-10010,Safety,Hearing protection,16.3,255.09,4157.97,CAD,1,5,2025-10-26,2025-10-26,GR5001471,On Time,0
TX-00813,PO-55209,CA01,PO01,PG2,NB,2025-05-25,100006,S006,HD Supply,NX10,Allan,SL02,MAT-10050,Electrical,Junction box,8.02,5717.9,45857.56,CAD,1,10,2025-06-04,2025-06-07,GR5001472,Late,3
TX-00557,PO-19965,CA01,PO01,PG1,NB,2024-06-23,100040,S040,Generic Supplies Inc,NX50,Redwater,SL01,MAT-10026,MRO,Hose assembly,5.72,522.88,2990.87,CAD,0,15,2024-07-08,2024-07-08,GR5001473,On Time,0
TX-00114,PO-84000,CA01,PO01,PG3,NB,2023-02-13,100028,S028,BioAgra Solutions,NX10,Allan,SL03,MAT-10021,Chemicals,Process chemical,1.96,5212.05,10215.62,CAD,0,10,2023-02-23,2023-02-23,GR5001474,On Time,0
TX-01934,PO-33061,CA01,PO01,PG4,NB,2023-04-17,100024,S024,Northern Safety,NX40,Patience Lake,SL04,MAT-10004,Safety,First aid kit,29.1,317.58,9241.58,CAD,1,2,2023-04-19,2023-04-19,GR5001475,On Time,0
TX-00235,PO-44282,CA01,PO01,PG4,NB,2024-06-30,100025,S025,Direct Safety,NX50,Redwater,SL04,MAT-10048,Safety,Hard hat,47.7,152.34,7266.62,CAD,0,7,2024-07-07,2024-07-07,GR5001476,On Time,0
TX-01327,PO-19835,CA01,PO01,PG1,NB,2023-04-18,100040,S040,Generic Supplies Inc,NX50,Redwater,SL01,MAT-10016,MRO,Filter element,5.93,3853.92,22853.75,CAD,0,15,2023-05-03,2023-05-03,GR5001477,On Time,0
TX-02347,PO-88492,CA01,PO01,PG4,NB,2025-12-16,100039,S039,Sealed Air Canada,NX40,Patience Lake,SL04,MAT-10043,Packaging,Stretch film,26.2,377.61,9893.38,CAD,1,8,2025-12-24,2025-12-24,GR5001478,On Time,0
TX-00502,PO-94072,CA01,PO01,PG4,NB,2023-02-04,100039,S039,Sealed Air Canada,NX30,Cory,SL04,MAT-10034,Packaging,Bulk bags,20.1,307.15,6173.72,CAD,1,8,2023-02-12,2023-02-12,GR5001479,On Time,0
TX-00981,PO-46039,CA01,PO01,PG4,NB,2023-02-08,100025,S025,Direct Safety,NX40,Patience Lake,SL04,MAT-10048,Safety,Hard hat,6.9,410.54,2832.73,CAD,0,7,2023-02-15,2023-02-15,GR5001480,On Time,0
TX-02199,PO-27187,CA01,PO01,PG5,UB,2024-04-15,100018,S018,TransWest Shipping,NX30,Cory,SL05,MAT-10022,Logistics,Outbound freight,12.14,7691.2,93371.17,CAD,0,4,2024-04-19,2024-04-19,GR5001481,On Time,0
TX-02102,PO-42032,CA01,PO01,PG4,NB,2023-09-19,100038,S038,Prairie Packaging,NX40,Patience Lake,SL04,MAT-10034,Packaging,Bulk bags,42.0,1085.83,45604.86,CAD,1,5,2023-09-24,2023-09-24,GR5001482,On Time,0
TX-00497,PO-77357,CA01,PO01,PG2,NB,2023-03-31,100006,S006,HD Supply,NX60,Rocanville,SL02,MAT-10050,Electrical,Junction box,6.63,9842.62,65256.57,CAD,1,10,2023-04-10,2023-04-10,GR5001483,On Time,0
TX-00798,PO-48209,CA01,PO01,PG1,NB,2023-09-28,100003,S003,Grainger Canada,NX60,Rocanville,SL01,MAT-10005,MRO,Bearing assembly,10.0,1919.58,19195.8,CAD,1,3,2023-10-01,2023-10-01,GR5001484,On Time,0
TX-01571,PO-87059,CA01,PO01,PG4,NB,2024-08-12,100024,S024,Northern Safety,NX40,Patience Lake,SL04,MAT-10051,Safety,Gloves — cut-resistant,36.7,251.54,9231.52,CAD,1,2,2024-08-14,2024-08-14,GR5001485,On Time,0
TX-02046,PO-83719,CA01,PO01,PG2,NB,2024-05-08,100035,S035,Rockwell Automation,NX60,Rocanville,SL02,MAT-10036,Electrical,Control panel,11.12,7498.63,83384.77,CAD,1,14,2024-05-22,2024-05-22,GR5001486,On Time,0
TX-00762,PO-98918,CA01,PO01,PG3,NB,2024-03-27,100026,S026,Sask Chemical Corp,NX40,Patience Lake,SL03,MAT-10027,Chemicals,Defoamer,2.2,3069.58,6753.08,CAD,1,6,2024-04-02,2024-03-31,GR5001487,On Time,0
TX-00433,PO-53426,CA01,PO01,PG5,UB,2023-07-02,100018,S018,TransWest Shipping,NX70,Aurora,SL05,MAT-10040,Logistics,LTL shipment,5.22,2481.63,12954.11,CAD,0,4,2023-07-06,2023-07-06,GR5001488,On Time,0
TX-00692,PO-34931,CA01,PO01,PG3,NB,2023-02-21,100026,S026,Sask Chemical Corp,NX40,Patience Lake,SL03,MAT-10031,Chemicals,Hydrochloric acid,16.18,10935.5,176936.39,CAD,1,6,2023-02-27,2023-02-27,GR5001489,On Time,0
TX-01973,PO-86397,CA01,PO01,PG2,NB,2023-12-05,100033,S033,Siemens Canada,NX20,Vanscoy,SL02,MAT-10023,Electrical,Motor starter,17.96,5086.1,91346.36,CAD,1,10,2023-12-15,2023-12-15,GR5001490,On Time,0
TX-01541,PO-96954,CA01,PO01,PG5,UB,2025-12-09,100018,S018,TransWest Shipping,NX40,Patience Lake,SL05,MAT-10022,Logistics,Outbound freight,4.77,8826.82,42103.93,CAD,0,4,2025-12-13,2025-12-13,GR5001491,On Time,0
TX-00773,PO-33053,CA01,PO01,PG2,NB,2025-07-17,100033,S033,Siemens Canada,NX40,Patience Lake,SL02,MAT-10052,Instrumentation,Control valve,1.82,18899.8,34397.64,CAD,1,10,2025-07-27,2025-07-27,GR5001492,On Time,0
TX-01936,PO-26270,CA01,PO01,PG3,NB,2023-07-27,100007,S007,Brenntag Canada,NX50,Redwater,SL03,MAT-10007,Chemicals,Corrosion inhibitor,6.11,9571.21,58480.09,CAD,1,8,2023-08-04,2023-08-04,GR5001493,On Time,0
TX-00830,PO-78566,CA01,PO01,PG2,NB,2025-01-12,100035,S035,Rockwell Automation,NX70,Aurora,SL02,MAT-10019,Electrical,LED fixture,3.64,6740.68,24536.08,CAD,1,14,2025-01-26,2025-01-26,GR5001494,On Time,0
TX-00725,PO-99662,CA01,PO01,PG3,NB,2025-12-07,100040,S040,Generic Supplies Inc,NX20,Vanscoy,SL03,MAT-10042,Agri-Chemicals,Urea 46-0-0,17.91,1193.42,21374.15,CAD,0,15,2025-12-22,2025-12-22,GR5001495,On Time,0
TX-00366,PO-30658,CA01,PO01,PG2,NB,2024-09-23,100034,S034,ABB Canada,NX60,Rocanville,SL02,MAT-10023,Electrical,Motor starter,9.8,12816.74,125604.05,CAD,1,12,2024-10-05,2024-10-05,GR5001496,On Time,0
TX-00378,PO-17679,CA01,PO01,PG2,NB,2024-10-15,100032,S032,Endress+Hauser,NX20,Vanscoy,SL02,MAT-10009,Instrumentation,Level sensor,12.35,2188.63,27029.58,CAD,1,21,2024-11-05,2024-11-05,GR5001497,On Time,0
TX-01620,PO-30263,CA01,PO01,PG2,NB,2024-09-06,100006,S006,HD Supply,NX20,Vanscoy,SL02,MAT-10014,Electrical,Conduit kit,18.62,3312.32,61675.4,CAD,1,10,2024-09-16,2024-09-19,GR5001498,Late,3
TX-01404,PO-88400,CA01,PO01,PG3,NB,2023-03-14,100026,S026,Sask Chemical Corp,NX50,Redwater,SL03,MAT-10037,Agri-Chemicals,Potassium chloride,7.57,937.8,7099.15,CAD,1,6,2023-03-20,2023-03-20,GR5001499,On Time,0
TX-02196,PO-65307,CA01,PO01,PG2,NB,2024-07-26,100035,S035,Rockwell Automation,NX70,Aurora,SL02,MAT-10019,Electrical,LED fixture,11.29,5225.14,58991.83,CAD,1,14,2024-08-09,2024-08-13,GR5001500,Late,4
TX-01814,PO-79420,CA01,PO01,PG5,UB,2024-09-28,100018,S018,TransWest Shipping,NX70,Aurora,SL05,MAT-10022,Logistics,Outbound freight,14.0,4046.59,56652.26,CAD,0,4,2024-10-02,2024-10-02,GR5001501,On Time,0
TX-01508,PO-21971,CA01,PO01,PG2,NB,2023-12-11,100034,S034,ABB Canada,NX10,Allan,SL02,MAT-10002,Instrumentation,Flow meter,1.05,6948.03,7295.43,CAD,1,12,2023-12-23,2023-12-23,GR5001502,On Time,0
TX-01160,PO-19248,CA01,PO01,PG3,NB,2025-05-21,100026,S026,Sask Chemical Corp,NX30,Cory,SL03,MAT-10032,Agri-Chemicals,Anhydrous ammonia,18.86,1488.65,28075.94,CAD,1,6,2025-05-27,2025-05-27,GR5001503,On Time,0
TX-01373,PO-53425,CA01,PO01,PG3,NB,2023-07-19,100009,S009,Chemtrade Logistics,NX40,Patience Lake,SL03,MAT-10003,Chemicals,Sulfuric acid,16.62,7132.97,118549.96,CAD,1,5,2023-07-24,2023-07-24,GR5001504,On Time,0
TX-01543,PO-49489,CA01,PO01,PG4,NB,2023-01-02,100038,S038,Prairie Packaging,NX60,Rocanville,SL04,MAT-10013,Packaging,Pallet wrap,33.3,464.78,15477.17,CAD,1,5,2023-01-07,2023-01-07,GR5001505,On Time,0
TX-01635,PO-28385,CA01,PO01,PG2,NB,2024-06-14,100034,S034,ABB Canada,NX70,Aurora,SL02,MAT-10023,Electrical,Motor starter,5.85,11265.22,65901.54,CAD,1,12,2024-06-26,2024-06-26,GR5001506,On Time,0
TX-01719,PO-19307,CA01,PO01,PG2,NB,2023-04-19,100033,S033,Siemens Canada,NX40,Patience Lake,SL02,MAT-10023,Electrical,Motor starter,14.53,5503.57,79966.87,CAD,1,10,2023-04-29,2023-04-29,GR5001507,On Time,0
TX-00520,PO-33480,CA01,PO01,PG4,NB,2023-12-06,100029,S029,3M Canada,NX70,Aurora,SL04,MAT-10049,Safety,Safety glasses,38.1,73.34,2794.25,CAD,1,5,2023-12-11,2023-12-11,GR5001508,On Time,0
TX-00599,PO-97385,CA01,PO01,PG3,NB,2024-09-03,100009,S009,Chemtrade Logistics,NX60,Rocanville,SL03,MAT-10021,Chemicals,Process chemical,4.78,10740.22,51338.25,CAD,1,5,2024-09-08,2024-09-08,GR5001509,On Time,0
TX-01245,PO-75967,CA01,PO01,PG1,NB,2023-11-16,100003,S003,Grainger Canada,NX20,Vanscoy,SL01,MAT-10001,MRO,Valve repair parts,2.14,2908.92,6225.09,CAD,1,3,2023-11-19,2023-11-19,GR5001510,On Time,0
TX-00218,PO-51124,CA01,PO01,PG5,UB,2024-10-27,100037,S037,Purolator,NX10,Allan,SL05,MAT-10040,Logistics,LTL shipment,19.96,4087.78,81592.09,CAD,1,1,2024-10-28,2024-10-28,GR5001511,On Time,0
TX-01300,PO-23555,CA01,PO01,PG2,NB,2023-06-19,100031,S031,Precision Instruments,NX30,Cory,SL02,MAT-10052,Instrumentation,Control valve,18.76,18270.31,342751.02,CAD,0,14,2023-07-03,2023-07-03,GR5001512,On Time,0
TX-02238,PO-59844,CA01,PO01,PG4,NB,2024-03-14,100029,S029,3M Canada,NX70,Aurora,SL04,MAT-10051,Safety,Gloves — cut-resistant,2.8,237.32,664.5,CAD,1,5,2024-03-19,2024-03-21,GR5001513,Late,2
TX-01042,PO-21109,CA01,PO01,PG4,NB,2023-11-18,100039,S039,Sealed Air Canada,NX40,Patience Lake,SL04,MAT-10045,Packaging,Label stock,46.8,798.29,37359.97,CAD,1,8,2023-11-26,2023-11-26,GR5001514,On Time,0
TX-01892,PO-37991,CA01,PO01,PG1,NB,2023-10-08,100003,S003,Grainger Canada,NX50,Redwater,SL01,MAT-10006,MRO,Gear oil,7.07,1134.36,8019.93,CAD,1,3,2023-10-11,2023-10-17,GR5001515,Late,6
TX-00331,PO-22475,CA01,PO01,PG5,UB,2024-09-17,100016,S016,Nutrien Logistics,NX60,Rocanville,SL05,MAT-10028,Logistics,Inbound freight,14.79,6842.59,101201.91,CAD,0,2,2024-09-19,2024-09-19,GR5001516,On Time,0
TX-01762,PO-74298,CA01,PO01,PG4,NB,2025-03-03,100039,S039,Sealed Air Canada,NX70,Aurora,SL04,MAT-10043,Packaging,Stretch film,23.0,1516.29,34874.67,CAD,1,8,2025-03-11,2025-03-11,GR5001517,On Time,0
TX-01688,PO-73871,CA01,PO01,PG1,NB,2024-06-07,100004,S004,Fastenal Canada,NX50,Redwater,SL01,MAT-10001,MRO,Valve repair parts,3.14,2126.04,6675.77,CAD,1,4,2024-06-11,2024-06-11,GR5001518,On Time,0
TX-01415,PO-55434,CA01,PO01,PG4,NB,2024-10-15,100029,S029,3M Canada,NX30,Cory,SL04,MAT-10048,Safety,Hard hat,35.2,211.31,7438.11,CAD,1,5,2024-10-20,2024-10-20,GR5001519,On Time,0
TX-02006,PO-23575,CA01,PO01,PG4,NB,2024-12-20,100025,S025,Direct Safety,NX50,Redwater,SL04,MAT-10051,Safety,Gloves — cut-resistant,2.5,390.98,977.45,CAD,0,7,2024-12-27,2024-12-27,GR5001520,On Time,0
TX-00430,PO-54979,CA01,PO01,PG4,NB,2023-03-14,100039,S039,Sealed Air Canada,NX60,Rocanville,SL04,MAT-10013,Packaging,Pallet wrap,29.6,1989.93,58901.93,CAD,1,8,2023-03-22,2023-03-22,GR5001521,On Time,0
TX-00298,PO-23886,CA01,PO01,PG1,NB,2025-03-29,100005,S005,Motion Industries,NX70,Aurora,SL01,MAT-10012,MRO,Coupling set,19.37,1525.61,29551.07,CAD,1,6,2025-04-04,2025-04-04,GR5001522,On Time,0
TX-00269,PO-79391,CA01,PO01,PG3,NB,2023-01-14,100030,S030,DuPont Canada,NX20,Vanscoy,SL03,MAT-10042,Agri-Chemicals,Urea 46-0-0,11.11,3526.17,39175.75,CAD,1,7,2023-01-21,2023-01-26,GR5001523,Late,5
TX-02129,PO-28672,CA01,PO01,PG1,NB,2023-01-07,100003,S003,Grainger Canada,NX50,Redwater,SL01,MAT-10044,MRO,Pump seal kit,18.05,4322.09,78013.72,CAD,1,3,2023-01-10,2023-01-10,GR5001524,On Time,0
TX-01600,PO-86445,CA01,PO01,PG5,UB,2025-02-25,100037,S037,Purolator,NX30,Cory,SL05,MAT-10022,Logistics,Outbound freight,5.89,2209.39,13013.31,CAD,1,1,2025-02-26,2025-02-26,GR5001525,On Time,0
TX-02076,PO-88539,CA01,PO01,PG2,NB,2023-03-24,100006,S006,HD Supply,NX60,Rocanville,SL02,MAT-10023,Electrical,Motor starter,10.64,7116.23,75716.69,CAD,1,10,2023-04-03,2023-04-03,GR5001526,On Time,0
TX-00411,PO-73646,CA01,PO01,PG3,NB,2024-12-05,100009,S009,Chemtrade Logistics,NX50,Redwater,SL03,MAT-10003,Chemicals,Sulfuric acid,17.68,3758.33,66447.27,CAD,1,5,2024-12-10,2024-12-10,GR5001527,On Time,0
TX-00980,PO-84743,CA01,PO01,PG3,NB,2023-06-24,100028,S028,BioAgra Solutions,NX40,Patience Lake,SL03,MAT-10015,Chemicals,Sodium hydroxide 50%,4.66,8659.97,40355.46,CAD,0,10,2023-07-04,2023-07-04,GR5001528,On Time,0
TX-00825,PO-81265,CA01,PO01,PG3,NB,2024-01-11,100027,S027,Western Agri-Chem,NX10,Allan,SL03,MAT-10031,Chemicals,Hydrochloric acid,15.53,7506.14,116570.35,CAD,1,8,2024-01-19,2024-01-19,GR5001529,On Time,0
TX-02396,PO-42947,CA01,PO01,PG4,NB,2025-05-29,100038,S038,Prairie Packaging,NX70,Aurora,SL04,MAT-10013,Packaging,Pallet wrap,22.9,1209.51,27697.78,CAD,1,5,2025-06-03,2025-06-03,GR5001530,On Time,0
TX-01772,PO-32589,CA01,PO01,PG4,NB,2023-02-18,100038,S038,Prairie Packaging,NX60,Rocanville,SL04,MAT-10043,Packaging,Stretch film,35.0,821.06,28737.1,CAD,1,5,2023-02-23,2023-02-23,GR5001531,On Time,0
TX-00537,PO-59969,CA01,PO01,PG4,NB,2023-03-30,100039,S039,Sealed Air Canada,NX30,Cory,SL04,MAT-10024,Packaging,Poly liner,35.2,903.6,31806.72,CAD,1,8,2023-04-07,2023-04-07,GR5001532,On Time,0
TX-02234,PO-63754,CA01,PO01,PG1,NB,2023-11-07,100040,S040,Generic Supplies Inc,NX10,Allan,SL01,MAT-10006,MRO,Gear oil,3.2,856.02,2739.26,CAD,0,15,2023-11-22,2023-11-22,GR5001533,On Time,0
TX-00891,PO-27499,CA01,PO01,PG5,UB,2025-04-20,100037,S037,Purolator,NX70,Aurora,SL05,MAT-10040,Logistics,LTL shipment,16.06,2895.49,46501.57,CAD,1,1,2025-04-21,2025-04-21,GR5001534,On Time,0
TX-01291,PO-14282,CA01,PO01,PG2,NB,2025-04-29,100033,S033,Siemens Canada,NX50,Redwater,SL02,MAT-10018,Instrumentation,Temperature probe,13.79,1597.7,22032.28,CAD,1,10,2025-05-09,2025-05-09,GR5001535,On Time,0
TX-01365,PO-85781,CA01,PO01,PG3,NB,2024-09-28,100009,S009,Chemtrade Logistics,NX30,Cory,SL03,MAT-10027,Chemicals,Defoamer,4.29,5681.14,24372.09,CAD,1,5,2024-10-03,2024-10-03,GR5001536,On Time,0
TX-01978,PO-50543,CA01,PO01,PG3,NB,2024-09-19,100028,S028,BioAgra Solutions,NX40,Patience Lake,SL03,MAT-10032,Agri-Chemicals,Anhydrous ammonia,6.58,6385.85,42018.89,CAD,0,10,2024-09-29,2024-09-29,GR5001537,On Time,0
TX-00184,PO-42717,CA01,PO01,PG3,NB,2025-12-20,100027,S027,Western Agri-Chem,NX10,Allan,SL03,MAT-10027,Chemicals,Defoamer,7.97,4321.12,34439.33,CAD,1,8,2025-12-28,2025-12-28,GR5001538,On Time,0
TX-01921,PO-68213,CA01,PO01,PG4,NB,2024-04-20,100039,S039,Sealed Air Canada,NX10,Allan,SL04,MAT-10043,Packaging,Stretch film,5.9,237.43,1400.84,CAD,1,8,2024-04-28,2024-04-28,GR5001539,On Time,0
TX-00375,PO-64949,CA01,PO01,PG3,NB,2025-09-08,100030,S030,DuPont Canada,NX40,Patience Lake,SL03,MAT-10032,Agri-Chemicals,Anhydrous ammonia,2.16,2526.3,5456.81,CAD,1,7,2025-09-15,2025-09-15,GR5001540,On Time,0
TX-01295,PO-76093,CA01,PO01,PG4,NB,2023-11-21,100039,S039,Sealed Air Canada,NX40,Patience Lake,SL04,MAT-10013,Packaging,Pallet wrap,22.4,271.19,6074.66,CAD,1,8,2023-11-29,2023-11-29,GR5001541,On Time,0
TX-01148,PO-39482,CA01,PO01,PG3,NB,2023-09-03,100028,S028,BioAgra Solutions,NX20,Vanscoy,SL03,MAT-10030,Agri-Chemicals,Micronutrient blend,3.22,1493.4,4808.75,CAD,0,10,2023-09-13,2023-09-13,GR5001542,On Time,0
TX-01389,PO-97197,CA01,PO01,PG4,NB,2023-03-02,100038,S038,Prairie Packaging,NX20,Vanscoy,SL04,MAT-10034,Packaging,Bulk bags,42.7,385.62,16465.97,CAD,1,5,2023-03-07,2023-03-07,GR5001543,On Time,0
TX-01144,PO-33544,CA01,PO01,PG5,UB,2023-12-11,100036,S036,Canpar Courier,NX60,Rocanville,SL05,MAT-10040,Logistics,LTL shipment,18.59,1220.36,22686.49,CAD,1,1,2023-12-12,2023-12-12,GR5001544,On Time,0
TX-01714,PO-67392,CA01,PO01,PG2,NB,2024-07-05,100034,S034,ABB Canada,NX60,Rocanville,SL02,MAT-10019,Electrical,LED fixture,11.91,987.38,11759.7,CAD,1,12,2024-07-17,2024-07-17,GR5001545,On Time,0
TX-01134,PO-51409,CA01,PO01,PG5,UB,2024-03-30,100037,S037,Purolator,NX70,Aurora,SL05,MAT-10040,Logistics,LTL shipment,3.03,568.91,1723.8,CAD,1,1,2024-03-31,2024-03-31,GR5001546,On Time,0
TX-01797,PO-74920,CA01,PO01,PG4,NB,2025-12-20,100039,S039,Sealed Air Canada,NX70,Aurora,SL04,MAT-10043,Packaging,Stretch film,10.4,1649.7,17156.88,CAD,1,8,2025-12-28,2025-12-28,GR5001547,On Time,0
TX-01584,PO-89915,CA01,PO01,PG4,NB,2024-01-22,100039,S039,Sealed Air Canada,NX60,Rocanville,SL04,MAT-10013,Packaging,Pallet wrap,32.2,1268.24,40837.33,CAD,1,8,2024-01-30,2024-01-30,GR5001548,On Time,0
TX-00205,PO-98148,CA01,PO01,PG2,NB,2024-07-30,100033,S033,Siemens Canada,NX20,Vanscoy,SL02,MAT-10014,Electrical,Conduit kit,10.4,13258.62,137889.65,CAD,1,10,2024-08-09,2024-08-09,GR5001549,On Time,0
TX-00812,PO-97394,CA01,PO01,PG4,NB,2024-10-12,100038,S038,Prairie Packaging,NX60,Rocanville,SL04,MAT-10034,Packaging,Bulk bags,30.6,1062.19,32503.01,CAD,1,5,2024-10-17,2024-10-17,GR5001550,On Time,0
TX-00320,PO-46842,CA01,PO01,PG5,UB,2024-02-28,100017,S017,Canadian Freightways,NX50,Redwater,SL05,MAT-10039,Logistics,Flatbed transport,16.3,4775.56,77841.63,CAD,1,3,2024-03-02,2024-03-02,GR5001551,On Time,0
TX-00256,PO-17552,CA01,PO01,PG3,NB,2024-04-06,100027,S027,Western Agri-Chem,NX50,Redwater,SL03,MAT-10037,Agri-Chemicals,Potassium chloride,6.71,5777.58,38767.56,CAD,1,8,2024-04-14,2024-04-14,GR5001552,On Time,0
TX-01007,PO-90538,CA01,PO01,PG2,NB,2023-02-17,100032,S032,Endress+Hauser,NX50,Redwater,SL02,MAT-10052,Instrumentation,Control valve,19.85,17785.17,353035.62,CAD,1,21,2023-03-10,2023-03-07,GR5001553,On Time,0
TX-00029,PO-98184,CA01,PO01,PG3,NB,2024-11-17,100009,S009,Chemtrade Logistics,NX40,Patience Lake,SL03,MAT-10031,Chemicals,Hydrochloric acid,2.77,11462.4,31750.85,CAD,1,5,2024-11-22,2024-11-29,GR5001554,Late,7
TX-02393,PO-39069,CA01,PO01,PG1,NB,2023-04-03,100003,S003,Grainger Canada,NX30,Cory,SL01,MAT-10012,MRO,Coupling set,3.92,3497.34,13709.57,CAD,1,3,2023-04-06,2023-04-06,GR5001555,On Time,0
TX-00080,PO-73532,CA01,PO01,PG3,NB,2024-06-30,100026,S026,Sask Chemical Corp,NX10,Allan,SL03,MAT-10037,Agri-Chemicals,Potassium chloride,11.44,7450.31,85231.55,CAD,1,6,2024-07-06,2024-07-06,GR5001556,On Time,0
TX-01831,PO-27284,CA01,PO01,PG1,NB,2024-10-25,100040,S040,Generic Supplies Inc,NX30,Cory,SL01,MAT-10005,MRO,Bearing assembly,11.75,2945.87,34613.97,CAD,0,15,2024-11-09,2024-11-09,GR5001557,On Time,0
TX-02399,PO-62044,CA01,PO01,PG1,NB,2025-07-08,100004,S004,Fastenal Canada,NX30,Cory,SL01,MAT-10026,MRO,Hose assembly,12.78,1618.35,20682.51,CAD,1,4,2025-07-12,2025-07-12,GR5001558,On Time,0
TX-00325,PO-22208,CA01,PO01,PG2,NB,2025-09-26,100033,S033,Siemens Canada,NX60,Rocanville,SL02,MAT-10025,Instrumentation,Analyzer calibration,7.22,1558.12,11249.63,CAD,1,10,2025-10-06,2025-10-06,GR5001559,On Time,0
TX-01986,PO-33660,CA01,PO01,PG5,UB,2024-05-06,100016,S016,Nutrien Logistics,NX10,Allan,SL05,MAT-10022,Logistics,Outbound freight,10.74,4634.38,49773.24,CAD,0,2,2024-05-08,2024-05-08,GR5001560,On Time,0
TX-02051,PO-41615,CA01,PO01,PG3,NB,2024-05-27,100007,S007,Brenntag Canada,NX50,Redwater,SL03,MAT-10003,Chemicals,Sulfuric acid,16.03,6813.18,109215.28,CAD,1,8,2024-06-04,2024-06-04,GR5001561,On Time,0
TX-01020,PO-88010,CA01,PO01,PG1,NB,2024-11-03,100004,S004,Fastenal Canada,NX40,Patience Lake,SL01,MAT-10005,MRO,Bearing assembly,12.17,530.63,6457.77,CAD,1,4,2024-11-07,2024-11-07,GR5001562,On Time,0
TX-01244,PO-94521,CA01,PO01,PG5,UB,2024-09-05,100037,S037,Purolator,NX70,Aurora,SL05,MAT-10040,Logistics,LTL shipment,9.93,5919.18,58777.46,CAD,1,1,2024-09-06,2024-09-06,GR5001563,On Time,0
TX-00797,PO-36772,CA01,PO01,PG3,NB,2024-07-19,100007,S007,Brenntag Canada,NX10,Allan,SL03,MAT-10031,Chemicals,Hydrochloric acid,3.13,2457.09,7690.69,CAD,1,8,2024-07-27,2024-07-29,GR5001564,Late,2
TX-02116,PO-25181,CA01,PO01,PG5,UB,2025-12-10,100037,S037,Purolator,NX10,Allan,SL05,MAT-10028,Logistics,Inbound freight,16.8,2678.01,44990.57,CAD,1,1,2025-12-11,2025-12-11,GR5001565,On Time,0
TX-02230,PO-86923,CA01,PO01,PG3,NB,2023-11-02,100007,S007,Brenntag Canada,NX50,Redwater,SL03,MAT-10003,Chemicals,Sulfuric acid,13.22,2675.78,35373.81,CAD,1,8,2023-11-10,2023-11-10,GR5001566,On Time,0
TX-01677,PO-88765,CA01,PO01,PG5,UB,2023-02-04,100017,S017,Canadian Freightways,NX50,Redwater,SL05,MAT-10039,Logistics,Flatbed transport,4.77,6084.47,29022.92,CAD,1,3,2023-02-07,2023-02-07,GR5001567,On Time,0
TX-00941,PO-88918,CA01,PO01,PG2,NB,2025-11-05,100006,S006,HD Supply,NX10,Allan,SL02,MAT-10050,Electrical,Junction box,5.17,13654.24,70592.42,CAD,1,10,2025-11-15,2025-11-12,GR5001568,On Time,0
TX-01129,PO-21854,CA01,PO01,PG3,NB,2023-10-06,100026,S026,Sask Chemical Corp,NX70,Aurora,SL03,MAT-10037,Agri-Chemicals,Potassium chloride,18.53,5214.97,96633.39,CAD,1,6,2023-10-12,2023-10-12,GR5001569,On Time,0
TX-00101,PO-42850,CA01,PO01,PG3,NB,2024-04-16,100028,S028,BioAgra Solutions,NX50,Redwater,SL03,MAT-10030,Agri-Chemicals,Micronutrient blend,12.53,3461.0,43366.33,CAD,0,10,2024-04-26,2024-04-26,GR5001570,On Time,0
TX-02351,PO-23527,CA01,PO01,PG4,NB,2023-11-30,100029,S029,3M Canada,NX60,Rocanville,SL04,MAT-10004,Safety,First aid kit,26.6,110.54,2940.36,CAD,1,5,2023-12-05,2023-12-05,GR5001571,On Time,0
TX-01830,PO-90357,CA01,PO01,PG4,NB,2025-06-08,100038,S038,Prairie Packaging,NX70,Aurora,SL04,MAT-10047,Packaging,Corrugated box,32.7,839.43,27449.36,CAD,1,5,2025-06-13,2025-06-13,GR5001572,On Time,0
TX-00962,PO-41632,CA01,PO01,PG2,NB,2023-02-27,100034,S034,ABB Canada,NX20,Vanscoy,SL02,MAT-10050,Electrical,Junction box,17.92,8191.0,146782.72,CAD,1,12,2023-03-11,2023-03-11,GR5001573,On Time,0
TX-01641,PO-66675,CA01,PO01,PG2,NB,2024-11-26,100033,S033,Siemens Canada,NX10,Allan,SL02,MAT-10014,Electrical,Conduit kit,9.63,11760.47,113253.33,CAD,1,10,2024-12-06,2024-12-06,GR5001574,On Time,0
TX-00717,PO-81449,CA01,PO01,PG4,NB,2024-10-13,100039,S039,Sealed Air Canada,NX70,Aurora,SL04,MAT-10024,Packaging,Poly liner,35.9,859.58,30858.92,CAD,1,8,2024-10-21,2024-10-21,GR5001575,On Time,0
TX-02111,PO-35288,CA01,PO01,PG3,NB,2023-09-21,100007,S007,Brenntag Canada,NX70,Aurora,SL03,MAT-10015,Chemicals,Sodium hydroxide 50%,9.1,10281.21,93559.01,CAD,1,8,2023-09-29,2023-09-29,GR5001576,On Time,0
TX-00179,PO-52981,CA01,PO01,PG4,NB,2024-01-05,100038,S038,Prairie Packaging,NX60,Rocanville,SL04,MAT-10034,Packaging,Bulk bags,27.7,696.73,19299.42,CAD,1,5,2024-01-10,2024-01-10,GR5001577,On Time,0
TX-00875,PO-18333,CA01,PO01,PG1,NB,2023-02-10,100040,S040,Generic Supplies Inc,NX60,Rocanville,SL01,MAT-10016,MRO,Filter element,2.05,4451.37,9125.31,CAD,0,15,2023-02-25,2023-02-25,GR5001578,On Time,0
TX-02197,PO-25552,CA01,PO01,PG2,NB,2024-08-12,100035,S035,Rockwell Automation,NX50,Redwater,SL02,MAT-10019,Electrical,LED fixture,4.38,2107.67,9231.59,CAD,1,14,2024-08-26,2024-08-26,GR5001579,On Time,0
TX-01599,PO-26849,CA01,PO01,PG2,NB,2025-06-19,100034,S034,ABB Canada,NX70,Aurora,SL02,MAT-10025,Instrumentation,Analyzer calibration,13.79,5129.37,70734.01,CAD,1,12,2025-07-01,2025-07-01,GR5001580,On Time,0
TX-00265,PO-70401,CA01,PO01,PG3,NB,2024-11-22,100040,S040,Generic Supplies Inc,NX70,Aurora,SL03,MAT-10037,Agri-Chemicals,Potassium chloride,5.89,7625.14,44912.07,CAD,0,15,2024-12-07,2024-12-14,GR5001581,Late,7
TX-00462,PO-22483,CA01,PO01,PG4,NB,2024-11-23,100029,S029,3M Canada,NX50,Redwater,SL04,MAT-10010,Safety,Hearing protection,26.4,281.53,7432.39,CAD,1,5,2024-11-28,2024-11-28,GR5001582,On Time,0
TX-DUP-028,PO-20855,CA01,PO01,PG1,NB,2023-11-10,100003,S003,Grainger Canada,NX20,Vanscoy,SL01,MAT-10001,MRO,Valve repair parts,14.41,837.24,12064.63,CAD,1,3,2023-11-13,2023-11-13,GR5001583,On Time,0
TX-DUP-012,PO-73646,CA01,PO01,PG3,NB,2024-12-05,100009,S009,Chemtrade Logistics,NX50,Redwater,SL03,MAT-10003,Chemicals,Sulfuric acid,17.68,3758.33,66447.27,CAD,1,5,2024-12-10,2024-12-10,GR5001584,On Time,0
TX-01421,PO-89788,CA01,PO01,PG4,NB,2024-09-16,100038,S038,Prairie Packaging,NX70,Aurora,SL04,MAT-10034,Packaging,Bulk bags,2.5,1544.95,3862.38,CAD,1,5,2024-09-21,2024-09-18,GR5001585,On Time,0
TX-01416,PO-40216,CA01,PO01,PG4,NB,2023-06-10,100039,S039,Sealed Air Canada,NX30,Cory,SL04,MAT-10045,Packaging,Label stock,11.0,343.29,3776.19,CAD,1,8,2023-06-18,2023-06-18,GR5001586,On Time,0
TX-00971,PO-25566,CA01,PO01,PG3,NB,2025-07-21,100028,S028,BioAgra Solutions,NX10,Allan,SL03,MAT-10027,Chemicals,Defoamer,9.99,10499.01,104885.11,CAD,0,10,2025-07-31,2025-07-31,GR5001587,On Time,0
TX-00745,PO-18177,CA01,PO01,PG2,NB,2024-10-24,100034,S034,ABB Canada,NX70,Aurora,SL02,MAT-10009,Instrumentation,Level sensor,5.89,19847.19,116899.95,CAD,1,12,2024-11-05,2024-11-05,GR5001588,On Time,0
TX-00589,PO-99737,CA01,PO01,PG4,NB,2025-05-14,100025,S025,Direct Safety,NX20,Vanscoy,SL04,MAT-10010,Safety,Hearing protection,31.6,245.73,7765.07,CAD,0,7,2025-05-21,2025-05-21,GR5001589,On Time,0
TX-DUP-027,PO-97612,CA01,PO01,PG3,NB,2023-09-20,100030,S030,DuPont Canada,NX30,Cory,SL03,MAT-10030,Agri-Chemicals,Micronutrient blend,7.13,4503.89,32112.74,CAD,1,7,2023-09-27,2023-09-27,GR5001590,On Time,0
TX-00357,PO-41795,CA01,PO01,PG3,NB,2024-02-15,100026,S026,Sask Chemical Corp,NX30,Cory,SL03,MAT-10030,Agri-Chemicals,Micronutrient blend,6.54,6362.25,41609.11,CAD,1,6,2024-02-21,2024-02-21,GR5001591,On Time,0
TX-02382,PO-31091,CA01,PO01,PG1,NB,2025-12-01,100001,S001,Prairie Industrial Supply,NX60,Rocanville,SL01,MAT-10001,MRO,Valve repair parts,13.39,4110.24,55036.11,CAD,1,7,2025-12-08,2025-12-08,GR5001592,On Time,0
TX-01236,PO-60413,CA01,PO01,PG4,NB,2025-12-29,100039,S039,Sealed Air Canada,NX40,Patience Lake,SL04,MAT-10013,Packaging,Pallet wrap,25.1,1109.53,27849.2,CAD,1,8,2026-01-06,2026-01-06,GR5001593,On Time,0
TX-01070,PO-59958,CA01,PO01,PG1,NB,2023-05-30,100004,S004,Fastenal Canada,NX20,Vanscoy,SL01,MAT-10006,MRO,Gear oil,13.14,3056.52,40162.67,CAD,1,4,2023-06-03,2023-06-03,GR5001594,On Time,0
TX-00390,PO-32005,CA01,PO01,PG3,NB,2024-11-09,100026,S026,Sask Chemical Corp,NX10,Allan,SL03,MAT-10027,Chemicals,Defoamer,15.16,3465.55,52537.74,CAD,1,6,2024-11-15,2024-11-15,GR5001595,On Time,0
TX-01262,PO-72031,CA01,PO01,PG2,NB,2023-05-26,100035,S035,Rockwell Automation,NX20,Vanscoy,SL02,MAT-10050,Electrical,Junction box,4.4,11624.72,51148.77,CAD,1,14,2023-06-09,2023-06-10,GR5001596,Late,1
TX-01433,PO-20155,CA01,PO01,PG1,NB,2024-12-24,100040,S040,Generic Supplies Inc,NX50,Redwater,SL01,MAT-10044,MRO,Pump seal kit,11.27,273.08,3077.61,CAD,0,15,2025-01-08,2025-01-08,GR5001597,On Time,0
TX-01656,PO-18019,CA01,PO01,PG1,NB,2023-11-15,100002,S002,Wesco Distribution,NX40,Patience Lake,SL01,MAT-10005,MRO,Bearing assembly,3.66,2140.67,7834.85,CAD,1,5,2023-11-20,2023-11-20,GR5001598,On Time,0
TX-02285,PO-21014,CA01,PO01,PG4,NB,2023-06-24,100025,S025,Direct Safety,NX40,Patience Lake,SL04,MAT-10020,Safety,Safety harness,15.7,196.36,3082.85,CAD,0,7,2023-07-01,2023-07-01,GR5001599,On Time,0
TX-01579,PO-62575,CA01,PO01,PG4,NB,2024-08-15,100024,S024,Northern Safety,NX40,Patience Lake,SL04,MAT-10004,Safety,First aid kit,9.8,80.46,788.51,CAD,1,2,2024-08-17,2024-08-17,GR5001600,On Time,0
TX-01420,PO-96497,CA01,PO01,PG1,NB,2025-06-28,100004,S004,Fastenal Canada,NX60,Rocanville,SL01,MAT-10001,MRO,Valve repair parts,1.84,965.5,1776.52,CAD,1,4,2025-07-02,2025-07-02,GR5001601,On Time,0
TX-01311,PO-45608,CA01,PO01,PG5,UB,2025-09-26,100017,S017,Canadian Freightways,NX70,Aurora,SL05,MAT-10039,Logistics,Flatbed transport,9.24,3846.18,35538.7,CAD,1,3,2025-09-29,2025-09-29,GR5001602,On Time,0
TX-00309,PO-32613,CA01,PO01,PG4,NB,2023-08-22,100039,S039,Sealed Air Canada,NX40,Patience Lake,SL04,MAT-10045,Packaging,Label stock,18.0,1703.39,30661.02,CAD,1,8,2023-08-30,2023-08-30,GR5001603,On Time,0
TX-00347,PO-96252,CA01,PO01,PG3,NB,2025-07-17,100026,S026,Sask Chemical Corp,NX20,Vanscoy,SL03,MAT-10003,Chemicals,Sulfuric acid,12.63,1416.32,17888.12,CAD,1,6,2025-07-23,2025-07-23,GR5001604,On Time,0
TX-02270,PO-15543,CA01,PO01,PG2,NB,2024-05-25,100031,S031,Precision Instruments,NX30,Cory,SL02,MAT-10002,Instrumentation,Flow meter,13.69,19984.08,273582.06,CAD,0,14,2024-06-08,2024-06-08,GR5001605,On Time,0
TX-00481,PO-47477,CA01,PO01,PG2,NB,2025-05-04,100006,S006,HD Supply,NX40,Patience Lake,SL02,MAT-10019,Electrical,LED fixture,13.81,13429.22,185457.53,CAD,1,10,2025-05-14,2025-05-14,GR5001606,On Time,0
TX-00437,PO-51079,CA01,PO01,PG3,NB,2024-01-05,100027,S027,Western Agri-Chem,NX30,Cory,SL03,MAT-10032,Agri-Chemicals,Anhydrous ammonia,15.8,4105.61,64868.64,CAD,1,8,2024-01-13,2024-01-13,GR5001607,On Time,0
TX-01955,PO-53273,CA01,PO01,PG4,NB,2025-11-02,100038,S038,Prairie Packaging,NX70,Aurora,SL04,MAT-10024,Packaging,Poly liner,4.3,1938.81,8336.88,CAD,1,5,2025-11-07,2025-11-07,GR5001608,On Time,0
TX-01351,PO-69325,CA01,PO01,PG5,UB,2023-07-12,100017,S017,Canadian Freightways,NX50,Redwater,SL05,MAT-10029,Logistics,Expedited shipping,2.9,6529.19,18934.65,CAD,1,3,2023-07-15,2023-07-15,GR5001609,On Time,0
TX-00722,PO-75762,CA01,PO01,PG4,NB,2023-01-16,100024,S024,Northern Safety,NX60,Rocanville,SL04,MAT-10049,Safety,Safety glasses,29.3,341.79,10014.45,CAD,1,2,2023-01-18,2023-01-16,GR5001610,On Time,0
TX-02284,PO-33570,CA01,PO01,PG1,NB,2023-04-06,100001,S001,Prairie Industrial Supply,NX30,Cory,SL01,MAT-10044,MRO,Pump seal kit,8.96,1474.88,13214.92,CAD,1,7,2023-04-13,2023-04-13,GR5001611,On Time,0
TX-02232,PO-20832,CA01,PO01,PG4,NB,2024-02-07,100024,S024,Northern Safety,NX40,Patience Lake,SL04,MAT-10051,Safety,Gloves — cut-resistant,45.7,239.09,10926.41,CAD,1,2,2024-02-09,2024-02-09,GR5001612,On Time,0
TX-01911,PO-86491,CA01,PO01,PG3,NB,2024-06-05,100008,S008,Univar Solutions,NX50,Redwater,SL03,MAT-10007,Chemicals,Corrosion inhibitor,18.63,5893.32,109792.55,CAD,1,9,2024-06-14,2024-06-14,GR5001613,On Time,0
TX-00262,PO-71080,CA01,PO01,PG4,NB,2025-01-05,100039,S039,Sealed Air Canada,NX40,Patience Lake,SL04,MAT-10024,Packaging,Poly liner,16.1,770.52,12405.37,CAD,1,8,2025-01-13,2025-01-16,GR5001614,Late,3
TX-02029,PO-19463,CA01,PO01,PG4,NB,2023-03-24,100024,S024,Northern Safety,NX70,Aurora,SL04,MAT-10048,Safety,Hard hat,12.3,115.0,1414.5,CAD,1,2,2023-03-26,2023-03-26,GR5001615,On Time,0
TX-00505,PO-93105,CA01,PO01,PG4,NB,2025-03-11,100024,S024,Northern Safety,NX70,Aurora,SL04,MAT-10008,Safety,FR coveralls,40.0,342.8,13712.0,CAD,1,2,2025-03-13,2025-03-13,GR5001616,On Time,0
TX-02077,PO-21624,CA01,PO01,PG1,NB,2024-06-19,100001,S001,Prairie Industrial Supply,NX70,Aurora,SL01,MAT-10026,MRO,Hose assembly,17.83,1731.64,30875.14,CAD,1,7,2024-06-26,2024-07-02,GR5001617,Late,6
TX-00993,PO-42884,CA01,PO01,PG3,NB,2023-12-09,100040,S040,Generic Supplies Inc,NX30,Cory,SL03,MAT-10030,Agri-Chemicals,Micronutrient blend,1.01,8347.19,8430.66,CAD,0,15,2023-12-24,2023-12-24,GR5001618,On Time,0
TX-01293,PO-94467,CA01,PO01,PG5,UB,2024-05-10,100037,S037,Purolator,NX60,Rocanville,SL05,MAT-10039,Logistics,Flatbed transport,11.56,3435.22,39711.14,CAD,1,1,2024-05-11,2024-05-11,GR5001619,On Time,0
TX-01488,PO-61595,CA01,PO01,PG2,NB,2025-12-28,100034,S034,ABB Canada,NX30,Cory,SL02,MAT-10018,Instrumentation,Temperature probe,10.63,10486.6,111472.56,CAD,1,12,2026-01-09,2026-01-09,GR5001620,On Time,0
TX-01179,PO-92729,CA01,PO01,PG3,NB,2025-09-16,100009,S009,Chemtrade Logistics,NX30,Cory,SL03,MAT-10003,Chemicals,Sulfuric acid,6.58,3186.34,20966.12,CAD,1,5,2025-09-21,2025-09-21,GR5001621,On Time,0
TX-01666,PO-23792,CA01,PO01,PG4,NB,2023-07-14,100029,S029,3M Canada,NX20,Vanscoy,SL04,MAT-10010,Safety,Hearing protection,36.1,127.27,4594.45,CAD,1,5,2023-07-19,2023-07-19,GR5001622,On Time,0
TX-01321,PO-54222,CA01,PO01,PG1,NB,2023-09-26,100004,S004,Fastenal Canada,NX30,Cory,SL01,MAT-10005,MRO,Bearing assembly,16.99,1842.51,31304.24,CAD,1,4,2023-09-30,2023-09-30,GR5001623,On Time,0
TX-01957,PO-84618,CA01,PO01,PG4,NB,2024-09-12,100024,S024,Northern Safety,NX20,Vanscoy,SL04,MAT-10051,Safety,Gloves — cut-resistant,1.6,70.52,112.83,CAD,1,2,2024-09-14,2024-09-14,GR5001624,On Time,0
TX-01786,PO-96430,CA01,PO01,PG3,NB,2023-03-24,100030,S030,DuPont Canada,NX30,Cory,SL03,MAT-10037,Agri-Chemicals,Potassium chloride,6.18,7962.73,49209.67,CAD,1,7,2023-03-31,2023-03-29,GR5001625,On Time,0
TX-01477,PO-31828,CA01,PO01,PG3,NB,2023-04-04,100027,S027,Western Agri-Chem,NX30,Cory,SL03,MAT-10030,Agri-Chemicals,Micronutrient blend,6.86,3514.57,24109.95,CAD,1,8,2023-04-12,2023-04-12,GR5001626,On Time,0
TX-01744,PO-58730,CA01,PO01,PG1,NB,2024-11-08,100002,S002,Wesco Distribution,NX70,Aurora,SL01,MAT-10035,MRO,Conveyor belt,19.7,4442.53,87517.84,CAD,1,5,2024-11-13,2024-11-13,GR5001627,On Time,0
TX-00801,PO-29443,CA01,PO01,PG5,UB,2024-06-16,100018,S018,TransWest Shipping,NX10,Allan,SL05,MAT-10028,Logistics,Inbound freight,5.31,3618.76,19215.62,CAD,0,4,2024-06-20,2024-06-20,GR5001628,On Time,0
TX-02349,PO-88409,CA01,PO01,PG2,NB,2023-10-09,100034,S034,ABB Canada,NX70,Aurora,SL02,MAT-10046,Instrumentation,Pressure transmitter,5.82,6964.95,40536.01,CAD,1,12,2023-10-21,2023-10-21,GR5001629,On Time,0
TX-01062,PO-46102,CA01,PO01,PG3,NB,2024-09-27,100027,S027,Western Agri-Chem,NX40,Patience Lake,SL03,MAT-10037,Agri-Chemicals,Potassium chloride,12.16,4218.81,51300.73,CAD,1,8,2024-10-05,2024-10-05,GR5001630,On Time,0
TX-00316,PO-81046,CA01,PO01,PG3,NB,2024-07-02,100027,S027,Western Agri-Chem,NX20,Vanscoy,SL03,MAT-10027,Chemicals,Defoamer,15.73,10020.77,157626.71,CAD,1,8,2024-07-10,2024-07-10,GR5001631,On Time,0
TX-01453,PO-76672,CA01,PO01,PG5,UB,2025-01-27,100016,S016,Nutrien Logistics,NX40,Patience Lake,SL05,MAT-10022,Logistics,Outbound freight,13.8,4301.08,59354.9,CAD,0,2,2025-01-29,2025-02-04,GR5001632,Late,6
TX-00719,PO-28873,CA01,PO01,PG4,NB,2023-09-15,100038,S038,Prairie Packaging,NX30,Cory,SL04,MAT-10034,Packaging,Bulk bags,7.6,217.75,1654.9,CAD,1,5,2023-09-20,2023-09-20,GR5001633,On Time,0
TX-00709,PO-85260,CA01,PO01,PG4,NB,2024-04-28,100039,S039,Sealed Air Canada,NX40,Patience Lake,SL04,MAT-10043,Packaging,Stretch film,9.5,1365.64,12973.58,CAD,1,8,2024-05-06,2024-05-06,GR5001634,On Time,0
TX-01275,PO-34127,CA01,PO01,PG2,NB,2025-05-09,100034,S034,ABB Canada,NX50,Redwater,SL02,MAT-10009,Instrumentation,Level sensor,10.97,17236.64,189085.94,CAD,1,12,2025-05-21,2025-05-21,GR5001635,On Time,0
TX-02272,PO-64339,CA01,PO01,PG3,NB,2023-05-14,100027,S027,Western Agri-Chem,NX70,Aurora,SL03,MAT-10042,Agri-Chemicals,Urea 46-0-0,4.77,4886.41,23308.18,CAD,1,8,2023-05-22,2023-05-22,GR5001636,On Time,0
TX-02213,PO-67610,CA01,PO01,PG4,NB,2023-07-29,100038,S038,Prairie Packaging,NX70,Aurora,SL04,MAT-10013,Packaging,Pallet wrap,20.2,1134.8,22922.96,CAD,1,5,2023-08-03,2023-08-01,GR5001637,On Time,0
TX-02215,PO-38062,CA01,PO01,PG5,UB,2024-01-08,100016,S016,Nutrien Logistics,NX30,Cory,SL05,MAT-10039,Logistics,Flatbed transport,4.28,5402.31,23121.89,CAD,0,2,2024-01-10,2024-01-09,GR5001638,On Time,0
TX-00407,PO-87994,CA01,PO01,PG1,NB,2025-06-10,100004,S004,Fastenal Canada,NX20,Vanscoy,SL01,MAT-10001,MRO,Valve repair parts,4.84,3710.41,17958.38,CAD,1,4,2025-06-14,2025-06-14,GR5001639,On Time,0
TX-01997,PO-83499,CA01,PO01,PG4,NB,2024-08-11,100029,S029,3M Canada,NX70,Aurora,SL04,MAT-10051,Safety,Gloves — cut-resistant,39.2,344.99,13523.61,CAD,1,5,2024-08-16,2024-08-16,GR5001640,On Time,0
TX-00337,PO-56076,CA01,PO01,PG3,NB,2023-07-25,100027,S027,Western Agri-Chem,NX20,Vanscoy,SL03,MAT-10037,Agri-Chemicals,Potassium chloride,3.66,1335.99,4889.72,CAD,1,8,2023-08-02,2023-08-02,GR5001641,On Time,0
TX-01013,PO-41242,CA01,PO01,PG4,NB,2024-11-15,100038,S038,Prairie Packaging,NX40,Patience Lake,SL04,MAT-10024,Packaging,Poly liner,42.2,554.53,23401.17,CAD,1,5,2024-11-20,2024-11-20,GR5001642,On Time,0
TX-00178,PO-20828,CA01,PO01,PG2,NB,2025-10-15,100034,S034,ABB Canada,NX60,Rocanville,SL02,MAT-10050,Electrical,Junction box,7.98,11999.91,95759.28,CAD,1,12,2025-10-27,2025-10-27,GR5001643,On Time,0
TX-DUP-008,PO-27779,CA01,PO01,PG2,NB,2023-11-22,100033,S033,Siemens Canada,NX40,Patience Lake,SL02,MAT-10036,Electrical,Control panel,2.25,10701.63,24078.67,CAD,1,10,2023-12-02,2023-12-02,GR5001644,On Time,0
TX-DUP-022,PO-24651,CA01,PO01,PG4,NB,2023-09-12,100039,S039,Sealed Air Canada,NX60,Rocanville,SL04,MAT-10045,Packaging,Label stock,6.1,1706.38,10408.92,CAD,1,8,2023-09-20,2023-09-20,GR5001645,On Time,0
TX-01721,PO-85235,CA01,PO01,PG5,UB,2025-10-10,100016,S016,Nutrien Logistics,NX70,Aurora,SL05,MAT-10040,Logistics,LTL shipment,14.84,3247.2,48188.45,CAD,0,2,2025-10-12,2025-10-12,GR5001646,On Time,0
TX-00816,PO-18665,CA01,PO01,PG5,UB,2025-08-30,100017,S017,Canadian Freightways,NX30,Cory,SL05,MAT-10029,Logistics,Expedited shipping,19.78,4439.76,87818.45,CAD,1,3,2025-09-02,2025-09-02,GR5001647,On Time,0
TX-01563,PO-78623,CA01,PO01,PG3,NB,2024-12-08,100030,S030,DuPont Canada,NX30,Cory,SL03,MAT-10032,Agri-Chemicals,Anhydrous ammonia,19.47,5636.34,109739.54,CAD,1,7,2024-12-15,2024-12-21,GR5001648,Late,6
TX-00446,PO-16286,CA01,PO01,PG2,NB,2024-06-07,100033,S033,Siemens Canada,NX60,Rocanville,SL02,MAT-10019,Electrical,LED fixture,15.65,9422.39,147460.4,CAD,1,10,2024-06-17,2024-06-17,GR5001649,On Time,0
TX-01576,PO-84041,CA01,PO01,PG3,NB,2023-11-16,100030,S030,DuPont Canada,NX20,Vanscoy,SL03,MAT-10017,Agri-Chemicals,Phosphate blend,12.87,1667.18,21456.61,CAD,1,7,2023-11-23,2023-11-23,GR5001650,On Time,0
TX-00253,PO-49387,CA01,PO01,PG2,NB,2023-10-21,100034,S034,ABB Canada,NX30,Cory,SL02,MAT-10036,Electrical,Control panel,19.73,7914.52,156153.48,CAD,1,12,2023-11-02,2023-11-02,GR5001651,On Time,0
TX-02110,PO-78070,CA01,PO01,PG1,NB,2025-10-05,100003,S003,Grainger Canada,NX10,Allan,SL01,MAT-10005,MRO,Bearing assembly,18.78,1957.58,36763.35,CAD,1,3,2025-10-08,2025-10-08,GR5001652,On Time,0
TX-02357,PO-47927,CA01,PO01,PG4,NB,2023-07-10,100025,S025,Direct Safety,NX60,Rocanville,SL04,MAT-10010,Safety,Hearing protection,15.1,404.11,6102.06,CAD,0,7,2023-07-17,2023-07-17,GR5001653,On Time,0
TX-01175,PO-65702,CA01,PO01,PG4,NB,2024-01-25,100038,S038,Prairie Packaging,NX40,Patience Lake,SL04,MAT-10043,Packaging,Stretch film,45.6,1512.16,68954.5,CAD,1,5,2024-01-30,2024-02-01,GR5001654,Late,2
TX-00465,PO-39190,CA01,PO01,PG3,NB,2024-05-08,100026,S026,Sask Chemical Corp,NX30,Cory,SL03,MAT-10007,Chemicals,Corrosion inhibitor,7.29,3915.36,28542.97,CAD,1,6,2024-05-14,2024-05-14,GR5001655,On Time,0
TX-01792,PO-41056,CA01,PO01,PG3,NB,2023-12-29,100008,S008,Univar Solutions,NX20,Vanscoy,SL03,MAT-10021,Chemicals,Process chemical,8.09,2524.87,20426.2,CAD,1,9,2024-01-07,2024-01-07,GR5001656,On Time,0
TX-01238,PO-83187,CA01,PO01,PG3,NB,2023-01-06,100008,S008,Univar Solutions,NX30,Cory,SL03,MAT-10027,Chemicals,Defoamer,4.86,10326.67,50187.62,CAD,1,9,2023-01-15,2023-01-15,GR5001657,On Time,0
TX-00055,PO-46211,CA01,PO01,PG3,NB,2025-09-25,100028,S028,BioAgra Solutions,NX10,Allan,SL03,MAT-10030,Agri-Chemicals,Micronutrient blend,5.03,7134.6,35887.04,CAD,0,10,2025-10-05,2025-10-05,GR5001658,On Time,0
TX-00872,PO-50703,CA01,PO01,PG5,UB,2024-04-28,100018,S018,TransWest Shipping,NX70,Aurora,SL05,MAT-10022,Logistics,Outbound freight,8.71,1477.98,12873.21,CAD,0,4,2024-05-02,2024-05-02,GR5001659,On Time,0
TX-00246,PO-80687,CA01,PO01,PG2,NB,2025-02-12,100006,S006,HD Supply,NX60,Rocanville,SL02,MAT-10014,Electrical,Conduit kit,8.14,10304.41,83877.9,CAD,1,10,2025-02-22,2025-02-22,GR5001660,On Time,0
TX-01702,PO-44692,CA01,PO01,PG4,NB,2025-10-15,100039,S039,Sealed Air Canada,NX40,Patience Lake,SL04,MAT-10013,Packaging,Pallet wrap,32.3,1532.6,49502.98,CAD,1,8,2025-10-23,2025-10-23,GR5001661,On Time,0
TX-01357,PO-90264,CA01,PO01,PG4,NB,2024-01-26,100039,S039,Sealed Air Canada,NX30,Cory,SL04,MAT-10047,Packaging,Corrugated box,3.0,1078.55,3235.65,CAD,1,8,2024-02-03,2024-02-03,GR5001662,On Time,0
TX-00949,PO-23352,CA01,PO01,PG3,NB,2023-08-16,100030,S030,DuPont Canada,NX50,Redwater,SL03,MAT-10030,Agri-Chemicals,Micronutrient blend,19.52,6340.56,123767.73,CAD,1,7,2023-08-23,2023-08-27,GR5001663,Late,4
TX-00655,PO-45370,CA01,PO01,PG3,NB,2024-01-31,100027,S027,Western Agri-Chem,NX10,Allan,SL03,MAT-10042,Agri-Chemicals,Urea 46-0-0,5.3,3505.28,18577.98,CAD,1,8,2024-02-08,2024-02-08,GR5001664,On Time,0
TX-00382,PO-21830,CA01,PO01,PG5,UB,2025-10-05,100037,S037,Purolator,NX10,Allan,SL05,MAT-10028,Logistics,Inbound freight,11.3,1816.68,20528.48,CAD,1,1,2025-10-06,2025-10-10,GR5001665,Late,4
TX-02177,PO-61651,CA01,PO01,PG2,NB,2024-01-09,100035,S035,Rockwell Automation,NX30,Cory,SL02,MAT-10019,Electrical,LED fixture,18.75,6018.97,112855.69,CAD,1,14,2024-01-23,2024-01-23,GR5001666,On Time,0
TX-00135,PO-24534,CA01,PO01,PG3,NB,2025-04-28,100040,S040,Generic Supplies Inc,NX60,Rocanville,SL03,MAT-10037,Agri-Chemicals,Potassium chloride,6.19,6677.48,41333.6,CAD,0,15,2025-05-13,2025-05-13,GR5001667,On Time,0
TX-00263,PO-39002,CA01,PO01,PG3,NB,2024-10-17,100028,S028,BioAgra Solutions,NX60,Rocanville,SL03,MAT-10007,Chemicals,Corrosion inhibitor,18.37,5491.53,100879.41,CAD,0,10,2024-10-27,2024-10-25,GR5001668,On Time,0
TX-01494,PO-77427,CA01,PO01,PG3,NB,2024-10-03,100040,S040,Generic Supplies Inc,NX60,Rocanville,SL03,MAT-10037,Agri-Chemicals,Potassium chloride,19.23,2437.73,46877.55,CAD,0,15,2024-10-18,2024-10-18,GR5001669,On Time,0
TX-00365,PO-80244,CA01,PO01,PG3,NB,2023-12-03,100008,S008,Univar Solutions,NX20,Vanscoy,SL03,MAT-10015,Chemicals,Sodium hydroxide 50%,9.54,4317.17,41185.8,CAD,1,9,2023-12-12,2023-12-12,GR5001670,On Time,0
TX-01398,PO-77796,CA01,PO01,PG5,UB,2025-05-25,100016,S016,Nutrien Logistics,NX60,Rocanville,SL05,MAT-10022,Logistics,Outbound freight,12.88,7900.29,101755.74,CAD,0,2,2025-05-27,2025-05-27,GR5001671,On Time,0
TX-00991,PO-80836,CA01,PO01,PG4,NB,2025-10-21,100039,S039,Sealed Air Canada,NX20,Vanscoy,SL04,MAT-10047,Packaging,Corrugated box,11.0,1938.39,21322.29,CAD,1,8,2025-10-29,2025-10-29,GR5001672,On Time,0
TX-00312,PO-91187,CA01,PO01,PG5,UB,2025-09-29,100037,S037,Purolator,NX10,Allan,SL05,MAT-10040,Logistics,LTL shipment,6.49,1903.24,12352.03,CAD,1,1,2025-09-30,2025-09-30,GR5001673,On Time,0
TX-01723,PO-44144,CA01,PO01,PG2,NB,2025-05-31,100034,S034,ABB Canada,NX70,Aurora,SL02,MAT-10041,Electrical,Cable tray,17.7,7595.29,134436.63,CAD,1,12,2025-06-12,2025-06-12,GR5001674,On Time,0
TX-02045,PO-16003,CA01,PO01,PG2,NB,2025-08-24,100033,S033,Siemens Canada,NX60,Rocanville,SL02,MAT-10050,Electrical,Junction box,12.87,13375.8,172146.55,CAD,1,10,2025-09-03,2025-09-04,GR5001675,Late,1
TX-02095,PO-23392,CA01,PO01,PG2,NB,2023-09-08,100033,S033,Siemens Canada,NX70,Aurora,SL02,MAT-10002,Instrumentation,Flow meter,8.5,6714.15,57070.27,CAD,1,10,2023-09-18,2023-09-20,GR5001676,Late,2
TX-01349,PO-71940,CA01,PO01,PG1,NB,2025-08-28,100005,S005,Motion Industries,NX30,Cory,SL01,MAT-10035,MRO,Conveyor belt,12.08,2222.97,26853.48,CAD,1,6,2025-09-03,2025-09-03,GR5001677,On Time,0
TX-DUP-007,PO-69600,CA01,PO01,PG2,NB,2025-03-26,100035,S035,Rockwell Automation,NX20,Vanscoy,SL02,MAT-10033,Electrical,Transformer,6.24,14529.46,90663.83,CAD,1,14,2025-04-09,2025-04-09,GR5001678,On Time,0
TX-01330,PO-46771,CA01,PO01,PG3,NB,2025-12-16,100026,S026,Sask Chemical Corp,NX40,Patience Lake,SL03,MAT-10037,Agri-Chemicals,Potassium chloride,5.57,4032.24,22459.58,CAD,1,6,2025-12-22,2025-12-23,GR5001679,Late,1
TX-00667,PO-50378,CA01,PO01,PG5,UB,2023-10-24,100017,S017,Canadian Freightways,NX50,Redwater,SL05,MAT-10040,Logistics,LTL shipment,4.4,5840.36,25697.58,CAD,1,3,2023-10-27,2023-10-25,GR5001680,On Time,0
TX-02290,PO-70324,CA01,PO01,PG5,UB,2024-04-04,100036,S036,Canpar Courier,NX30,Cory,SL05,MAT-10028,Logistics,Inbound freight,7.33,3330.4,24411.83,CAD,1,1,2024-04-05,2024-04-05,GR5001681,On Time,0
TX-00051,PO-30052,CA01,PO01,PG4,NB,2025-06-06,100039,S039,Sealed Air Canada,NX20,Vanscoy,SL04,MAT-10024,Packaging,Poly liner,48.1,1300.32,62545.39,CAD,1,8,2025-06-14,2025-06-14,GR5001682,On Time,0
TX-02373,PO-60475,CA01,PO01,PG3,NB,2023-07-04,100030,S030,DuPont Canada,NX30,Cory,SL03,MAT-10017,Agri-Chemicals,Phosphate blend,13.75,1448.57,19917.84,CAD,1,7,2023-07-11,2023-07-11,GR5001683,On Time,0
TX-01100,PO-47122,CA01,PO01,PG5,UB,2023-12-26,100037,S037,Purolator,NX70,Aurora,SL05,MAT-10040,Logistics,LTL shipment,5.89,3977.38,23426.77,CAD,1,1,2023-12-27,2023-12-30,GR5001684,Late,3
TX-00900,PO-62108,CA01,PO01,PG3,NB,2025-07-27,100027,S027,Western Agri-Chem,NX30,Cory,SL03,MAT-10017,Agri-Chemicals,Phosphate blend,2.63,3963.5,10424.0,CAD,1,8,2025-08-04,2025-08-05,GR5001685,Late,1
TX-02014,PO-57682,CA01,PO01,PG4,NB,2024-11-27,100038,S038,Prairie Packaging,NX30,Cory,SL04,MAT-10045,Packaging,Label stock,42.6,1964.12,83671.51,CAD,1,5,2024-12-02,2024-12-02,GR5001686,On Time,0
TX-00313,PO-63626,CA01,PO01,PG1,NB,2025-09-19,100003,S003,Grainger Canada,NX20,Vanscoy,SL01,MAT-10006,MRO,Gear oil,3.59,3677.71,13202.98,CAD,1,3,2025-09-22,2025-09-22,GR5001687,On Time,0
TX-01928,PO-21725,CA01,PO01,PG2,NB,2023-02-11,100035,S035,Rockwell Automation,NX60,Rocanville,SL02,MAT-10036,Electrical,Control panel,10.33,10917.84,112781.29,CAD,1,14,2023-02-25,2023-02-28,GR5001688,Late,3
TX-00732,PO-88059,CA01,PO01,PG4,NB,2025-12-16,100025,S025,Direct Safety,NX10,Allan,SL04,MAT-10049,Safety,Safety glasses,43.2,163.19,7049.81,CAD,0,7,2025-12-23,2025-12-23,GR5001689,On Time,0
TX-01435,PO-89556,CA01,PO01,PG4,NB,2025-05-23,100038,S038,Prairie Packaging,NX70,Aurora,SL04,MAT-10047,Packaging,Corrugated box,43.9,354.71,15571.77,CAD,1,5,2025-05-28,2025-05-25,GR5001690,On Time,0
TX-01289,PO-70810,CA01,PO01,PG4,NB,2025-02-19,100025,S025,Direct Safety,NX40,Patience Lake,SL04,MAT-10008,Safety,FR coveralls,6.6,396.03,2613.8,CAD,0,7,2025-02-26,2025-02-26,GR5001691,On Time,0
TX-02187,PO-52630,CA01,PO01,PG4,NB,2023-03-19,100025,S025,Direct Safety,NX50,Redwater,SL04,MAT-10048,Safety,Hard hat,5.2,175.45,912.34,CAD,0,7,2023-03-26,2023-03-28,GR5001692,Late,2
TX-00096,PO-28758,CA01,PO01,PG5,UB,2025-02-22,100017,S017,Canadian Freightways,NX20,Vanscoy,SL05,MAT-10039,Logistics,Flatbed transport,12.77,2306.22,29450.43,CAD,1,3,2025-02-25,2025-03-01,GR5001693,Late,4
TX-01695,PO-65290,CA01,PO01,PG3,NB,2024-05-03,100007,S007,Brenntag Canada,NX50,Redwater,SL03,MAT-10007,Chemicals,Corrosion inhibitor,7.85,8333.23,65415.86,CAD,1,8,2024-05-11,2024-05-11,GR5001694,On Time,0
TX-01771,PO-77829,CA01,PO01,PG1,NB,2024-11-22,100002,S002,Wesco Distribution,NX10,Allan,SL01,MAT-10012,MRO,Coupling set,11.48,747.4,8580.15,CAD,1,5,2024-11-27,2024-11-27,GR5001695,On Time,0
TX-00127,PO-16743,CA01,PO01,PG1,NB,2024-11-06,100005,S005,Motion Industries,NX40,Patience Lake,SL01,MAT-10012,MRO,Coupling set,13.73,1878.1,25786.31,CAD,1,6,2024-11-12,2024-11-12,GR5001696,On Time,0
TX-00571,PO-92557,CA01,PO01,PG1,NB,2023-12-01,100004,S004,Fastenal Canada,NX20,Vanscoy,SL01,MAT-10006,MRO,Gear oil,2.14,3671.49,7856.99,CAD,1,4,2023-12-05,2023-12-05,GR5001697,On Time,0
TX-02067,PO-36909,CA01,PO01,PG2,NB,2024-01-01,100034,S034,ABB Canada,NX50,Redwater,SL02,MAT-10033,Electrical,Transformer,1.84,7459.52,13725.52,CAD,1,12,2024-01-13,2024-01-13,GR5001698,On Time,0
TX-00007,PO-42018,CA01,PO01,PG3,NB,2025-11-02,100027,S027,Western Agri-Chem,NX10,Allan,SL03,MAT-10015,Chemicals,Sodium hydroxide 50%,6.04,11252.51,67965.16,CAD,1,8,2025-11-10,2025-11-10,GR5001699,On Time,0
TX-00959,PO-91836,CA01,PO01,PG2,NB,2025-04-07,100032,S032,Endress+Hauser,NX70,Aurora,SL02,MAT-10052,Instrumentation,Control valve,9.48,6320.64,59919.67,CAD,1,21,2025-04-28,2025-04-28,GR5001700,On Time,0
TX-00400,PO-72071,CA01,PO01,PG4,NB,2024-02-28,100024,S024,Northern Safety,NX20,Vanscoy,SL04,MAT-10048,Safety,Hard hat,9.4,130.89,1230.37,CAD,1,2,2024-03-01,2024-03-01,GR5001701,On Time,0
TX-02188,PO-32742,CA01,PO01,PG2,NB,2024-10-31,100034,S034,ABB Canada,NX20,Vanscoy,SL02,MAT-10002,Instrumentation,Flow meter,16.72,6253.98,104566.55,CAD,1,12,2024-11-12,2024-11-12,GR5001702,On Time,0
TX-02380,PO-33281,CA01,PO01,PG2,NB,2023-12-18,100031,S031,Precision Instruments,NX60,Rocanville,SL02,MAT-10018,Instrumentation,Temperature probe,5.01,5350.64,26806.71,CAD,0,14,2024-01-01,2024-01-01,GR5001703,On Time,0
TX-02094,PO-35471,CA01,PO01,PG1,NB,2024-02-24,100003,S003,Grainger Canada,NX10,Allan,SL01,MAT-10026,MRO,Hose assembly,18.41,979.77,18037.57,CAD,1,3,2024-02-27,2024-02-27,GR5001704,On Time,0
TX-01397,PO-56725,CA01,PO01,PG3,NB,2024-02-29,100027,S027,Western Agri-Chem,NX50,Redwater,SL03,MAT-10017,Agri-Chemicals,Phosphate blend,11.84,4000.37,47364.38,CAD,1,8,2024-03-08,2024-03-08,GR5001705,On Time,0
TX-00820,PO-94513,CA01,PO01,PG2,NB,2024-08-12,100034,S034,ABB Canada,NX20,Vanscoy,SL02,MAT-10025,Instrumentation,Analyzer calibration,8.93,13059.33,116619.82,CAD,1,12,2024-08-24,2024-08-24,GR5001706,On Time,0
TX-00881,PO-57578,CA01,PO01,PG4,NB,2024-05-19,100039,S039,Sealed Air Canada,NX70,Aurora,SL04,MAT-10013,Packaging,Pallet wrap,48.2,1768.51,85242.18,CAD,1,8,2024-05-27,2024-05-27,GR5001707,On Time,0
TX-01183,PO-10905,CA01,PO01,PG4,NB,2025-11-19,100024,S024,Northern Safety,NX40,Patience Lake,SL04,MAT-10051,Safety,Gloves — cut-resistant,45.0,176.07,7923.15,CAD,1,2,2025-11-21,2025-11-21,GR5001708,On Time,0
TX-02143,PO-74499,CA01,PO01,PG4,NB,2023-10-08,100038,S038,Prairie Packaging,NX40,Patience Lake,SL04,MAT-10034,Packaging,Bulk bags,17.9,1146.49,20522.17,CAD,1,5,2023-10-13,2023-10-13,GR5001709,On Time,0
TX-01784,PO-35168,CA01,PO01,PG2,NB,2025-05-05,100006,S006,HD Supply,NX20,Vanscoy,SL02,MAT-10050,Electrical,Junction box,19.84,5605.2,111207.17,CAD,1,10,2025-05-15,2025-05-15,GR5001710,On Time,0
TX-00948,PO-16608,CA01,PO01,PG1,NB,2023-11-06,100005,S005,Motion Industries,NX30,Cory,SL01,MAT-10044,MRO,Pump seal kit,17.21,3937.95,67772.12,CAD,1,6,2023-11-12,2023-11-12,GR5001711,On Time,0
TX-00911,PO-45755,CA01,PO01,PG2,NB,2024-08-04,100033,S033,Siemens Canada,NX10,Allan,SL02,MAT-10019,Electrical,LED fixture,4.43,2690.77,11920.11,CAD,1,10,2024-08-14,2024-08-12,GR5001712,On Time,0
TX-00456,PO-22183,CA01,PO01,PG5,UB,2025-01-02,100017,S017,Canadian Freightways,NX30,Cory,SL05,MAT-10029,Logistics,Expedited shipping,18.0,7663.17,137937.06,CAD,1,3,2025-01-05,2025-01-05,GR5001713,On Time,0
TX-01967,PO-25496,CA01,PO01,PG4,NB,2025-04-28,100039,S039,Sealed Air Canada,NX10,Allan,SL04,MAT-10047,Packaging,Corrugated box,24.2,138.74,3357.51,CAD,1,8,2025-05-06,2025-05-06,GR5001714,On Time,0
TX-02181,PO-62907,CA01,PO01,PG2,NB,2024-12-04,100006,S006,HD Supply,NX10,Allan,SL02,MAT-10041,Electrical,Cable tray,8.39,14535.69,121954.44,CAD,1,10,2024-12-14,2024-12-14,GR5001715,On Time,0
TX-01520,PO-20855,CA01,PO01,PG1,NB,2023-11-10,100003,S003,Grainger Canada,NX20,Vanscoy,SL01,MAT-10001,MRO,Valve repair parts,14.41,837.24,12064.63,CAD,1,3,2023-11-13,2023-11-13,GR5001716,On Time,0
TX-01841,PO-52868,CA01,PO01,PG2,NB,2024-02-17,100006,S006,HD Supply,NX10,Allan,SL02,MAT-10041,Electrical,Cable tray,15.33,3992.92,61211.46,CAD,1,10,2024-02-27,2024-02-27,GR5001717,On Time,0
TX-01632,PO-85069,CA01,PO01,PG5,UB,2024-02-14,100037,S037,Purolator,NX30,Cory,SL05,MAT-10029,Logistics,Expedited shipping,11.67,3786.96,44193.82,CAD,1,1,2024-02-15,2024-02-13,GR5001718,On Time,0
TX-02004,PO-91309,CA01,PO01,PG5,UB,2024-01-23,100036,S036,Canpar Courier,NX50,Redwater,SL05,MAT-10028,Logistics,Inbound freight,11.36,2377.07,27003.52,CAD,1,1,2024-01-24,2024-01-24,GR5001719,On Time,0
TX-01916,PO-84791,CA01,PO01,PG2,NB,2025-05-30,100035,S035,Rockwell Automation,NX30,Cory,SL02,MAT-10019,Electrical,LED fixture,5.57,3462.48,19286.01,CAD,1,14,2025-06-13,2025-06-13,GR5001720,On Time,0
TX-01417,PO-40815,CA01,PO01,PG2,NB,2025-02-01,100032,S032,Endress+Hauser,NX20,Vanscoy,SL02,MAT-10046,Instrumentation,Pressure transmitter,14.77,20016.59,295645.03,CAD,1,21,2025-02-22,2025-02-22,GR5001721,On Time,0
TX-00052,PO-73372,CA01,PO01,PG4,NB,2025-12-04,100038,S038,Prairie Packaging,NX70,Aurora,SL04,MAT-10045,Packaging,Label stock,48.3,598.56,28910.45,CAD,1,5,2025-12-09,2025-12-09,GR5001722,On Time,0
TX-01386,PO-46482,CA01,PO01,PG5,UB,2024-11-25,100017,S017,Canadian Freightways,NX30,Cory,SL05,MAT-10022,Logistics,Outbound freight,9.73,6939.98,67526.01,CAD,1,3,2024-11-28,2024-11-28,GR5001723,On Time,0
TX-01824,PO-76077,CA01,PO01,PG3,NB,2023-05-05,100009,S009,Chemtrade Logistics,NX70,Aurora,SL03,MAT-10021,Chemicals,Process chemical,14.97,2983.36,44660.9,CAD,1,5,2023-05-10,2023-05-10,GR5001724,On Time,0
TX-01328,PO-86474,CA01,PO01,PG2,NB,2025-02-16,100033,S033,Siemens Canada,NX70,Aurora,SL02,MAT-10002,Instrumentation,Flow meter,6.13,5502.96,33733.14,CAD,1,10,2025-02-26,2025-02-26,GR5001725,On Time,0
TX-00336,PO-90750,CA01,PO01,PG5,UB,2024-03-12,100036,S036,Canpar Courier,NX30,Cory,SL05,MAT-10040,Logistics,LTL shipment,12.93,1635.31,21144.56,CAD,1,1,2024-03-13,2024-03-13,GR5001726,On Time,0
TX-01317,PO-23489,CA01,PO01,PG4,NB,2025-02-28,100029,S029,3M Canada,NX20,Vanscoy,SL04,MAT-10049,Safety,Safety glasses,14.9,100.63,1499.39,CAD,1,5,2025-03-05,2025-03-05,GR5001727,On Time,0
TX-00398,PO-74349,CA01,PO01,PG2,NB,2024-05-01,100033,S033,Siemens Canada,NX30,Cory,SL02,MAT-10052,Instrumentation,Control valve,2.82,10733.2,30267.62,CAD,1,10,2024-05-11,2024-05-17,GR5001728,Late,6
TX-01019,PO-54514,CA01,PO01,PG1,NB,2025-08-08,100004,S004,Fastenal Canada,NX60,Rocanville,SL01,MAT-10044,MRO,Pump seal kit,16.11,3965.72,63887.75,CAD,1,4,2025-08-12,2025-08-12,GR5001729,On Time,0
TX-00231,PO-53343,CA01,PO01,PG3,NB,2025-10-29,100027,S027,Western Agri-Chem,NX50,Redwater,SL03,MAT-10042,Agri-Chemicals,Urea 46-0-0,9.89,1865.37,18448.51,CAD,1,8,2025-11-06,2025-11-06,GR5001730,On Time,0
TX-00100,PO-16428,CA01,PO01,PG2,NB,2025-03-21,100033,S033,Siemens Canada,NX20,Vanscoy,SL02,MAT-10025,Instrumentation,Analyzer calibration,6.22,14799.33,92051.83,CAD,1,10,2025-03-31,2025-03-31,GR5001731,On Time,0
TX-01021,PO-43591,CA01,PO01,PG3,NB,2024-02-01,100027,S027,Western Agri-Chem,NX50,Redwater,SL03,MAT-10007,Chemicals,Corrosion inhibitor,18.18,2210.99,40195.8,CAD,1,8,2024-02-09,2024-02-12,GR5001732,Late,3
TX-01988,PO-37664,CA01,PO01,PG2,NB,2025-09-15,100033,S033,Siemens Canada,NX20,Vanscoy,SL02,MAT-10041,Electrical,Cable tray,15.66,14545.26,227778.77,CAD,1,10,2025-09-25,2025-09-25,GR5001733,On Time,0
TX-01802,PO-17917,CA01,PO01,PG2,NB,2023-11-27,100033,S033,Siemens Canada,NX50,Redwater,SL02,MAT-10009,Instrumentation,Level sensor,2.23,2975.4,6635.14,CAD,1,10,2023-12-07,2023-12-07,GR5001734,On Time,0
TX-01394,PO-31245,CA01,PO01,PG4,NB,2025-10-02,100024,S024,Northern Safety,NX30,Cory,SL04,MAT-10049,Safety,Safety glasses,22.4,128.71,2883.1,CAD,1,2,2025-10-04,2025-10-04,GR5001735,On Time,0
TX-01729,PO-13976,CA01,PO01,PG2,NB,2023-12-30,100034,S034,ABB Canada,NX60,Rocanville,SL02,MAT-10036,Electrical,Control panel,10.64,12252.55,130367.13,CAD,1,12,2024-01-11,2024-01-11,GR5001736,On Time,0
TX-01910,PO-10428,CA01,PO01,PG5,UB,2023-05-28,100018,S018,TransWest Shipping,NX40,Patience Lake,SL05,MAT-10040,Logistics,LTL shipment,5.8,8809.81,51096.9,CAD,0,4,2023-06-01,2023-06-01,GR5001737,On Time,0
TX-00532,PO-91685,CA01,PO01,PG5,UB,2025-04-21,100017,S017,Canadian Freightways,NX50,Redwater,SL05,MAT-10022,Logistics,Outbound freight,12.42,6459.62,80228.48,CAD,1,3,2025-04-24,2025-04-24,GR5001738,On Time,0
TX-01941,PO-47644,CA01,PO01,PG5,UB,2023-03-28,100037,S037,Purolator,NX50,Redwater,SL05,MAT-10028,Logistics,Inbound freight,2.27,3330.69,7560.67,CAD,1,1,2023-03-29,2023-03-29,GR5001739,On Time,0
TX-01889,PO-64166,CA01,PO01,PG2,NB,2023-05-17,100035,S035,Rockwell Automation,NX60,Rocanville,SL02,MAT-10019,Electrical,LED fixture,19.45,9912.69,192801.82,CAD,1,14,2023-05-31,2023-05-31,GR5001740,On Time,0
TX-01036,PO-34785,CA01,PO01,PG2,NB,2024-05-15,100006,S006,HD Supply,NX70,Aurora,SL02,MAT-10019,Electrical,LED fixture,18.5,11493.62,212631.97,CAD,1,10,2024-05-25,2024-05-25,GR5001741,On Time,0
TX-00887,PO-31016,CA01,PO01,PG3,NB,2024-11-12,100030,S030,DuPont Canada,NX50,Redwater,SL03,MAT-10042,Agri-Chemicals,Urea 46-0-0,14.63,7063.39,103337.4,CAD,1,7,2024-11-19,2024-11-19,GR5001742,On Time,0
TX-00361,PO-58823,CA01,PO01,PG5,UB,2023-03-31,100018,S018,TransWest Shipping,NX20,Vanscoy,SL05,MAT-10038,Logistics,Rail freight,18.5,8071.07,149314.79,CAD,0,4,2023-04-04,2023-04-04,GR5001743,On Time,0
TX-01999,PO-48314,CA01,PO01,PG4,NB,2023-07-23,100025,S025,Direct Safety,NX20,Vanscoy,SL04,MAT-10020,Safety,Safety harness,7.4,334.67,2476.56,CAD,0,7,2023-07-30,2023-07-30,GR5001744,On Time,0
TX-00573,PO-36077,CA01,PO01,PG2,NB,2023-09-06,100033,S033,Siemens Canada,NX60,Rocanville,SL02,MAT-10019,Electrical,LED fixture,7.67,10257.87,78677.86,CAD,1,10,2023-09-16,2023-09-16,GR5001745,On Time,0
TX-01780,PO-72505,CA01,PO01,PG5,UB,2023-03-22,100036,S036,Canpar Courier,NX20,Vanscoy,SL05,MAT-10040,Logistics,LTL shipment,3.58,3357.12,12018.49,CAD,1,1,2023-03-23,2023-03-23,GR5001746,On Time,0
TX-01671,PO-44446,CA01,PO01,PG4,NB,2025-04-10,100029,S029,3M Canada,NX50,Redwater,SL04,MAT-10010,Safety,Hearing protection,23.2,101.64,2358.05,CAD,1,5,2025-04-15,2025-04-16,GR5001747,Late,1
TX-00743,PO-84195,CA01,PO01,PG3,NB,2023-06-26,100028,S028,BioAgra Solutions,NX20,Vanscoy,SL03,MAT-10003,Chemicals,Sulfuric acid,17.27,2538.97,43848.01,CAD,0,10,2023-07-06,2023-07-06,GR5001748,On Time,0
TX-00429,PO-44003,CA01,PO01,PG4,NB,2023-10-14,100039,S039,Sealed Air Canada,NX70,Aurora,SL04,MAT-10047,Packaging,Corrugated box,36.3,1338.37,48582.83,CAD,1,8,2023-10-22,2023-10-22,GR5001749,On Time,0
TX-00321,PO-22481,CA01,PO01,PG5,UB,2024-08-22,100018,S018,TransWest Shipping,NX70,Aurora,SL05,MAT-10038,Logistics,Rail freight,6.5,2855.93,18563.54,CAD,0,4,2024-08-26,2024-08-26,GR5001750,On Time,0
TX-02173,PO-78732,CA01,PO01,PG2,NB,2023-03-20,100034,S034,ABB Canada,NX60,Rocanville,SL02,MAT-10014,Electrical,Conduit kit,16.02,8075.68,129372.39,CAD,1,12,2023-04-01,2023-04-02,GR5001751,Late,1
TX-00576,PO-48188,CA01,PO01,PG4,NB,2023-11-28,100038,S038,Prairie Packaging,NX20,Vanscoy,SL04,MAT-10043,Packaging,Stretch film,17.8,681.89,12137.64,CAD,1,5,2023-12-03,2023-12-03,GR5001752,On Time,0
TX-01141,PO-49855,CA01,PO01,PG4,NB,2024-10-24,100038,S038,Prairie Packaging,NX10,Allan,SL04,MAT-10034,Packaging,Bulk bags,37.9,1194.34,45265.49,CAD,1,5,2024-10-29,2024-10-29,GR5001753,On Time,0
TX-00190,PO-62187,CA01,PO01,PG2,NB,2023-09-23,100035,S035,Rockwell Automation,NX60,Rocanville,SL02,MAT-10050,Electrical,Junction box,12.63,1475.99,18641.75,CAD,1,14,2023-10-07,2023-10-07,GR5001754,On Time,0
TX-01827,PO-87836,CA01,PO01,PG2,NB,2023-10-30,100006,S006,HD Supply,NX50,Redwater,SL02,MAT-10041,Electrical,Cable tray,9.49,5853.89,55553.42,CAD,1,10,2023-11-09,2023-11-09,GR5001755,On Time,0
TX-01125,PO-28764,CA01,PO01,PG4,NB,2023-07-25,100039,S039,Sealed Air Canada,NX70,Aurora,SL04,MAT-10013,Packaging,Pallet wrap,37.0,644.22,23836.14,CAD,1,8,2023-08-02,2023-08-02,GR5001756,On Time,0
TX-01495,PO-78149,CA01,PO01,PG3,NB,2023-06-08,100007,S007,Brenntag Canada,NX60,Rocanville,SL03,MAT-10031,Chemicals,Hydrochloric acid,8.14,9277.13,75515.84,CAD,1,8,2023-06-16,2023-06-16,GR5001757,On Time,0
TX-00755,PO-34833,CA01,PO01,PG4,NB,2025-01-05,100038,S038,Prairie Packaging,NX70,Aurora,SL04,MAT-10024,Packaging,Poly liner,24.8,1779.61,44134.33,CAD,1,5,2025-01-10,2025-01-10,GR5001758,On Time,0
TX-00163,PO-20696,CA01,PO01,PG4,NB,2023-02-24,100025,S025,Direct Safety,NX30,Cory,SL04,MAT-10051,Safety,Gloves — cut-resistant,21.3,188.77,4020.8,CAD,0,7,2023-03-03,2023-03-03,GR5001759,On Time,0
TX-00247,PO-10455,CA01,PO01,PG5,UB,2024-01-01,100018,S018,TransWest Shipping,NX20,Vanscoy,SL05,MAT-10022,Logistics,Outbound freight,19.86,3754.51,74564.57,CAD,0,4,2024-01-05,2024-01-05,GR5001760,On Time,0
TX-02096,PO-26223,CA01,PO01,PG3,NB,2025-07-20,100007,S007,Brenntag Canada,NX70,Aurora,SL03,MAT-10021,Chemicals,Process chemical,11.0,8878.02,97658.22,CAD,1,8,2025-07-28,2025-07-28,GR5001761,On Time,0
TX-02023,PO-99449,CA01,PO01,PG3,NB,2023-02-04,100028,S028,BioAgra Solutions,NX50,Redwater,SL03,MAT-10003,Chemicals,Sulfuric acid,9.94,9758.4,96998.5,CAD,0,10,2023-02-14,2023-02-14,GR5001762,On Time,0
TX-00730,PO-89144,CA01,PO01,PG5,UB,2024-07-17,100037,S037,Purolator,NX30,Cory,SL05,MAT-10028,Logistics,Inbound freight,17.3,606.52,10492.8,CAD,1,1,2024-07-18,2024-07-18,GR5001763,On Time,0
TX-01684,PO-46204,CA01,PO01,PG5,UB,2024-02-01,100036,S036,Canpar Courier,NX60,Rocanville,SL05,MAT-10022,Logistics,Outbound freight,5.72,3128.05,17892.45,CAD,1,1,2024-02-02,2024-02-02,GR5001764,On Time,0
TX-01088,PO-91233,CA01,PO01,PG1,NB,2023-09-12,100002,S002,Wesco Distribution,NX20,Vanscoy,SL01,MAT-10035,MRO,Conveyor belt,6.87,3333.71,22902.59,CAD,1,5,2023-09-17,2023-09-17,GR5001765,On Time,0
TX-02081,PO-93393,CA01,PO01,PG4,NB,2024-12-28,100039,S039,Sealed Air Canada,NX40,Patience Lake,SL04,MAT-10045,Packaging,Label stock,39.5,112.63,4448.89,CAD,1,8,2025-01-05,2025-01-05,GR5001766,On Time,0
TX-00250,PO-88352,CA01,PO01,PG4,NB,2024-02-27,100038,S038,Prairie Packaging,NX10,Allan,SL04,MAT-10024,Packaging,Poly liner,4.3,1220.37,5247.59,CAD,1,5,2024-03-03,2024-03-03,GR5001767,On Time,0
TX-01497,PO-11213,CA01,PO01,PG5,UB,2023-10-14,100037,S037,Purolator,NX60,Rocanville,SL05,MAT-10040,Logistics,LTL shipment,15.23,4603.14,70105.82,CAD,1,1,2023-10-15,2023-10-15,GR5001768,On Time,0
TX-01406,PO-12810,CA01,PO01,PG4,NB,2025-06-02,100029,S029,3M Canada,NX30,Cory,SL04,MAT-10049,Safety,Safety glasses,24.4,316.99,7734.56,CAD,1,5,2025-06-07,2025-06-07,GR5001769,On Time,0
TX-01323,PO-16169,CA01,PO01,PG2,NB,2023-06-13,100035,S035,Rockwell Automation,NX60,Rocanville,SL02,MAT-10019,Electrical,LED fixture,11.57,4834.98,55940.72,CAD,1,14,2023-06-27,2023-06-27,GR5001770,On Time,0
TX-01980,PO-53611,CA01,PO01,PG3,NB,2025-07-08,100008,S008,Univar Solutions,NX20,Vanscoy,SL03,MAT-10027,Chemicals,Defoamer,3.4,8895.02,30243.07,CAD,1,9,2025-07-17,2025-07-17,GR5001771,On Time,0
TX-00062,PO-23446,CA01,PO01,PG5,UB,2023-04-22,100018,S018,TransWest Shipping,NX20,Vanscoy,SL05,MAT-10040,Logistics,LTL shipment,11.51,6239.74,71819.41,CAD,0,4,2023-04-26,2023-04-26,GR5001772,On Time,0
TX-00038,PO-61049,CA01,PO01,PG4,NB,2025-08-12,100039,S039,Sealed Air Canada,NX40,Patience Lake,SL04,MAT-10024,Packaging,Poly liner,21.4,477.12,10210.37,CAD,1,8,2025-08-20,2025-08-20,GR5001773,On Time,0
TX-02353,PO-37799,CA01,PO01,PG5,UB,2025-11-20,100037,S037,Purolator,NX50,Redwater,SL05,MAT-10039,Logistics,Flatbed transport,18.56,5837.68,108347.34,CAD,1,1,2025-11-21,2025-11-21,GR5001774,On Time,0
TX-00214,PO-85711,CA01,PO01,PG2,NB,2025-08-29,100031,S031,Precision Instruments,NX40,Patience Lake,SL02,MAT-10052,Instrumentation,Control valve,6.05,19409.28,117426.14,CAD,0,14,2025-09-12,2025-09-12,GR5001775,On Time,0
TX-00463,PO-83183,CA01,PO01,PG4,NB,2024-12-09,100038,S038,Prairie Packaging,NX60,Rocanville,SL04,MAT-10013,Packaging,Pallet wrap,33.5,1311.5,43935.25,CAD,1,5,2024-12-14,2024-12-14,GR5001776,On Time,0
TX-00938,PO-82516,CA01,PO01,PG3,NB,2023-05-05,100027,S027,Western Agri-Chem,NX70,Aurora,SL03,MAT-10017,Agri-Chemicals,Phosphate blend,11.04,3607.23,39823.82,CAD,1,8,2023-05-13,2023-05-13,GR5001777,On Time,0
TX-02035,PO-47151,CA01,PO01,PG1,NB,2025-12-09,100040,S040,Generic Supplies Inc,NX60,Rocanville,SL01,MAT-10001,MRO,Valve repair parts,6.49,2157.4,14001.53,CAD,0,15,2025-12-24,2025-12-24,GR5001778,On Time,0
TX-01958,PO-10074,CA01,PO01,PG4,NB,2023-11-07,100025,S025,Direct Safety,NX50,Redwater,SL04,MAT-10049,Safety,Safety glasses,21.9,271.14,5937.97,CAD,0,7,2023-11-14,2023-11-13,GR5001779,On Time,0
TX-00451,PO-15164,CA01,PO01,PG4,NB,2025-12-07,100025,S025,Direct Safety,NX50,Redwater,SL04,MAT-10049,Safety,Safety glasses,48.7,172.97,8423.64,CAD,0,7,2025-12-14,2025-12-12,GR5001780,On Time,0
TX-00846,PO-26090,CA01,PO01,PG3,NB,2024-11-24,100009,S009,Chemtrade Logistics,NX10,Allan,SL03,MAT-10011,Chemicals,Scale inhibitor,4.81,10253.13,49317.56,CAD,1,5,2024-11-29,2024-11-29,GR5001781,On Time,0
TX-01161,PO-89291,CA01,PO01,PG2,NB,2025-02-01,100032,S032,Endress+Hauser,NX70,Aurora,SL02,MAT-10052,Instrumentation,Control valve,11.71,16722.62,195821.88,CAD,1,21,2025-02-22,2025-02-22,GR5001782,On Time,0
TX-00928,PO-34535,CA01,PO01,PG2,NB,2025-07-10,100006,S006,HD Supply,NX50,Redwater,SL02,MAT-10033,Electrical,Transformer,12.85,4123.1,52981.84,CAD,1,10,2025-07-20,2025-07-20,GR5001783,On Time,0
TX-02390,PO-88011,CA01,PO01,PG3,NB,2024-03-12,100030,S030,DuPont Canada,NX40,Patience Lake,SL03,MAT-10032,Agri-Chemicals,Anhydrous ammonia,17.44,3532.15,61600.7,CAD,1,7,2024-03-19,2024-03-19,GR5001784,On Time,0
TX-01659,PO-44757,CA01,PO01,PG3,NB,2025-10-15,100008,S008,Univar Solutions,NX20,Vanscoy,SL03,MAT-10027,Chemicals,Defoamer,4.88,5320.93,25966.14,CAD,1,9,2025-10-24,2025-10-21,GR5001785,On Time,0
TX-02125,PO-63453,CA01,PO01,PG2,NB,2025-05-30,100032,S032,Endress+Hauser,NX50,Redwater,SL02,MAT-10046,Instrumentation,Pressure transmitter,8.68,14656.45,127217.99,CAD,1,21,2025-06-20,2025-06-18,GR5001786,On Time,0
TX-00438,PO-74169,CA01,PO01,PG1,NB,2024-07-14,100001,S001,Prairie Industrial Supply,NX60,Rocanville,SL01,MAT-10001,MRO,Valve repair parts,4.98,3492.26,17391.45,CAD,1,7,2024-07-21,2024-07-19,GR5001787,On Time,0
TX-00633,PO-21743,CA01,PO01,PG4,NB,2024-06-29,100024,S024,Northern Safety,NX20,Vanscoy,SL04,MAT-10010,Safety,Hearing protection,39.1,142.9,5587.39,CAD,1,2,2024-07-01,2024-07-01,GR5001788,On Time,0
TX-00649,PO-51614,CA01,PO01,PG2,NB,2023-10-25,100032,S032,Endress+Hauser,NX60,Rocanville,SL02,MAT-10002,Instrumentation,Flow meter,13.47,14773.84,199003.62,CAD,1,21,2023-11-15,2023-11-19,GR5001789,Late,4
TX-01591,PO-71631,CA01,PO01,PG3,NB,2023-03-08,100007,S007,Brenntag Canada,NX70,Aurora,SL03,MAT-10007,Chemicals,Corrosion inhibitor,13.96,5351.08,74701.08,CAD,1,8,2023-03-16,2023-03-16,GR5001790,On Time,0
TX-00617,PO-82085,CA01,PO01,PG2,NB,2025-05-24,100006,S006,HD Supply,NX70,Aurora,SL02,MAT-10041,Electrical,Cable tray,17.77,2668.78,47424.22,CAD,1,10,2025-06-03,2025-06-03,GR5001791,On Time,0
TX-00239,PO-24707,CA01,PO01,PG3,NB,2025-12-17,100027,S027,Western Agri-Chem,NX60,Rocanville,SL03,MAT-10007,Chemicals,Corrosion inhibitor,14.37,1674.75,24066.16,CAD,1,8,2025-12-25,2025-12-25,GR5001792,On Time,0
TX-01673,PO-78035,CA01,PO01,PG5,UB,2025-09-25,100018,S018,TransWest Shipping,NX30,Cory,SL05,MAT-10029,Logistics,Expedited shipping,15.67,4262.66,66795.88,CAD,0,4,2025-09-29,2025-09-29,GR5001793,On Time,0
TX-00851,PO-74512,CA01,PO01,PG2,NB,2023-07-17,100034,S034,ABB Canada,NX30,Cory,SL02,MAT-10019,Electrical,LED fixture,15.44,9983.99,154152.81,CAD,1,12,2023-07-29,2023-07-29,GR5001794,On Time,0
TX-00323,PO-92890,CA01,PO01,PG5,UB,2024-05-21,100018,S018,TransWest Shipping,NX50,Redwater,SL05,MAT-10039,Logistics,Flatbed transport,15.47,6208.4,96043.95,CAD,0,4,2024-05-25,2024-05-25,GR5001795,On Time,0
TX-01624,PO-62963,CA01,PO01,PG2,NB,2025-05-21,100006,S006,HD Supply,NX30,Cory,SL02,MAT-10023,Electrical,Motor starter,11.7,11487.89,134408.31,CAD,1,10,2025-05-31,2025-05-31,GR5001796,On Time,0
TX-00508,PO-43127,CA01,PO01,PG2,NB,2025-11-15,100034,S034,ABB Canada,NX60,Rocanville,SL02,MAT-10019,Electrical,LED fixture,3.71,2923.09,10844.66,CAD,1,12,2025-11-27,2025-11-27,GR5001797,On Time,0
TX-00401,PO-21945,CA01,PO01,PG3,NB,2025-03-25,100009,S009,Chemtrade Logistics,NX50,Redwater,SL03,MAT-10027,Chemicals,Defoamer,9.95,10822.63,107685.17,CAD,1,5,2025-03-30,2025-03-30,GR5001798,On Time,0
TX-01196,PO-94393,CA01,PO01,PG2,NB,2024-11-19,100032,S032,Endress+Hauser,NX10,Allan,SL02,MAT-10018,Instrumentation,Temperature probe,9.1,2941.72,26769.65,CAD,1,21,2024-12-10,2024-12-10,GR5001799,On Time,0
TX-01116,PO-73595,CA01,PO01,PG4,NB,2023-05-12,100038,S038,Prairie Packaging,NX30,Cory,SL04,MAT-10024,Packaging,Poly liner,17.8,1204.44,21439.03,CAD,1,5,2023-05-17,2023-05-17,GR5001800,On Time,0
TX-01333,PO-23701,CA01,PO01,PG4,NB,2024-03-18,100024,S024,Northern Safety,NX70,Aurora,SL04,MAT-10051,Safety,Gloves — cut-resistant,23.9,166.32,3975.05,CAD,1,2,2024-03-20,2024-03-20,GR5001801,On Time,0
TX-00543,PO-62183,CA01,PO01,PG3,NB,2025-09-17,100027,S027,Western Agri-Chem,NX30,Cory,SL03,MAT-10017,Agri-Chemicals,Phosphate blend,5.82,2730.56,15891.86,CAD,1,8,2025-09-25,2025-09-25,GR5001802,On Time,0
TX-01368,PO-71391,CA01,PO01,PG5,UB,2024-10-03,100037,S037,Purolator,NX60,Rocanville,SL05,MAT-10029,Logistics,Expedited shipping,10.57,5638.72,59601.27,CAD,1,1,2024-10-04,2024-10-04,GR5001803,On Time,0
TX-00108,PO-49608,CA01,PO01,PG2,NB,2023-05-10,100034,S034,ABB Canada,NX70,Aurora,SL02,MAT-10014,Electrical,Conduit kit,13.07,7071.16,92420.06,CAD,1,12,2023-05-22,2023-05-22,GR5001804,On Time,0
TX-00586,PO-74478,CA01,PO01,PG1,NB,2023-10-07,100005,S005,Motion Industries,NX50,Redwater,SL01,MAT-10005,MRO,Bearing assembly,7.53,2137.93,16098.61,CAD,1,6,2023-10-13,2023-10-13,GR5001805,On Time,0
TX-01667,PO-70574,CA01,PO01,PG4,NB,2024-01-14,100024,S024,Northern Safety,NX30,Cory,SL04,MAT-10020,Safety,Safety harness,36.8,134.42,4946.66,CAD,1,2,2024-01-16,2024-01-16,GR5001806,On Time,0
TX-02289,PO-42520,CA01,PO01,PG4,NB,2025-05-24,100038,S038,Prairie Packaging,NX30,Cory,SL04,MAT-10043,Packaging,Stretch film,3.2,1807.21,5783.07,CAD,1,5,2025-05-29,2025-05-29,GR5001807,On Time,0
TX-00789,PO-37151,CA01,PO01,PG2,NB,2024-07-06,100034,S034,ABB Canada,NX50,Redwater,SL02,MAT-10052,Instrumentation,Control valve,14.26,15893.78,226645.3,CAD,1,12,2024-07-18,2024-07-18,GR5001808,On Time,0
TX-00372,PO-61773,CA01,PO01,PG3,NB,2023-04-14,100007,S007,Brenntag Canada,NX60,Rocanville,SL03,MAT-10021,Chemicals,Process chemical,4.19,7227.5,30283.23,CAD,1,8,2023-04-22,2023-04-22,GR5001809,On Time,0
TX-00545,PO-21939,CA01,PO01,PG4,NB,2023-04-17,100039,S039,Sealed Air Canada,NX50,Redwater,SL04,MAT-10034,Packaging,Bulk bags,8.9,1931.97,17194.53,CAD,1,8,2023-04-25,2023-04-25,GR5001810,On Time,0
TX-DUP-019,PO-41276,CA01,PO01,PG1,NB,2025-10-27,100001,S001,Prairie Industrial Supply,NX10,Allan,SL01,MAT-10016,MRO,Filter element,18.25,2818.43,51436.35,CAD,1,7,2025-11-03,2025-11-09,GR5001811,Late,6
TX-01206,PO-12867,CA01,PO01,PG3,NB,2023-05-19,100026,S026,Sask Chemical Corp,NX60,Rocanville,SL03,MAT-10030,Agri-Chemicals,Micronutrient blend,10.17,4380.6,44550.7,CAD,1,6,2023-05-25,2023-05-25,GR5001812,On Time,0
TX-01470,PO-40394,CA01,PO01,PG4,NB,2025-09-18,100029,S029,3M Canada,NX30,Cory,SL04,MAT-10008,Safety,FR coveralls,27.0,382.65,10331.55,CAD,1,5,2025-09-23,2025-09-23,GR5001813,On Time,0
TX-01868,PO-24129,CA01,PO01,PG3,NB,2024-01-21,100027,S027,Western Agri-Chem,NX50,Redwater,SL03,MAT-10030,Agri-Chemicals,Micronutrient blend,14.61,7188.19,105019.46,CAD,1,8,2024-01-29,2024-01-29,GR5001814,On Time,0
TX-00754,PO-49173,CA01,PO01,PG3,NB,2024-02-20,100028,S028,BioAgra Solutions,NX70,Aurora,SL03,MAT-10032,Agri-Chemicals,Anhydrous ammonia,4.36,773.63,3373.03,CAD,0,10,2024-03-01,2024-03-01,GR5001815,On Time,0
TX-02365,PO-83622,CA01,PO01,PG4,NB,2025-08-19,100039,S039,Sealed Air Canada,NX50,Redwater,SL04,MAT-10047,Packaging,Corrugated box,3.1,1261.14,3909.53,CAD,1,8,2025-08-27,2025-08-28,GR5001816,Late,1
TX-00280,PO-56636,CA01,PO01,PG4,NB,2024-07-13,100039,S039,Sealed Air Canada,NX20,Vanscoy,SL04,MAT-10013,Packaging,Pallet wrap,39.4,945.06,37235.36,CAD,1,8,2024-07-21,2024-07-21,GR5001817,On Time,0
TX-02166,PO-96810,CA01,PO01,PG1,NB,2023-03-11,100003,S003,Grainger Canada,NX50,Redwater,SL01,MAT-10035,MRO,Conveyor belt,19.08,3128.48,59691.4,CAD,1,3,2023-03-14,2023-03-14,GR5001818,On Time,0
TX-01782,PO-98784,CA01,PO01,PG2,NB,2025-01-27,100035,S035,Rockwell Automation,NX20,Vanscoy,SL02,MAT-10050,Electrical,Junction box,2.31,2197.16,5075.44,CAD,1,14,2025-02-10,2025-02-10,GR5001819,On Time,0
TX-01895,PO-39536,CA01,PO01,PG3,NB,2023-12-04,100040,S040,Generic Supplies Inc,NX20,Vanscoy,SL03,MAT-10017,Agri-Chemicals,Phosphate blend,5.69,6976.12,39694.12,CAD,0,15,2023-12-19,2023-12-19,GR5001820,On Time,0
TX-00028,PO-96356,CA01,PO01,PG3,NB,2024-03-13,100030,S030,DuPont Canada,NX70,Aurora,SL03,MAT-10032,Agri-Chemicals,Anhydrous ammonia,10.71,6432.39,68890.9,CAD,1,7,2024-03-20,2024-03-20,GR5001821,On Time,0
TX-01975,PO-47282,CA01,PO01,PG3,NB,2024-08-19,100026,S026,Sask Chemical Corp,NX30,Cory,SL03,MAT-10030,Agri-Chemicals,Micronutrient blend,12.69,4398.26,55813.92,CAD,1,6,2024-08-25,2024-08-27,GR5001822,Late,2
TX-01748,PO-25109,CA01,PO01,PG1,NB,2025-07-08,100040,S040,Generic Supplies Inc,NX50,Redwater,SL01,MAT-10044,MRO,Pump seal kit,3.45,3383.13,11671.8,CAD,0,15,2025-07-23,2025-07-23,GR5001823,On Time,0
TX-00232,PO-48669,CA01,PO01,PG5,UB,2024-06-10,100036,S036,Canpar Courier,NX70,Aurora,SL05,MAT-10029,Logistics,Expedited shipping,14.65,605.63,8872.48,CAD,1,1,2024-06-11,2024-06-11,GR5001824,On Time,0
TX-02222,PO-42307,CA01,PO01,PG1,NB,2023-12-24,100002,S002,Wesco Distribution,NX40,Patience Lake,SL01,MAT-10026,MRO,Hose assembly,9.36,771.3,7219.37,CAD,1,5,2023-12-29,2023-12-29,GR5001825,On Time,0
TX-00915,PO-96005,CA01,PO01,PG3,NB,2024-07-05,100030,S030,DuPont Canada,NX70,Aurora,SL03,MAT-10042,Agri-Chemicals,Urea 46-0-0,12.29,444.12,5458.23,CAD,1,7,2024-07-12,2024-07-12,GR5001826,On Time,0
TX-01730,PO-24126,CA01,PO01,PG1,NB,2023-09-04,100005,S005,Motion Industries,NX50,Redwater,SL01,MAT-10016,MRO,Filter element,16.34,1436.91,23479.11,CAD,1,6,2023-09-10,2023-09-11,GR5001827,Late,1
TX-00619,PO-83812,CA01,PO01,PG2,NB,2025-05-31,100035,S035,Rockwell Automation,NX60,Rocanville,SL02,MAT-10041,Electrical,Cable tray,16.7,4987.07,83284.07,CAD,1,14,2025-06-14,2025-06-14,GR5001828,On Time,0
TX-00814,PO-64474,CA01,PO01,PG2,NB,2023-06-29,100035,S035,Rockwell Automation,NX60,Rocanville,SL02,MAT-10014,Electrical,Conduit kit,5.1,13339.51,68031.5,CAD,1,14,2023-07-13,2023-07-12,GR5001829,On Time,0
TX-00781,PO-72061,CA01,PO01,PG4,NB,2025-12-04,100024,S024,Northern Safety,NX60,Rocanville,SL04,MAT-10010,Safety,Hearing protection,25.0,398.35,9958.75,CAD,1,2,2025-12-06,2025-12-06,GR5001830,On Time,0
TX-02384,PO-94080,CA01,PO01,PG2,NB,2023-05-15,100033,S033,Siemens Canada,NX60,Rocanville,SL02,MAT-10019,Electrical,LED fixture,2.12,5401.2,11450.54,CAD,1,10,2023-05-25,2023-05-25,GR5001831,On Time,0
TX-00761,PO-23937,CA01,PO01,PG3,NB,2023-12-16,100026,S026,Sask Chemical Corp,NX40,Patience Lake,SL03,MAT-10021,Chemicals,Process chemical,16.87,1516.33,25580.49,CAD,1,6,2023-12-22,2023-12-22,GR5001832,On Time,0
TX-02186,PO-53727,CA01,PO01,PG3,NB,2025-09-18,100007,S007,Brenntag Canada,NX60,Rocanville,SL03,MAT-10021,Chemicals,Process chemical,4.13,3030.46,12515.8,CAD,1,8,2025-09-26,2025-09-26,GR5001833,On Time,0
TX-00662,PO-86735,CA01,PO01,PG5,UB,2025-07-14,100036,S036,Canpar Courier,NX50,Redwater,SL05,MAT-10022,Logistics,Outbound freight,2.72,4254.93,11573.41,CAD,1,1,2025-07-15,2025-07-15,GR5001834,On Time,0
TX-00293,PO-87624,CA01,PO01,PG2,NB,2025-03-15,100006,S006,HD Supply,NX30,Cory,SL02,MAT-10041,Electrical,Cable tray,7.94,13994.59,111117.04,CAD,1,10,2025-03-25,2025-03-25,GR5001835,On Time,0
TX-01221,PO-79045,CA01,PO01,PG5,UB,2024-05-17,100016,S016,Nutrien Logistics,NX60,Rocanville,SL05,MAT-10038,Logistics,Rail freight,9.65,5915.87,57088.15,CAD,0,2,2024-05-19,2024-05-19,GR5001836,On Time,0
TX-00818,PO-15535,CA01,PO01,PG3,NB,2023-10-08,100040,S040,Generic Supplies Inc,NX50,Redwater,SL03,MAT-10037,Agri-Chemicals,Potassium chloride,4.79,7399.66,35444.37,CAD,0,15,2023-10-23,2023-10-23,GR5001837,On Time,0
TX-01558,PO-25931,CA01,PO01,PG2,NB,2025-07-20,100032,S032,Endress+Hauser,NX40,Patience Lake,SL02,MAT-10046,Instrumentation,Pressure transmitter,9.26,12421.93,115027.07,CAD,1,21,2025-08-10,2025-08-10,GR5001838,On Time,0
TX-00380,PO-33081,CA01,PO01,PG1,NB,2025-03-06,100002,S002,Wesco Distribution,NX40,Patience Lake,SL01,MAT-10001,MRO,Valve repair parts,7.74,3784.54,29292.34,CAD,1,5,2025-03-11,2025-03-11,GR5001839,On Time,0
TX-00700,PO-88134,CA01,PO01,PG5,UB,2023-04-14,100016,S016,Nutrien Logistics,NX60,Rocanville,SL05,MAT-10022,Logistics,Outbound freight,3.01,1002.75,3018.28,CAD,0,2,2023-04-16,2023-04-16,GR5001840,On Time,0
TX-01669,PO-14471,CA01,PO01,PG4,NB,2024-02-10,100038,S038,Prairie Packaging,NX50,Redwater,SL04,MAT-10043,Packaging,Stretch film,49.0,107.5,5267.5,CAD,1,5,2024-02-15,2024-02-15,GR5001841,On Time,0
TX-DUP-001,PO-21219,CA01,PO01,PG5,UB,2023-10-05,100017,S017,Canadian Freightways,NX30,Cory,SL05,MAT-10029,Logistics,Expedited shipping,8.91,1996.42,17788.1,CAD,1,3,2023-10-08,2023-10-14,GR5001842,Late,6
TX-01041,PO-50107,CA01,PO01,PG1,NB,2024-02-20,100002,S002,Wesco Distribution,NX10,Allan,SL01,MAT-10035,MRO,Conveyor belt,9.59,1093.01,10481.97,CAD,1,5,2024-02-25,2024-03-02,GR5001843,Late,6
TX-02037,PO-61196,CA01,PO01,PG3,NB,2024-04-04,100028,S028,BioAgra Solutions,NX30,Cory,SL03,MAT-10037,Agri-Chemicals,Potassium chloride,9.54,6191.3,59065.0,CAD,0,10,2024-04-14,2024-04-14,GR5001844,On Time,0
TX-01267,PO-60885,CA01,PO01,PG3,NB,2023-11-21,100009,S009,Chemtrade Logistics,NX60,Rocanville,SL03,MAT-10031,Chemicals,Hydrochloric acid,11.83,10362.89,122592.99,CAD,1,5,2023-11-26,2023-11-26,GR5001845,On Time,0
TX-01718,PO-28904,CA01,PO01,PG3,NB,2024-09-15,100028,S028,BioAgra Solutions,NX40,Patience Lake,SL03,MAT-10037,Agri-Chemicals,Potassium chloride,7.28,5399.48,39308.21,CAD,0,10,2024-09-25,2024-09-25,GR5001846,On Time,0
TX-00681,PO-11480,CA01,PO01,PG4,NB,2024-11-14,100039,S039,Sealed Air Canada,NX20,Vanscoy,SL04,MAT-10013,Packaging,Pallet wrap,18.1,1627.6,29459.56,CAD,1,8,2024-11-22,2024-11-22,GR5001847,On Time,0
TX-01173,PO-65572,CA01,PO01,PG1,NB,2024-08-08,100001,S001,Prairie Industrial Supply,NX70,Aurora,SL01,MAT-10005,MRO,Bearing assembly,11.53,2243.18,25863.87,CAD,1,7,2024-08-15,2024-08-15,GR5001848,On Time,0
TX-00017,PO-30866,CA01,PO01,PG5,UB,2025-04-23,100018,S018,TransWest Shipping,NX50,Redwater,SL05,MAT-10029,Logistics,Expedited shipping,16.24,7935.08,128865.7,CAD,0,4,2025-04-27,2025-04-27,GR5001849,On Time,0
TX-01429,PO-67729,CA01,PO01,PG1,NB,2024-07-20,100005,S005,Motion Industries,NX20,Vanscoy,SL01,MAT-10044,MRO,Pump seal kit,18.04,2503.94,45171.08,CAD,1,6,2024-07-26,2024-07-26,GR5001850,On Time,0
TX-01097,PO-57131,CA01,PO01,PG2,NB,2024-02-17,100034,S034,ABB Canada,NX70,Aurora,SL02,MAT-10046,Instrumentation,Pressure transmitter,6.17,19860.29,122537.99,CAD,1,12,2024-02-29,2024-02-29,GR5001851,On Time,0
TX-02305,PO-22700,CA01,PO01,PG1,NB,2023-01-06,100005,S005,Motion Industries,NX40,Patience Lake,SL01,MAT-10001,MRO,Valve repair parts,17.46,2104.68,36747.71,CAD,1,6,2023-01-12,2023-01-12,GR5001852,On Time,0
TX-01909,PO-54747,CA01,PO01,PG3,NB,2025-03-13,100028,S028,BioAgra Solutions,NX10,Allan,SL03,MAT-10030,Agri-Chemicals,Micronutrient blend,10.2,2751.99,28070.3,CAD,0,10,2025-03-23,2025-03-23,GR5001853,On Time,0
TX-00585,PO-11383,CA01,PO01,PG4,NB,2024-09-22,100024,S024,Northern Safety,NX60,Rocanville,SL04,MAT-10008,Safety,FR coveralls,18.9,118.73,2244.0,CAD,1,2,2024-09-24,2024-09-24,GR5001854,On Time,0
TX-00703,PO-57638,CA01,PO01,PG3,NB,2024-04-03,100030,S030,DuPont Canada,NX10,Allan,SL03,MAT-10017,Agri-Chemicals,Phosphate blend,3.73,7207.33,26883.34,CAD,1,7,2024-04-10,2024-04-10,GR5001855,On Time,0
TX-02264,PO-67603,CA01,PO01,PG2,NB,2024-02-15,100034,S034,ABB Canada,NX70,Aurora,SL02,MAT-10033,Electrical,Transformer,12.53,2517.45,31543.65,CAD,1,12,2024-02-27,2024-02-27,GR5001856,On Time,0
TX-01922,PO-80944,CA01,PO01,PG3,NB,2025-02-26,100027,S027,Western Agri-Chem,NX70,Aurora,SL03,MAT-10042,Agri-Chemicals,Urea 46-0-0,17.16,6105.28,104766.6,CAD,1,8,2025-03-06,2025-03-06,GR5001857,On Time,0
TX-00260,PO-25376,CA01,PO01,PG4,NB,2024-11-12,100025,S025,Direct Safety,NX10,Allan,SL04,MAT-10049,Safety,Safety glasses,15.9,400.07,6361.11,CAD,0,7,2024-11-19,2024-11-21,GR5001858,Late,2
TX-00575,PO-65288,CA01,PO01,PG2,NB,2023-10-24,100034,S034,ABB Canada,NX70,Aurora,SL02,MAT-10009,Instrumentation,Level sensor,17.5,16553.65,289688.88,CAD,1,12,2023-11-05,2023-11-05,GR5001859,On Time,0
TX-01856,PO-72805,CA01,PO01,PG1,NB,2023-05-10,100005,S005,Motion Industries,NX20,Vanscoy,SL01,MAT-10016,MRO,Filter element,19.23,3949.87,75956.0,CAD,1,6,2023-05-16,2023-05-21,GR5001860,Late,5
TX-00428,PO-17441,CA01,PO01,PG2,NB,2024-09-03,100035,S035,Rockwell Automation,NX30,Cory,SL02,MAT-10041,Electrical,Cable tray,4.58,7855.95,35980.25,CAD,1,14,2024-09-17,2024-09-17,GR5001861,On Time,0
TX-00883,PO-99816,CA01,PO01,PG4,NB,2025-02-26,100025,S025,Direct Safety,NX40,Patience Lake,SL04,MAT-10004,Safety,First aid kit,16.2,424.72,6880.46,CAD,0,7,2025-03-05,2025-03-05,GR5001862,On Time,0
TX-02279,PO-77234,CA01,PO01,PG2,NB,2023-06-21,100031,S031,Precision Instruments,NX50,Redwater,SL02,MAT-10052,Instrumentation,Control valve,5.47,19912.9,108923.56,CAD,0,14,2023-07-05,2023-07-05,GR5001863,On Time,0
TX-01653,PO-57237,CA01,PO01,PG1,NB,2025-05-10,100004,S004,Fastenal Canada,NX50,Redwater,SL01,MAT-10026,MRO,Hose assembly,8.61,3865.84,33284.88,CAD,1,4,2025-05-14,2025-05-14,GR5001864,On Time,0
TX-00783,PO-76088,CA01,PO01,PG5,UB,2025-05-05,100037,S037,Purolator,NX20,Vanscoy,SL05,MAT-10040,Logistics,LTL shipment,19.62,800.44,15704.63,CAD,1,1,2025-05-06,2025-05-06,GR5001865,On Time,0
TX-01030,PO-86767,CA01,PO01,PG3,NB,2023-08-24,100009,S009,Chemtrade Logistics,NX20,Vanscoy,SL03,MAT-10003,Chemicals,Sulfuric acid,3.71,5732.57,21267.83,CAD,1,5,2023-08-29,2023-08-29,GR5001866,On Time,0
TX-01592,PO-25857,CA01,PO01,PG4,NB,2025-05-04,100038,S038,Prairie Packaging,NX50,Redwater,SL04,MAT-10045,Packaging,Label stock,47.9,1776.05,85072.79,CAD,1,5,2025-05-09,2025-05-09,GR5001867,On Time,0
TX-01218,PO-75006,CA01,PO01,PG5,UB,2025-06-07,100036,S036,Canpar Courier,NX10,Allan,SL05,MAT-10028,Logistics,Inbound freight,8.0,7266.26,58130.08,CAD,1,1,2025-06-08,2025-06-08,GR5001868,On Time,0
TX-01492,PO-29741,CA01,PO01,PG3,NB,2024-04-21,100040,S040,Generic Supplies Inc,NX70,Aurora,SL03,MAT-10017,Agri-Chemicals,Phosphate blend,2.12,4601.61,9755.41,CAD,0,15,2024-05-06,2024-05-06,GR5001869,On Time,0
TX-00792,PO-24884,CA01,PO01,PG3,NB,2024-02-24,100027,S027,Western Agri-Chem,NX70,Aurora,SL03,MAT-10007,Chemicals,Corrosion inhibitor,3.63,4551.21,16520.89,CAD,1,8,2024-03-03,2024-03-03,GR5001870,On Time,0
TX-00805,PO-49526,CA01,PO01,PG2,NB,2025-02-02,100035,S035,Rockwell Automation,NX10,Allan,SL02,MAT-10019,Electrical,LED fixture,9.52,14636.89,139343.19,CAD,1,14,2025-02-16,2025-02-16,GR5001871,On Time,0
TX-02155,PO-81581,CA01,PO01,PG5,UB,2024-02-01,100016,S016,Nutrien Logistics,NX70,Aurora,SL05,MAT-10039,Logistics,Flatbed transport,5.96,8297.57,49453.52,CAD,0,2,2024-02-03,2024-02-03,GR5001872,On Time,0
TX-02339,PO-53116,CA01,PO01,PG1,NB,2025-03-03,100001,S001,Prairie Industrial Supply,NX40,Patience Lake,SL01,MAT-10016,MRO,Filter element,19.28,3728.82,71891.65,CAD,1,7,2025-03-10,2025-03-10,GR5001873,On Time,0
TX-00968,PO-87101,CA01,PO01,PG5,UB,2025-07-02,100036,S036,Canpar Courier,NX10,Allan,SL05,MAT-10040,Logistics,LTL shipment,2.48,5576.17,13828.9,CAD,1,1,2025-07-03,2025-07-03,GR5001874,On Time,0
TX-01156,PO-89452,CA01,PO01,PG3,NB,2025-10-01,100027,S027,Western Agri-Chem,NX40,Patience Lake,SL03,MAT-10017,Agri-Chemicals,Phosphate blend,14.21,4372.26,62129.81,CAD,1,8,2025-10-09,2025-10-09,GR5001875,On Time,0
TX-00760,PO-50283,CA01,PO01,PG3,NB,2024-05-12,100040,S040,Generic Supplies Inc,NX20,Vanscoy,SL03,MAT-10042,Agri-Chemicals,Urea 46-0-0,14.32,1520.24,21769.84,CAD,0,15,2024-05-27,2024-05-27,GR5001876,On Time,0
TX-00895,PO-25381,CA01,PO01,PG4,NB,2023-07-02,100039,S039,Sealed Air Canada,NX10,Allan,SL04,MAT-10045,Packaging,Label stock,47.9,406.64,19478.06,CAD,1,8,2023-07-10,2023-07-10,GR5001877,On Time,0
TX-02175,PO-99864,CA01,PO01,PG2,NB,2025-01-08,100031,S031,Precision Instruments,NX70,Aurora,SL02,MAT-10009,Instrumentation,Level sensor,15.36,12065.56,185327.0,CAD,0,14,2025-01-22,2025-01-22,GR5001878,On Time,0
TX-00739,PO-78151,CA01,PO01,PG4,NB,2024-05-10,100039,S039,Sealed Air Canada,NX50,Redwater,SL04,MAT-10013,Packaging,Pallet wrap,37.0,1210.35,44782.95,CAD,1,8,2024-05-18,2024-05-18,GR5001879,On Time,0
TX-00409,PO-64997,CA01,PO01,PG2,NB,2023-01-26,100034,S034,ABB Canada,NX50,Redwater,SL02,MAT-10052,Instrumentation,Control valve,15.94,16141.86,257301.25,CAD,1,12,2023-02-07,2023-02-07,GR5001880,On Time,0
TX-00688,PO-84839,CA01,PO01,PG5,UB,2023-03-05,100018,S018,TransWest Shipping,NX50,Redwater,SL05,MAT-10022,Logistics,Outbound freight,7.44,3703.41,27553.37,CAD,0,4,2023-03-09,2023-03-09,GR5001881,On Time,0
TX-01302,PO-74361,CA01,PO01,PG3,NB,2025-01-10,100026,S026,Sask Chemical Corp,NX50,Redwater,SL03,MAT-10015,Chemicals,Sodium hydroxide 50%,18.34,3129.29,57391.18,CAD,1,6,2025-01-16,2025-01-19,GR5001882,Late,3
TX-01903,PO-77763,CA01,PO01,PG5,UB,2023-07-06,100036,S036,Canpar Courier,NX30,Cory,SL05,MAT-10039,Logistics,Flatbed transport,14.14,7814.2,110492.79,CAD,1,1,2023-07-07,2023-07-06,GR5001883,On Time,0
TX-01847,PO-72937,CA01,PO01,PG4,NB,2025-03-11,100039,S039,Sealed Air Canada,NX60,Rocanville,SL04,MAT-10024,Packaging,Poly liner,30.5,397.29,12117.35,CAD,1,8,2025-03-19,2025-03-19,GR5001884,On Time,0
TX-01582,PO-79817,CA01,PO01,PG3,NB,2025-07-09,100028,S028,BioAgra Solutions,NX50,Redwater,SL03,MAT-10042,Agri-Chemicals,Urea 46-0-0,3.98,7797.47,31033.93,CAD,0,10,2025-07-19,2025-07-19,GR5001885,On Time,0
TX-01479,PO-18318,CA01,PO01,PG4,NB,2024-11-13,100038,S038,Prairie Packaging,NX50,Redwater,SL04,MAT-10045,Packaging,Label stock,45.7,1552.34,70941.94,CAD,1,5,2024-11-18,2024-11-18,GR5001886,On Time,0
TX-00550,PO-62354,CA01,PO01,PG1,NB,2023-01-01,100003,S003,Grainger Canada,NX10,Allan,SL01,MAT-10016,MRO,Filter element,19.54,436.45,8528.23,CAD,1,3,2023-01-04,2023-01-04,GR5001887,On Time,0
TX-01634,PO-57474,CA01,PO01,PG2,NB,2024-03-15,100006,S006,HD Supply,NX70,Aurora,SL02,MAT-10036,Electrical,Control panel,4.5,7131.23,32090.53,CAD,1,10,2024-03-25,2024-03-25,GR5001888,On Time,0
TX-01476,PO-45168,CA01,PO01,PG2,NB,2025-06-24,100006,S006,HD Supply,NX60,Rocanville,SL02,MAT-10023,Electrical,Motor starter,9.08,4058.35,36849.82,CAD,1,10,2025-07-04,2025-07-10,GR5001889,Late,6
TX-01833,PO-62502,CA01,PO01,PG2,NB,2023-06-16,100035,S035,Rockwell Automation,NX30,Cory,SL02,MAT-10036,Electrical,Control panel,8.84,11312.59,100003.3,CAD,1,14,2023-06-30,2023-06-30,GR5001890,On Time,0
TX-02275,PO-84509,CA01,PO01,PG4,NB,2025-11-21,100038,S038,Prairie Packaging,NX10,Allan,SL04,MAT-10045,Packaging,Label stock,33.8,1222.63,41324.89,CAD,1,5,2025-11-26,2025-11-26,GR5001891,On Time,0
TX-01202,PO-27102,CA01,PO01,PG4,NB,2024-03-06,100029,S029,3M Canada,NX30,Cory,SL04,MAT-10048,Safety,Hard hat,29.6,53.15,1573.24,CAD,1,5,2024-03-11,2024-03-16,GR5001892,Late,5
TX-00823,PO-56843,CA01,PO01,PG1,NB,2023-04-30,100003,S003,Grainger Canada,NX10,Allan,SL01,MAT-10001,MRO,Valve repair parts,3.78,2101.65,7944.24,CAD,1,3,2023-05-03,2023-05-03,GR5001893,On Time,0
TX-00929,PO-12348,CA01,PO01,PG4,NB,2024-06-15,100024,S024,Northern Safety,NX20,Vanscoy,SL04,MAT-10010,Safety,Hearing protection,43.7,60.41,2639.92,CAD,1,2,2024-06-17,2024-06-17,GR5001894,On Time,0
TX-01631,PO-29893,CA01,PO01,PG3,NB,2025-08-24,100028,S028,BioAgra Solutions,NX20,Vanscoy,SL03,MAT-10037,Agri-Chemicals,Potassium chloride,3.55,6725.13,23874.21,CAD,0,10,2025-09-03,2025-09-03,GR5001895,On Time,0
TX-00678,PO-78118,CA01,PO01,PG2,NB,2024-12-25,100035,S035,Rockwell Automation,NX40,Patience Lake,SL02,MAT-10036,Electrical,Control panel,18.62,9291.49,173007.54,CAD,1,14,2025-01-08,2025-01-08,GR5001896,On Time,0
TX-01915,PO-24605,CA01,PO01,PG3,NB,2025-05-16,100028,S028,BioAgra Solutions,NX70,Aurora,SL03,MAT-10015,Chemicals,Sodium hydroxide 50%,4.89,12072.94,59036.68,CAD,0,10,2025-05-26,2025-05-26,GR5001897,On Time,0
TX-00551,PO-21818,CA01,PO01,PG2,NB,2024-02-15,100006,S006,HD Supply,NX60,Rocanville,SL02,MAT-10023,Electrical,Motor starter,10.84,11106.5,120394.46,CAD,1,10,2024-02-25,2024-02-25,GR5001898,On Time,0
TX-01383,PO-94555,CA01,PO01,PG5,UB,2025-07-25,100016,S016,Nutrien Logistics,NX30,Cory,SL05,MAT-10028,Logistics,Inbound freight,3.28,3833.39,12573.52,CAD,0,2,2025-07-27,2025-07-31,GR5001899,Late,4
TX-01155,PO-96397,CA01,PO01,PG1,NB,2023-04-05,100002,S002,Wesco Distribution,NX30,Cory,SL01,MAT-10016,MRO,Filter element,18.98,2361.52,44821.65,CAD,1,5,2023-04-10,2023-04-10,GR5001900,On Time,0
TX-01925,PO-51184,CA01,PO01,PG3,NB,2025-02-12,100027,S027,Western Agri-Chem,NX50,Redwater,SL03,MAT-10031,Chemicals,Hydrochloric acid,4.2,5324.87,22364.45,CAD,1,8,2025-02-20,2025-02-18,GR5001901,On Time,0
TX-01877,PO-69139,CA01,PO01,PG2,NB,2025-08-19,100034,S034,ABB Canada,NX40,Patience Lake,SL02,MAT-10033,Electrical,Transformer,1.65,4785.24,7895.65,CAD,1,12,2025-08-31,2025-08-31,GR5001902,On Time,0
TX-00800,PO-84350,CA01,PO01,PG2,NB,2025-12-21,100035,S035,Rockwell Automation,NX60,Rocanville,SL02,MAT-10050,Electrical,Junction box,17.0,6789.79,115426.43,CAD,1,14,2026-01-04,2026-01-04,GR5001903,On Time,0
TX-01491,PO-90804,CA01,PO01,PG5,UB,2025-09-30,100017,S017,Canadian Freightways,NX50,Redwater,SL05,MAT-10040,Logistics,LTL shipment,12.27,1129.17,13854.92,CAD,1,3,2025-10-03,2025-10-03,GR5001904,On Time,0
TX-01595,PO-22730,CA01,PO01,PG5,UB,2024-11-26,100018,S018,TransWest Shipping,NX60,Rocanville,SL05,MAT-10029,Logistics,Expedited shipping,3.7,2587.34,9573.16,CAD,0,4,2024-11-30,2024-11-30,GR5001905,On Time,0
TX-00957,PO-92786,CA01,PO01,PG1,NB,2023-03-17,100004,S004,Fastenal Canada,NX50,Redwater,SL01,MAT-10005,MRO,Bearing assembly,13.54,2904.52,39327.2,CAD,1,4,2023-03-21,2023-03-21,GR5001906,On Time,0
TX-01769,PO-28524,CA01,PO01,PG2,NB,2025-04-16,100006,S006,HD Supply,NX40,Patience Lake,SL02,MAT-10036,Electrical,Control panel,8.12,4742.1,38505.85,CAD,1,10,2025-04-26,2025-05-02,GR5001907,Late,6
TX-00758,PO-70079,CA01,PO01,PG2,NB,2023-08-31,100033,S033,Siemens Canada,NX60,Rocanville,SL02,MAT-10019,Electrical,LED fixture,5.02,9876.98,49582.44,CAD,1,10,2023-09-10,2023-09-10,GR5001908,On Time,0
TX-00547,PO-32973,CA01,PO01,PG1,NB,2025-03-31,100040,S040,Generic Supplies Inc,NX60,Rocanville,SL01,MAT-10005,MRO,Bearing assembly,12.67,2675.93,33904.03,CAD,0,15,2025-04-15,2025-04-15,GR5001909,On Time,0
TX-01473,PO-62178,CA01,PO01,PG4,NB,2025-08-09,100038,S038,Prairie Packaging,NX10,Allan,SL04,MAT-10047,Packaging,Corrugated box,47.9,1348.38,64587.4,CAD,1,5,2025-08-14,2025-08-19,GR5001910,Late,5
TX-02288,PO-86149,CA01,PO01,PG1,NB,2024-12-27,100003,S003,Grainger Canada,NX20,Vanscoy,SL01,MAT-10044,MRO,Pump seal kit,5.36,574.72,3080.5,CAD,1,3,2024-12-30,2024-12-30,GR5001911,On Time,0
TX-02069,PO-13926,CA01,PO01,PG3,NB,2024-10-21,100028,S028,BioAgra Solutions,NX50,Redwater,SL03,MAT-10027,Chemicals,Defoamer,9.76,9691.37,94587.77,CAD,0,10,2024-10-31,2024-10-31,GR5001912,On Time,0
TX-00831,PO-26870,CA01,PO01,PG2,NB,2024-09-15,100034,S034,ABB Canada,NX70,Aurora,SL02,MAT-10041,Electrical,Cable tray,1.55,12255.7,18996.34,CAD,1,12,2024-09-27,2024-09-27,GR5001913,On Time,0
TX-01023,PO-80928,CA01,PO01,PG5,UB,2025-06-11,100018,S018,TransWest Shipping,NX40,Patience Lake,SL05,MAT-10039,Logistics,Flatbed transport,10.75,5953.73,64002.6,CAD,0,4,2025-06-15,2025-06-15,GR5001914,On Time,0
TX-01084,PO-84606,CA01,PO01,PG4,NB,2025-10-20,100039,S039,Sealed Air Canada,NX50,Redwater,SL04,MAT-10045,Packaging,Label stock,49.2,275.48,13553.62,CAD,1,8,2025-10-28,2025-10-28,GR5001915,On Time,0
TX-01370,PO-86064,CA01,PO01,PG4,NB,2023-10-15,100038,S038,Prairie Packaging,NX50,Redwater,SL04,MAT-10013,Packaging,Pallet wrap,31.1,660.59,20544.35,CAD,1,5,2023-10-20,2023-10-20,GR5001916,On Time,0
TX-01738,PO-79147,CA01,PO01,PG3,NB,2024-09-18,100040,S040,Generic Supplies Inc,NX60,Rocanville,SL03,MAT-10042,Agri-Chemicals,Urea 46-0-0,10.45,7014.63,73302.88,CAD,0,15,2024-10-03,2024-10-03,GR5001917,On Time,0
TX-DUP-009,PO-92786,CA01,PO01,PG1,NB,2023-03-17,100004,S004,Fastenal Canada,NX50,Redwater,SL01,MAT-10005,MRO,Bearing assembly,13.54,2904.52,39327.2,CAD,1,4,2023-03-21,2023-03-24,GR5001918,Late,3
TX-02013,PO-43853,CA01,PO01,PG4,NB,2023-08-07,100039,S039,Sealed Air Canada,NX20,Vanscoy,SL04,MAT-10013,Packaging,Pallet wrap,3.7,656.39,2428.64,CAD,1,8,2023-08-15,2023-08-15,GR5001919,On Time,0
TX-01447,PO-23237,CA01,PO01,PG3,NB,2023-09-05,100026,S026,Sask Chemical Corp,NX10,Allan,SL03,MAT-10037,Agri-Chemicals,Potassium chloride,8.95,6217.87,55649.94,CAD,1,6,2023-09-11,2023-09-11,GR5001920,On Time,0
TX-00162,PO-22021,CA01,PO01,PG2,NB,2023-11-25,100031,S031,Precision Instruments,NX50,Redwater,SL02,MAT-10018,Instrumentation,Temperature probe,6.18,24831.58,153459.16,CAD,0,14,2023-12-09,2023-12-06,GR5001921,On Time,0
TX-00159,PO-67749,CA01,PO01,PG4,NB,2025-08-18,100025,S025,Direct Safety,NX50,Redwater,SL04,MAT-10010,Safety,Hearing protection,45.3,105.68,4787.3,CAD,0,7,2025-08-25,2025-08-25,GR5001922,On Time,0
TX-00494,PO-72240,CA01,PO01,PG2,NB,2024-08-24,100035,S035,Rockwell Automation,NX30,Cory,SL02,MAT-10019,Electrical,LED fixture,5.15,11339.3,58397.39,CAD,1,14,2024-09-07,2024-09-07,GR5001923,On Time,0
TX-01413,PO-36982,CA01,PO01,PG4,NB,2023-09-08,100039,S039,Sealed Air Canada,NX70,Aurora,SL04,MAT-10045,Packaging,Label stock,33.2,226.65,7524.78,CAD,1,8,2023-09-16,2023-09-16,GR5001924,On Time,0
TX-01657,PO-64950,CA01,PO01,PG4,NB,2024-08-23,100029,S029,3M Canada,NX70,Aurora,SL04,MAT-10049,Safety,Safety glasses,19.2,177.65,3410.88,CAD,1,5,2024-08-28,2024-08-28,GR5001925,On Time,0
TX-00072,PO-80776,CA01,PO01,PG3,NB,2024-09-14,100026,S026,Sask Chemical Corp,NX70,Aurora,SL03,MAT-10007,Chemicals,Corrosion inhibitor,14.29,11357.97,162305.39,CAD,1,6,2024-09-20,2024-09-20,GR5001926,On Time,0
TX-02345,PO-41578,CA01,PO01,PG3,NB,2024-03-21,100040,S040,Generic Supplies Inc,NX40,Patience Lake,SL03,MAT-10017,Agri-Chemicals,Phosphate blend,9.56,6917.06,66127.09,CAD,0,15,2024-04-05,2024-04-05,GR5001927,On Time,0
TX-00415,PO-94614,CA01,PO01,PG5,UB,2025-06-26,100018,S018,TransWest Shipping,NX70,Aurora,SL05,MAT-10039,Logistics,Flatbed transport,15.71,3287.31,51643.64,CAD,0,4,2025-06-30,2025-06-30,GR5001928,On Time,0
TX-00534,PO-99701,CA01,PO01,PG4,NB,2023-08-11,100039,S039,Sealed Air Canada,NX10,Allan,SL04,MAT-10045,Packaging,Label stock,1.8,1083.61,1950.5,CAD,1,8,2023-08-19,2023-08-25,GR5001929,Late,6
TX-00503,PO-47989,CA01,PO01,PG3,NB,2023-04-04,100028,S028,BioAgra Solutions,NX40,Patience Lake,SL03,MAT-10015,Chemicals,Sodium hydroxide 50%,14.32,1846.83,26446.61,CAD,0,10,2023-04-14,2023-04-11,GR5001930,On Time,0
TX-02032,PO-68118,CA01,PO01,PG3,NB,2025-04-21,100009,S009,Chemtrade Logistics,NX30,Cory,SL03,MAT-10027,Chemicals,Defoamer,8.2,6611.3,54212.66,CAD,1,5,2025-04-26,2025-04-26,GR5001931,On Time,0
TX-00484,PO-98542,CA01,PO01,PG4,NB,2025-01-04,100029,S029,3M Canada,NX20,Vanscoy,SL04,MAT-10004,Safety,First aid kit,40.9,58.94,2410.65,CAD,1,5,2025-01-09,2025-01-09,GR5001932,On Time,0
TX-01089,PO-36789,CA01,PO01,PG3,NB,2025-02-06,100007,S007,Brenntag Canada,NX10,Allan,SL03,MAT-10011,Chemicals,Scale inhibitor,10.48,3062.53,32095.31,CAD,1,8,2025-02-14,2025-02-20,GR5001933,Late,6
TX-DUP-024,PO-85230,CA01,PO01,PG2,NB,2025-12-31,100031,S031,Precision Instruments,NX30,Cory,SL02,MAT-10018,Instrumentation,Temperature probe,15.79,13969.13,220572.56,CAD,0,14,2026-01-14,2026-01-14,GR5001934,On Time,0
TX-00118,PO-24896,CA01,PO01,PG2,NB,2024-06-27,100033,S033,Siemens Canada,NX10,Allan,SL02,MAT-10019,Electrical,LED fixture,2.0,11177.43,22354.86,CAD,1,10,2024-07-07,2024-07-07,GR5001935,On Time,0
TX-01366,PO-21219,CA01,PO01,PG5,UB,2023-10-05,100017,S017,Canadian Freightways,NX30,Cory,SL05,MAT-10029,Logistics,Expedited shipping,8.91,1996.42,17788.1,CAD,1,3,2023-10-08,2023-10-08,GR5001936,On Time,0
TX-00749,PO-29510,CA01,PO01,PG3,NB,2024-05-28,100007,S007,Brenntag Canada,NX40,Patience Lake,SL03,MAT-10011,Chemicals,Scale inhibitor,15.77,1010.17,15930.38,CAD,1,8,2024-06-05,2024-06-05,GR5001937,On Time,0
TX-01821,PO-57681,CA01,PO01,PG3,NB,2024-01-31,100026,S026,Sask Chemical Corp,NX60,Rocanville,SL03,MAT-10031,Chemicals,Hydrochloric acid,16.03,3893.56,62413.77,CAD,1,6,2024-02-06,2024-02-06,GR5001938,On Time,0
TX-00383,PO-90495,CA01,PO01,PG1,NB,2024-03-24,100002,S002,Wesco Distribution,NX40,Patience Lake,SL01,MAT-10026,MRO,Hose assembly,1.38,2177.05,3004.33,CAD,1,5,2024-03-29,2024-03-29,GR5001939,On Time,0
TX-00944,PO-49800,CA01,PO01,PG5,UB,2025-10-04,100017,S017,Canadian Freightways,NX10,Allan,SL05,MAT-10040,Logistics,LTL shipment,2.92,3619.88,10570.05,CAD,1,3,2025-10-07,2025-10-07,GR5001940,On Time,0
TX-01940,PO-42534,CA01,PO01,PG2,NB,2024-05-18,100035,S035,Rockwell Automation,NX60,Rocanville,SL02,MAT-10014,Electrical,Conduit kit,9.64,10711.1,103255.0,CAD,1,14,2024-06-01,2024-06-01,GR5001941,On Time,0
TX-00577,PO-86928,CA01,PO01,PG2,NB,2025-06-30,100034,S034,ABB Canada,NX30,Cory,SL02,MAT-10025,Instrumentation,Analyzer calibration,15.84,23561.09,373207.67,CAD,1,12,2025-07-12,2025-07-12,GR5001942,On Time,0
TX-02141,PO-88490,CA01,PO01,PG4,NB,2024-07-07,100029,S029,3M Canada,NX30,Cory,SL04,MAT-10051,Safety,Gloves — cut-resistant,1.8,208.2,374.76,CAD,1,5,2024-07-12,2024-07-12,GR5001943,On Time,0
TX-00275,PO-81176,CA01,PO01,PG1,NB,2025-08-31,100002,S002,Wesco Distribution,NX10,Allan,SL01,MAT-10016,MRO,Filter element,6.15,4162.51,25599.44,CAD,1,5,2025-09-05,2025-09-09,GR5001944,Late,4
TX-01818,PO-74040,CA01,PO01,PG5,UB,2024-04-13,100018,S018,TransWest Shipping,NX50,Redwater,SL05,MAT-10022,Logistics,Outbound freight,14.45,5764.7,83299.91,CAD,0,4,2024-04-17,2024-04-17,GR5001945,On Time,0
TX-00491,PO-74297,CA01,PO01,PG5,UB,2023-04-15,100018,S018,TransWest Shipping,NX40,Patience Lake,SL05,MAT-10029,Logistics,Expedited shipping,15.7,5911.8,92815.26,CAD,0,4,2023-04-19,2023-04-19,GR5001946,On Time,0
TX-01649,PO-87360,CA01,PO01,PG4,NB,2025-06-17,100038,S038,Prairie Packaging,NX60,Rocanville,SL04,MAT-10024,Packaging,Poly liner,20.6,474.81,9781.09,CAD,1,5,2025-06-22,2025-06-22,GR5001947,On Time,0
TX-00694,PO-25182,CA01,PO01,PG5,UB,2023-03-16,100017,S017,Canadian Freightways,NX70,Aurora,SL05,MAT-10039,Logistics,Flatbed transport,9.73,5852.58,56945.6,CAD,1,3,2023-03-19,2023-03-19,GR5001948,On Time,0
TX-01147,PO-92881,CA01,PO01,PG4,NB,2025-08-07,100038,S038,Prairie Packaging,NX50,Redwater,SL04,MAT-10047,Packaging,Corrugated box,43.4,1328.6,57661.24,CAD,1,5,2025-08-12,2025-08-12,GR5001949,On Time,0
TX-00412,PO-15083,CA01,PO01,PG3,NB,2024-07-18,100026,S026,Sask Chemical Corp,NX10,Allan,SL03,MAT-10037,Agri-Chemicals,Potassium chloride,8.66,5098.66,44154.4,CAD,1,6,2024-07-24,2024-07-24,GR5001950,On Time,0
TX-00452,PO-24474,CA01,PO01,PG3,NB,2025-09-11,100027,S027,Western Agri-Chem,NX70,Aurora,SL03,MAT-10042,Agri-Chemicals,Urea 46-0-0,7.28,420.81,3063.5,CAD,1,8,2025-09-19,2025-09-19,GR5001951,On Time,0
TX-02145,PO-36563,CA01,PO01,PG1,NB,2025-12-28,100004,S004,Fastenal Canada,NX40,Patience Lake,SL01,MAT-10035,MRO,Conveyor belt,5.99,4367.82,26163.24,CAD,1,4,2026-01-01,2026-01-01,GR5001952,On Time,0
TX-00779,PO-32439,CA01,PO01,PG5,UB,2023-05-03,100016,S016,Nutrien Logistics,NX70,Aurora,SL05,MAT-10040,Logistics,LTL shipment,6.33,1483.44,9390.18,CAD,0,2,2023-05-05,2023-05-05,GR5001953,On Time,0
TX-01399,PO-47997,CA01,PO01,PG2,NB,2025-10-18,100031,S031,Precision Instruments,NX20,Vanscoy,SL02,MAT-10002,Instrumentation,Flow meter,5.38,17247.99,92794.19,CAD,0,14,2025-11-01,2025-11-01,GR5001954,On Time,0
TX-01170,PO-47594,CA01,PO01,PG4,NB,2025-06-17,100039,S039,Sealed Air Canada,NX10,Allan,SL04,MAT-10045,Packaging,Label stock,49.3,1613.06,79523.86,CAD,1,8,2025-06-25,2025-06-25,GR5001955,On Time,0
TX-01231,PO-44786,CA01,PO01,PG2,NB,2023-08-01,100033,S033,Siemens Canada,NX30,Cory,SL02,MAT-10009,Instrumentation,Level sensor,6.15,13232.39,81379.2,CAD,1,10,2023-08-11,2023-08-13,GR5001956,Late,2
TX-01348,PO-32377,CA01,PO01,PG3,NB,2023-02-12,100030,S030,DuPont Canada,NX30,Cory,SL03,MAT-10042,Agri-Chemicals,Urea 46-0-0,4.37,2405.12,10510.37,CAD,1,7,2023-02-19,2023-02-19,GR5001957,On Time,0
TX-00174,PO-14847,CA01,PO01,PG3,NB,2024-01-09,100030,S030,DuPont Canada,NX70,Aurora,SL03,MAT-10037,Agri-Chemicals,Potassium chloride,16.42,879.56,14442.38,CAD,1,7,2024-01-16,2024-01-16,GR5001958,On Time,0
TX-01457,PO-44003,CA01,PO01,PG3,NB,2025-09-23,100009,S009,Chemtrade Logistics,NX30,Cory,SL03,MAT-10027,Chemicals,Defoamer,9.34,10715.91,100086.6,CAD,1,5,2025-09-28,2025-09-28,GR5001959,On Time,0
TX-01681,PO-10046,CA01,PO01,PG4,NB,2025-08-16,100039,S039,Sealed Air Canada,NX60,Rocanville,SL04,MAT-10047,Packaging,Corrugated box,16.8,1465.37,24618.22,CAD,1,8,2025-08-24,2025-08-24,GR5001960,On Time,0
TX-01859,PO-58924,CA01,PO01,PG2,NB,2025-01-22,100033,S033,Siemens Canada,NX20,Vanscoy,SL02,MAT-10002,Instrumentation,Flow meter,9.67,12603.17,121872.65,CAD,1,10,2025-02-01,2025-02-01,GR5001961,On Time,0
TX-00638,PO-28526,CA01,PO01,PG4,NB,2025-12-07,100024,S024,Northern Safety,NX40,Patience Lake,SL04,MAT-10010,Safety,Hearing protection,37.8,228.54,8638.81,CAD,1,2,2025-12-09,2025-12-09,GR5001962,On Time,0
TX-01484,PO-64444,CA01,PO01,PG4,NB,2024-07-06,100039,S039,Sealed Air Canada,NX10,Allan,SL04,MAT-10045,Packaging,Label stock,43.2,226.93,9803.38,CAD,1,8,2024-07-14,2024-07-14,GR5001963,On Time,0
TX-00492,PO-18936,CA01,PO01,PG2,NB,2024-10-12,100033,S033,Siemens Canada,NX50,Redwater,SL02,MAT-10019,Electrical,LED fixture,10.98,14363.42,157710.35,CAD,1,10,2024-10-22,2024-10-22,GR5001964,On Time,0
TX-01310,PO-50840,CA01,PO01,PG5,UB,2024-07-29,100017,S017,Canadian Freightways,NX70,Aurora,SL05,MAT-10039,Logistics,Flatbed transport,19.28,1271.71,24518.57,CAD,1,3,2024-08-01,2024-08-01,GR5001965,On Time,0
TX-00303,PO-94930,CA01,PO01,PG3,NB,2024-09-06,100028,S028,BioAgra Solutions,NX20,Vanscoy,SL03,MAT-10017,Agri-Chemicals,Phosphate blend,1.85,6275.25,11609.21,CAD,0,10,2024-09-16,2024-09-16,GR5001966,On Time,0
TX-00835,PO-29078,CA01,PO01,PG3,NB,2024-02-14,100027,S027,Western Agri-Chem,NX10,Allan,SL03,MAT-10015,Chemicals,Sodium hydroxide 50%,4.51,4737.18,21364.68,CAD,1,8,2024-02-22,2024-02-22,GR5001967,On Time,0
TX-01906,PO-28255,CA01,PO01,PG4,NB,2025-05-18,100039,S039,Sealed Air Canada,NX30,Cory,SL04,MAT-10045,Packaging,Label stock,33.8,441.64,14927.43,CAD,1,8,2025-05-26,2025-05-25,GR5001968,On Time,0
TX-01276,PO-55780,CA01,PO01,PG1,NB,2024-12-01,100001,S001,Prairie Industrial Supply,NX60,Rocanville,SL01,MAT-10035,MRO,Conveyor belt,19.3,1371.23,26464.74,CAD,1,7,2024-12-08,2024-12-08,GR5001969,On Time,0
TX-02359,PO-51470,CA01,PO01,PG2,NB,2023-10-11,100034,S034,ABB Canada,NX50,Redwater,SL02,MAT-10052,Instrumentation,Control valve,4.7,8769.26,41215.52,CAD,1,12,2023-10-23,2023-10-23,GR5001970,On Time,0
TX-00201,PO-22689,CA01,PO01,PG3,NB,2025-08-13,100009,S009,Chemtrade Logistics,NX10,Allan,SL03,MAT-10031,Chemicals,Hydrochloric acid,3.33,5835.48,19432.15,CAD,1,5,2025-08-18,2025-08-18,GR5001971,On Time,0
TX-01266,PO-30258,CA01,PO01,PG1,NB,2023-04-27,100005,S005,Motion Industries,NX70,Aurora,SL01,MAT-10005,MRO,Bearing assembly,15.08,1139.43,17182.6,CAD,1,6,2023-05-03,2023-04-30,GR5001972,On Time,0
TX-01408,PO-82029,CA01,PO01,PG3,NB,2025-02-11,100026,S026,Sask Chemical Corp,NX60,Rocanville,SL03,MAT-10037,Agri-Chemicals,Potassium chloride,14.21,3665.86,52091.87,CAD,1,6,2025-02-17,2025-02-17,GR5001973,On Time,0
TX-01947,PO-58702,CA01,PO01,PG1,NB,2024-06-01,100002,S002,Wesco Distribution,NX60,Rocanville,SL01,MAT-10006,MRO,Gear oil,10.25,2125.25,21783.81,CAD,1,5,2024-06-06,2024-06-06,GR5001974,On Time,0
TX-01217,PO-61834,CA01,PO01,PG4,NB,2024-10-26,100025,S025,Direct Safety,NX10,Allan,SL04,MAT-10004,Safety,First aid kit,14.2,273.94,3889.95,CAD,0,7,2024-11-02,2024-11-02,GR5001975,On Time,0
TX-01944,PO-64055,CA01,PO01,PG5,UB,2023-05-31,100016,S016,Nutrien Logistics,NX10,Allan,SL05,MAT-10039,Logistics,Flatbed transport,12.4,3584.79,44451.4,CAD,0,2,2023-06-02,2023-06-02,GR5001976,On Time,0
TX-01010,PO-61361,CA01,PO01,PG1,NB,2023-04-07,100040,S040,Generic Supplies Inc,NX10,Allan,SL01,MAT-10005,MRO,Bearing assembly,6.28,2133.13,13396.06,CAD,0,15,2023-04-22,2023-04-22,GR5001977,On Time,0
TX-01506,PO-44463,CA01,PO01,PG4,NB,2023-11-09,100024,S024,Northern Safety,NX40,Patience Lake,SL04,MAT-10049,Safety,Safety glasses,6.0,102.25,613.5,CAD,1,2,2023-11-11,2023-11-11,GR5001978,On Time,0
TX-02326,PO-73071,CA01,PO01,PG4,NB,2023-01-31,100038,S038,Prairie Packaging,NX20,Vanscoy,SL04,MAT-10024,Packaging,Poly liner,6.3,1210.52,7626.28,CAD,1,5,2023-02-05,2023-02-05,GR5001979,On Time,0
TX-00081,PO-82384,CA01,PO01,PG3,NB,2024-05-05,100007,S007,Brenntag Canada,NX70,Aurora,SL03,MAT-10015,Chemicals,Sodium hydroxide 50%,14.49,4280.4,62023.0,CAD,1,8,2024-05-13,2024-05-13,GR5001980,On Time,0
TX-02332,PO-43189,CA01,PO01,PG5,UB,2023-09-10,100018,S018,TransWest Shipping,NX10,Allan,SL05,MAT-10029,Logistics,Expedited shipping,13.76,6260.16,86139.8,CAD,0,4,2023-09-14,2023-09-14,GR5001981,On Time,0
TX-01816,PO-40597,CA01,PO01,PG3,NB,2025-07-04,100026,S026,Sask Chemical Corp,NX20,Vanscoy,SL03,MAT-10017,Agri-Chemicals,Phosphate blend,8.03,2270.43,18231.55,CAD,1,6,2025-07-10,2025-07-10,GR5001982,On Time,0
TX-01304,PO-96463,CA01,PO01,PG2,NB,2023-11-26,100006,S006,HD Supply,NX50,Redwater,SL02,MAT-10041,Electrical,Cable tray,4.42,350.08,1547.35,CAD,1,10,2023-12-06,2023-12-06,GR5001983,On Time,0
TX-01052,PO-37470,CA01,PO01,PG3,NB,2023-06-25,100030,S030,DuPont Canada,NX30,Cory,SL03,MAT-10037,Agri-Chemicals,Potassium chloride,6.95,1827.63,12702.03,CAD,1,7,2023-07-02,2023-07-03,GR5001984,Late,1
TX-01742,PO-19563,CA01,PO01,PG1,NB,2025-07-25,100002,S002,Wesco Distribution,NX20,Vanscoy,SL01,MAT-10026,MRO,Hose assembly,19.05,4020.98,76599.67,CAD,1,5,2025-07-30,2025-07-31,GR5001985,Late,1
TX-01055,PO-30144,CA01,PO01,PG2,NB,2023-02-17,100033,S033,Siemens Canada,NX40,Patience Lake,SL02,MAT-10002,Instrumentation,Flow meter,11.78,2256.91,26586.4,CAD,1,10,2023-02-27,2023-02-27,GR5001986,On Time,0
TX-01391,PO-18116,CA01,PO01,PG3,NB,2025-02-25,100008,S008,Univar Solutions,NX70,Aurora,SL03,MAT-10015,Chemicals,Sodium hydroxide 50%,15.36,5504.63,84551.12,CAD,1,9,2025-03-06,2025-03-12,GR5001987,Late,6
TX-02233,PO-62142,CA01,PO01,PG4,NB,2025-10-20,100029,S029,3M Canada,NX40,Patience Lake,SL04,MAT-10049,Safety,Safety glasses,5.6,387.62,2170.67,CAD,1,5,2025-10-25,2025-10-29,GR5001988,Late,4
TX-00310,PO-28528,CA01,PO01,PG2,NB,2023-10-02,100031,S031,Precision Instruments,NX70,Aurora,SL02,MAT-10009,Instrumentation,Level sensor,6.95,7733.15,53745.39,CAD,0,14,2023-10-16,2023-10-16,GR5001989,On Time,0
TX-02361,PO-19769,CA01,PO01,PG5,UB,2024-07-25,100016,S016,Nutrien Logistics,NX30,Cory,SL05,MAT-10040,Logistics,LTL shipment,18.93,8570.02,162230.48,CAD,0,2,2024-07-27,2024-08-02,GR5001990,Late,6
TX-00546,PO-20490,CA01,PO01,PG5,UB,2025-06-10,100036,S036,Canpar Courier,NX40,Patience Lake,SL05,MAT-10029,Logistics,Expedited shipping,2.67,2473.19,6603.42,CAD,1,1,2025-06-11,2025-06-16,GR5001991,Late,5
TX-00657,PO-59856,CA01,PO01,PG3,NB,2025-07-26,100028,S028,BioAgra Solutions,NX50,Redwater,SL03,MAT-10030,Agri-Chemicals,Micronutrient blend,17.86,4139.66,73934.33,CAD,0,10,2025-08-05,2025-08-05,GR5001992,On Time,0
TX-01425,PO-84852,CA01,PO01,PG5,UB,2024-07-15,100016,S016,Nutrien Logistics,NX30,Cory,SL05,MAT-10029,Logistics,Expedited shipping,2.63,2654.67,6981.78,CAD,0,2,2024-07-17,2024-07-17,GR5001993,On Time,0
TX-02150,PO-44681,CA01,PO01,PG4,NB,2023-06-02,100024,S024,Northern Safety,NX60,Rocanville,SL04,MAT-10008,Safety,FR coveralls,44.7,227.17,10154.5,CAD,1,2,2023-06-04,2023-06-07,GR5001994,Late,3
TX-01341,PO-77976,CA01,PO01,PG2,NB,2023-12-28,100032,S032,Endress+Hauser,NX60,Rocanville,SL02,MAT-10018,Instrumentation,Temperature probe,12.29,13944.72,171380.61,CAD,1,21,2024-01-18,2024-01-18,GR5001995,On Time,0
TX-02190,PO-29619,CA01,PO01,PG4,NB,2024-10-11,100025,S025,Direct Safety,NX60,Rocanville,SL04,MAT-10004,Safety,First aid kit,3.2,422.65,1352.48,CAD,0,7,2024-10-18,2024-10-18,GR5001996,On Time,0
TX-00704,PO-73898,CA01,PO01,PG4,NB,2024-11-07,100038,S038,Prairie Packaging,NX70,Aurora,SL04,MAT-10024,Packaging,Poly liner,39.7,1774.22,70436.53,CAD,1,5,2024-11-12,2024-11-12,GR5001997,On Time,0
TX-01514,PO-55349,CA01,PO01,PG4,NB,2023-02-21,100039,S039,Sealed Air Canada,NX10,Allan,SL04,MAT-10043,Packaging,Stretch film,43.4,1722.31,74748.25,CAD,1,8,2023-03-01,2023-03-01,GR5001998,On Time,0
TX-01698,PO-57000,CA01,PO01,PG3,NB,2023-02-28,100009,S009,Chemtrade Logistics,NX60,Rocanville,SL03,MAT-10027,Chemicals,Defoamer,14.85,10313.62,153157.26,CAD,1,5,2023-03-05,2023-03-05,GR5001999,On Time,0
TX-01884,PO-83763,CA01,PO01,PG3,NB,2023-12-03,100026,S026,Sask Chemical Corp,NX20,Vanscoy,SL03,MAT-10030,Agri-Chemicals,Micronutrient blend,3.64,6026.71,21937.22,CAD,1,6,2023-12-09,2023-12-12,GR5002000,Late,3
TX-00282,PO-61068,CA01,PO01,PG3,NB,2025-02-17,100009,S009,Chemtrade Logistics,NX10,Allan,SL03,MAT-10003,Chemicals,Sulfuric acid,14.52,7899.69,114703.5,CAD,1,5,2025-02-22,2025-02-22,GR5002001,On Time,0
TX-01363,PO-38686,CA01,PO01,PG2,NB,2024-02-07,100032,S032,Endress+Hauser,NX70,Aurora,SL02,MAT-10009,Instrumentation,Level sensor,9.21,23079.11,212558.6,CAD,1,21,2024-02-28,2024-02-28,GR5002002,On Time,0
TX-00842,PO-48088,CA01,PO01,PG3,NB,2024-09-30,100040,S040,Generic Supplies Inc,NX70,Aurora,SL03,MAT-10037,Agri-Chemicals,Potassium chloride,14.05,7443.07,104575.13,CAD,0,15,2024-10-15,2024-10-15,GR5002003,On Time,0
TX-01610,PO-72558,CA01,PO01,PG5,UB,2023-05-05,100037,S037,Purolator,NX30,Cory,SL05,MAT-10039,Logistics,Flatbed transport,4.95,2329.55,11531.27,CAD,1,1,2023-05-06,2023-05-06,GR5002004,On Time,0
TX-00444,PO-62873,CA01,PO01,PG2,NB,2024-01-21,100006,S006,HD Supply,NX30,Cory,SL02,MAT-10033,Electrical,Transformer,4.13,13622.03,56258.98,CAD,1,10,2024-01-31,2024-02-03,GR5002005,Late,3
TX-00524,PO-77720,CA01,PO01,PG5,UB,2025-02-14,100036,S036,Canpar Courier,NX70,Aurora,SL05,MAT-10028,Logistics,Inbound freight,7.94,5400.02,42876.16,CAD,1,1,2025-02-15,2025-02-15,GR5002006,On Time,0
TX-00301,PO-50880,CA01,PO01,PG2,NB,2023-08-26,100034,S034,ABB Canada,NX20,Vanscoy,SL02,MAT-10009,Instrumentation,Level sensor,16.8,18658.54,313463.47,CAD,1,12,2023-09-07,2023-09-07,GR5002007,On Time,0
TX-01984,PO-65358,CA01,PO01,PG4,NB,2023-09-30,100039,S039,Sealed Air Canada,NX60,Rocanville,SL04,MAT-10043,Packaging,Stretch film,41.0,1510.94,61948.54,CAD,1,8,2023-10-08,2023-10-08,GR5002008,On Time,0
TX-00606,PO-46087,CA01,PO01,PG3,NB,2024-01-18,100027,S027,Western Agri-Chem,NX40,Patience Lake,SL03,MAT-10037,Agri-Chemicals,Potassium chloride,11.33,2859.97,32403.46,CAD,1,8,2024-01-26,2024-01-26,GR5002009,On Time,0
TX-00182,PO-57467,CA01,PO01,PG5,UB,2025-06-16,100016,S016,Nutrien Logistics,NX10,Allan,SL05,MAT-10029,Logistics,Expedited shipping,1.66,1139.32,1891.27,CAD,0,2,2025-06-18,2025-06-18,GR5002010,On Time,0
TX-02337,PO-80634,CA01,PO01,PG2,NB,2023-12-14,100032,S032,Endress+Hauser,NX60,Rocanville,SL02,MAT-10052,Instrumentation,Control valve,1.58,21888.83,34584.35,CAD,1,21,2024-01-04,2024-01-04,GR5002011,On Time,0
TX-01709,PO-64332,CA01,PO01,PG1,NB,2023-02-12,100003,S003,Grainger Canada,NX10,Allan,SL01,MAT-10006,MRO,Gear oil,17.29,2200.57,38047.86,CAD,1,3,2023-02-15,2023-02-15,GR5002012,On Time,0
TX-01807,PO-28275,CA01,PO01,PG3,NB,2023-10-18,100030,S030,DuPont Canada,NX10,Allan,SL03,MAT-10042,Agri-Chemicals,Urea 46-0-0,15.02,3330.29,50020.96,CAD,1,7,2023-10-25,2023-10-25,GR5002013,On Time,0
TX-00889,PO-36224,CA01,PO01,PG1,NB,2024-01-12,100040,S040,Generic Supplies Inc,NX70,Aurora,SL01,MAT-10012,MRO,Coupling set,12.97,3889.65,50448.76,CAD,0,15,2024-01-27,2024-01-27,GR5002014,On Time,0
TX-02179,PO-23513,CA01,PO01,PG2,NB,2024-03-31,100034,S034,ABB Canada,NX50,Redwater,SL02,MAT-10052,Instrumentation,Control valve,17.46,6072.34,106023.06,CAD,1,12,2024-04-12,2024-04-12,GR5002015,On Time,0
TX-00790,PO-16758,CA01,PO01,PG3,NB,2023-04-23,100027,S027,Western Agri-Chem,NX30,Cory,SL03,MAT-10027,Chemicals,Defoamer,10.78,10992.05,118494.3,CAD,1,8,2023-05-01,2023-05-01,GR5002016,On Time,0
TX-00346,PO-42044,CA01,PO01,PG3,NB,2025-06-14,100009,S009,Chemtrade Logistics,NX70,Aurora,SL03,MAT-10015,Chemicals,Sodium hydroxide 50%,14.87,10280.44,152870.14,CAD,1,5,2025-06-19,2025-06-19,GR5002017,On Time,0
TX-01734,PO-96462,CA01,PO01,PG4,NB,2025-01-03,100025,S025,Direct Safety,NX20,Vanscoy,SL04,MAT-10004,Safety,First aid kit,3.9,437.98,1708.12,CAD,0,7,2025-01-10,2025-01-10,GR5002018,On Time,0
TX-00266,PO-94123,CA01,PO01,PG5,UB,2023-10-14,100018,S018,TransWest Shipping,NX10,Allan,SL05,MAT-10039,Logistics,Flatbed transport,14.69,4762.51,69961.27,CAD,0,4,2023-10-18,2023-10-16,GR5002019,On Time,0
TX-00389,PO-93839,CA01,PO01,PG1,NB,2024-10-13,100002,S002,Wesco Distribution,NX40,Patience Lake,SL01,MAT-10035,MRO,Conveyor belt,18.5,4355.52,80577.12,CAD,1,5,2024-10-18,2024-10-18,GR5002020,On Time,0
TX-00930,PO-96208,CA01,PO01,PG1,NB,2023-01-28,100004,S004,Fastenal Canada,NX20,Vanscoy,SL01,MAT-10012,MRO,Coupling set,4.26,2173.18,9257.75,CAD,1,4,2023-02-01,2023-02-01,GR5002021,On Time,0
TX-00343,PO-65518,CA01,PO01,PG1,NB,2025-03-26,100001,S001,Prairie Industrial Supply,NX50,Redwater,SL01,MAT-10012,MRO,Coupling set,10.63,2847.14,30265.1,CAD,1,7,2025-04-02,2025-03-31,GR5002022,On Time,0
TX-00772,PO-66973,CA01,PO01,PG5,UB,2023-03-30,100017,S017,Canadian Freightways,NX70,Aurora,SL05,MAT-10022,Logistics,Outbound freight,2.03,3231.45,6559.84,CAD,1,3,2023-04-02,2023-04-02,GR5002023,On Time,0
TX-02036,PO-86871,CA01,PO01,PG2,NB,2023-01-29,100032,S032,Endress+Hauser,NX60,Rocanville,SL02,MAT-10046,Instrumentation,Pressure transmitter,9.99,19421.88,194024.58,CAD,1,21,2023-02-19,2023-02-19,GR5002024,On Time,0
TX-01326,PO-80458,CA01,PO01,PG4,NB,2024-01-27,100024,S024,Northern Safety,NX20,Vanscoy,SL04,MAT-10004,Safety,First aid kit,36.5,328.67,11996.45,CAD,1,2,2024-01-29,2024-01-29,GR5002025,On Time,0
TX-00620,PO-14543,CA01,PO01,PG4,NB,2024-06-04,100025,S025,Direct Safety,NX50,Redwater,SL04,MAT-10048,Safety,Hard hat,18.6,220.16,4094.98,CAD,0,7,2024-06-11,2024-06-11,GR5002026,On Time,0
TX-02205,PO-81219,CA01,PO01,PG2,NB,2023-05-23,100035,S035,Rockwell Automation,NX10,Allan,SL02,MAT-10041,Electrical,Cable tray,10.99,12119.69,133195.39,CAD,1,14,2023-06-06,2023-06-06,GR5002027,On Time,0
TX-00705,PO-46996,CA01,PO01,PG1,NB,2023-08-20,100001,S001,Prairie Industrial Supply,NX60,Rocanville,SL01,MAT-10001,MRO,Valve repair parts,7.68,2102.53,16147.43,CAD,1,7,2023-08-27,2023-08-27,GR5002028,On Time,0
TX-00854,PO-31514,CA01,PO01,PG3,NB,2023-12-29,100026,S026,Sask Chemical Corp,NX20,Vanscoy,SL03,MAT-10017,Agri-Chemicals,Phosphate blend,11.58,6938.74,80350.61,CAD,1,6,2024-01-04,2024-01-04,GR5002029,On Time,0
TX-01163,PO-18645,CA01,PO01,PG4,NB,2023-09-13,100024,S024,Northern Safety,NX30,Cory,SL04,MAT-10051,Safety,Gloves — cut-resistant,27.0,279.91,7557.57,CAD,1,2,2023-09-15,2023-09-15,GR5002030,On Time,0
TX-00461,PO-11620,CA01,PO01,PG3,NB,2025-04-22,100030,S030,DuPont Canada,NX20,Vanscoy,SL03,MAT-10017,Agri-Chemicals,Phosphate blend,9.37,881.35,8258.25,CAD,1,7,2025-04-29,2025-04-29,GR5002031,On Time,0
TX-01469,PO-92709,CA01,PO01,PG4,NB,2023-03-21,100029,S029,3M Canada,NX10,Allan,SL04,MAT-10051,Safety,Gloves — cut-resistant,21.5,119.97,2579.36,CAD,1,5,2023-03-26,2023-03-26,GR5002032,On Time,0
TX-02203,PO-48360,CA01,PO01,PG3,NB,2024-03-30,100027,S027,Western Agri-Chem,NX60,Rocanville,SL03,MAT-10037,Agri-Chemicals,Potassium chloride,9.04,7231.4,65371.86,CAD,1,8,2024-04-07,2024-04-07,GR5002033,On Time,0
TX-01578,PO-38613,CA01,PO01,PG4,NB,2023-09-27,100025,S025,Direct Safety,NX40,Patience Lake,SL04,MAT-10051,Safety,Gloves — cut-resistant,19.5,414.28,8078.46,CAD,0,7,2023-10-04,2023-10-04,GR5002034,On Time,0
TX-01239,PO-48626,CA01,PO01,PG3,NB,2023-05-03,100027,S027,Western Agri-Chem,NX20,Vanscoy,SL03,MAT-10032,Agri-Chemicals,Anhydrous ammonia,18.32,3142.52,57570.97,CAD,1,8,2023-05-11,2023-05-11,GR5002035,On Time,0
TX-00628,PO-52838,CA01,PO01,PG4,NB,2025-12-09,100038,S038,Prairie Packaging,NX30,Cory,SL04,MAT-10013,Packaging,Pallet wrap,3.0,1116.67,3350.01,CAD,1,5,2025-12-14,2025-12-14,GR5002036,On Time,0
TX-01403,PO-40882,CA01,PO01,PG4,NB,2024-11-06,100029,S029,3M Canada,NX50,Redwater,SL04,MAT-10048,Safety,Hard hat,46.3,272.07,12596.84,CAD,1,5,2024-11-11,2024-11-11,GR5002037,On Time,0
TX-00403,PO-21233,CA01,PO01,PG3,NB,2024-07-04,100028,S028,BioAgra Solutions,NX10,Allan,SL03,MAT-10042,Agri-Chemicals,Urea 46-0-0,11.72,1747.98,20486.33,CAD,0,10,2024-07-14,2024-07-14,GR5002038,On Time,0
TX-02007,PO-18768,CA01,PO01,PG4,NB,2024-01-25,100038,S038,Prairie Packaging,NX10,Allan,SL04,MAT-10045,Packaging,Label stock,31.4,1008.17,31656.54,CAD,1,5,2024-01-30,2024-01-30,GR5002039,On Time,0
TX-00802,PO-47387,CA01,PO01,PG2,NB,2023-12-07,100035,S035,Rockwell Automation,NX60,Rocanville,SL02,MAT-10019,Electrical,LED fixture,12.75,2579.69,32891.05,CAD,1,14,2023-12-21,2023-12-25,GR5002040,Late,4
TX-00884,PO-43493,CA01,PO01,PG3,NB,2024-04-29,100027,S027,Western Agri-Chem,NX50,Redwater,SL03,MAT-10011,Chemicals,Scale inhibitor,17.3,5150.88,89110.22,CAD,1,8,2024-05-07,2024-05-07,GR5002041,On Time,0
TX-01977,PO-71952,CA01,PO01,PG4,NB,2023-03-07,100029,S029,3M Canada,NX30,Cory,SL04,MAT-10049,Safety,Safety glasses,20.3,148.69,3018.41,CAD,1,5,2023-03-12,2023-03-12,GR5002042,On Time,0
TX-00904,PO-51591,CA01,PO01,PG5,UB,2025-10-28,100018,S018,TransWest Shipping,NX10,Allan,SL05,MAT-10028,Logistics,Inbound freight,10.36,3387.07,35090.05,CAD,0,4,2025-11-01,2025-11-01,GR5002043,On Time,0
TX-00075,PO-86720,CA01,PO01,PG1,NB,2025-11-28,100002,S002,Wesco Distribution,NX60,Rocanville,SL01,MAT-10001,MRO,Valve repair parts,13.38,4126.52,55212.84,CAD,1,5,2025-12-03,2025-12-03,GR5002044,On Time,0
TX-02310,PO-72620,CA01,PO01,PG1,NB,2023-10-04,100001,S001,Prairie Industrial Supply,NX20,Vanscoy,SL01,MAT-10005,MRO,Bearing assembly,14.73,3073.88,45278.25,CAD,1,7,2023-10-11,2023-10-11,GR5002045,On Time,0
TX-00616,PO-23829,CA01,PO01,PG4,NB,2024-01-02,100029,S029,3M Canada,NX70,Aurora,SL04,MAT-10020,Safety,Safety harness,28.4,232.09,6591.36,CAD,1,5,2024-01-07,2024-01-07,GR5002046,On Time,0
TX-02291,PO-93840,CA01,PO01,PG4,NB,2023-04-03,100038,S038,Prairie Packaging,NX30,Cory,SL04,MAT-10043,Packaging,Stretch film,44.4,1858.36,82511.18,CAD,1,5,2023-04-08,2023-04-08,GR5002047,On Time,0
TX-01176,PO-32089,CA01,PO01,PG2,NB,2025-12-17,100034,S034,ABB Canada,NX70,Aurora,SL02,MAT-10036,Electrical,Control panel,14.0,826.87,11576.18,CAD,1,12,2025-12-29,2025-12-29,GR5002048,On Time,0
TX-01242,PO-57873,CA01,PO01,PG3,NB,2023-06-01,100028,S028,BioAgra Solutions,NX40,Patience Lake,SL03,MAT-10031,Chemicals,Hydrochloric acid,10.06,8130.64,81794.24,CAD,0,10,2023-06-11,2023-06-11,GR5002049,On Time,0
TX-00248,PO-70375,CA01,PO01,PG1,NB,2025-05-18,100003,S003,Grainger Canada,NX60,Rocanville,SL01,MAT-10035,MRO,Conveyor belt,11.11,3713.95,41261.98,CAD,1,3,2025-05-21,2025-05-21,GR5002050,On Time,0
TX-01482,PO-15542,CA01,PO01,PG1,NB,2025-12-14,100001,S001,Prairie Industrial Supply,NX50,Redwater,SL01,MAT-10006,MRO,Gear oil,2.95,1820.82,5371.42,CAD,1,7,2025-12-21,2025-12-21,GR5002051,On Time,0
TX-01483,PO-26206,CA01,PO01,PG5,UB,2023-02-19,100018,S018,TransWest Shipping,NX30,Cory,SL05,MAT-10029,Logistics,Expedited shipping,5.37,6905.48,37082.43,CAD,0,4,2023-02-23,2023-02-23,GR5002052,On Time,0
TX-01613,PO-94230,CA01,PO01,PG3,NB,2023-01-20,100028,S028,BioAgra Solutions,NX40,Patience Lake,SL03,MAT-10037,Agri-Chemicals,Potassium chloride,12.05,7554.45,91031.12,CAD,0,10,2023-01-30,2023-01-30,GR5002053,On Time,0
TX-00345,PO-99267,CA01,PO01,PG5,UB,2025-03-11,100037,S037,Purolator,NX30,Cory,SL05,MAT-10038,Logistics,Rail freight,12.14,6224.18,75561.55,CAD,1,1,2025-03-12,2025-03-12,GR5002054,On Time,0
TX-00627,PO-93084,CA01,PO01,PG4,NB,2024-04-09,100038,S038,Prairie Packaging,NX50,Redwater,SL04,MAT-10034,Packaging,Bulk bags,37.6,1711.0,64333.6,CAD,1,5,2024-04-14,2024-04-14,GR5002055,On Time,0
TX-01614,PO-88820,CA01,PO01,PG4,NB,2025-07-23,100029,S029,3M Canada,NX50,Redwater,SL04,MAT-10051,Safety,Gloves — cut-resistant,49.6,115.66,5736.74,CAD,1,5,2025-07-28,2025-07-28,GR5002056,On Time,0
TX-00958,PO-11035,CA01,PO01,PG2,NB,2024-09-15,100034,S034,ABB Canada,NX60,Rocanville,SL02,MAT-10009,Instrumentation,Level sensor,14.71,8871.84,130504.77,CAD,1,12,2024-09-27,2024-09-29,GR5002057,Late,2
TX-01570,PO-52547,CA01,PO01,PG2,NB,2024-10-13,100033,S033,Siemens Canada,NX60,Rocanville,SL02,MAT-10025,Instrumentation,Analyzer calibration,2.85,6783.38,19332.63,CAD,1,10,2024-10-23,2024-10-23,GR5002058,On Time,0
TX-00167,PO-65027,CA01,PO01,PG4,NB,2024-08-13,100038,S038,Prairie Packaging,NX50,Redwater,SL04,MAT-10013,Packaging,Pallet wrap,12.6,313.95,3955.77,CAD,1,5,2024-08-18,2024-08-18,GR5002059,On Time,0
TX-01887,PO-28025,CA01,PO01,PG3,NB,2025-01-02,100007,S007,Brenntag Canada,NX30,Cory,SL03,MAT-10031,Chemicals,Hydrochloric acid,10.02,6479.67,64926.29,CAD,1,8,2025-01-10,2025-01-10,GR5002060,On Time,0
TX-01611,PO-72691,CA01,PO01,PG3,NB,2023-04-15,100026,S026,Sask Chemical Corp,NX40,Patience Lake,SL03,MAT-10032,Agri-Chemicals,Anhydrous ammonia,7.06,5217.68,36836.82,CAD,1,6,2023-04-21,2023-04-21,GR5002061,On Time,0
TX-DUP-016,PO-93839,CA01,PO01,PG1,NB,2024-10-13,100002,S002,Wesco Distribution,NX40,Patience Lake,SL01,MAT-10035,MRO,Conveyor belt,18.5,4355.52,80577.12,CAD,1,5,2024-10-18,2024-10-18,GR5002062,On Time,0
TX-01510,PO-41558,CA01,PO01,PG3,NB,2025-08-24,100030,S030,DuPont Canada,NX70,Aurora,SL03,MAT-10042,Agri-Chemicals,Urea 46-0-0,7.21,4202.85,30302.55,CAD,1,7,2025-08-31,2025-08-31,GR5002063,On Time,0
TX-01663,PO-50819,CA01,PO01,PG3,NB,2025-06-20,100030,S030,DuPont Canada,NX50,Redwater,SL03,MAT-10042,Agri-Chemicals,Urea 46-0-0,3.55,4984.86,17696.25,CAD,1,7,2025-06-27,2025-06-27,GR5002064,On Time,0
TX-01503,PO-83289,CA01,PO01,PG3,NB,2025-08-17,100007,S007,Brenntag Canada,NX40,Patience Lake,SL03,MAT-10003,Chemicals,Sulfuric acid,12.29,1547.85,19023.08,CAD,1,8,2025-08-25,2025-08-25,GR5002065,On Time,0
TX-00229,PO-47941,CA01,PO01,PG4,NB,2025-03-24,100038,S038,Prairie Packaging,NX20,Vanscoy,SL04,MAT-10043,Packaging,Stretch film,39.6,437.72,17333.71,CAD,1,5,2025-03-29,2025-03-29,GR5002066,On Time,0
TX-02053,PO-10012,CA01,PO01,PG4,NB,2023-07-24,100025,S025,Direct Safety,NX30,Cory,SL04,MAT-10008,Safety,FR coveralls,5.3,276.44,1465.13,CAD,0,7,2023-07-31,2023-07-31,GR5002067,On Time,0
TX-02267,PO-18888,CA01,PO01,PG4,NB,2024-09-28,100039,S039,Sealed Air Canada,NX20,Vanscoy,SL04,MAT-10034,Packaging,Bulk bags,48.3,1283.53,61994.5,CAD,1,8,2024-10-06,2024-10-06,GR5002068,On Time,0
TX-02344,PO-18645,CA01,PO01,PG2,NB,2025-12-24,100034,S034,ABB Canada,NX20,Vanscoy,SL02,MAT-10009,Instrumentation,Level sensor,5.0,14074.39,70371.95,CAD,1,12,2026-01-05,2026-01-05,GR5002069,On Time,0
TX-01720,PO-33506,CA01,PO01,PG3,NB,2023-11-27,100027,S027,Western Agri-Chem,NX60,Rocanville,SL03,MAT-10007,Chemicals,Corrosion inhibitor,14.92,3586.55,53511.33,CAD,1,8,2023-12-05,2023-12-05,GR5002070,On Time,0
TX-02378,PO-85303,CA01,PO01,PG5,UB,2023-10-17,100016,S016,Nutrien Logistics,NX50,Redwater,SL05,MAT-10028,Logistics,Inbound freight,3.4,7828.4,26616.56,CAD,0,2,2023-10-19,2023-10-19,GR5002071,On Time,0
TX-00832,PO-24643,CA01,PO01,PG5,UB,2023-09-14,100017,S017,Canadian Freightways,NX30,Cory,SL05,MAT-10040,Logistics,LTL shipment,4.99,7858.32,39213.02,CAD,1,3,2023-09-17,2023-09-17,GR5002072,On Time,0
TX-00333,PO-40008,CA01,PO01,PG1,NB,2023-09-04,100040,S040,Generic Supplies Inc,NX30,Cory,SL01,MAT-10044,MRO,Pump seal kit,19.77,2101.49,41546.46,CAD,0,15,2023-09-19,2023-09-19,GR5002073,On Time,0
TX-00618,PO-51307,CA01,PO01,PG4,NB,2023-11-20,100039,S039,Sealed Air Canada,NX70,Aurora,SL04,MAT-10047,Packaging,Corrugated box,27.2,1231.84,33506.05,CAD,1,8,2023-11-28,2023-11-28,GR5002074,On Time,0
TX-00665,PO-60343,CA01,PO01,PG3,NB,2025-07-09,100007,S007,Brenntag Canada,NX70,Aurora,SL03,MAT-10003,Chemicals,Sulfuric acid,13.05,1755.43,22908.36,CAD,1,8,2025-07-17,2025-07-17,GR5002075,On Time,0
TX-01606,PO-53190,CA01,PO01,PG4,NB,2025-01-14,100029,S029,3M Canada,NX10,Allan,SL04,MAT-10048,Safety,Hard hat,33.5,171.43,5742.91,CAD,1,5,2025-01-19,2025-01-22,GR5002076,Late,3
TX-01586,PO-82359,CA01,PO01,PG3,NB,2023-02-16,100026,S026,Sask Chemical Corp,NX30,Cory,SL03,MAT-10037,Agri-Chemicals,Potassium chloride,15.12,7114.69,107574.11,CAD,1,6,2023-02-22,2023-02-22,GR5002077,On Time,0
TX-00274,PO-79226,CA01,PO01,PG1,NB,2023-06-19,100040,S040,Generic Supplies Inc,NX10,Allan,SL01,MAT-10044,MRO,Pump seal kit,10.5,2248.14,23605.47,CAD,0,15,2023-07-04,2023-07-04,GR5002078,On Time,0
TX-02172,PO-26972,CA01,PO01,PG5,UB,2025-06-12,100037,S037,Purolator,NX40,Patience Lake,SL05,MAT-10022,Logistics,Outbound freight,10.61,5889.05,62482.82,CAD,1,1,2025-06-13,2025-06-17,GR5002079,Late,4
TX-01016,PO-17181,CA01,PO01,PG4,NB,2023-05-14,100039,S039,Sealed Air Canada,NX50,Redwater,SL04,MAT-10024,Packaging,Poly liner,39.3,199.04,7822.27,CAD,1,8,2023-05-22,2023-05-22,GR5002080,On Time,0
TX-01080,PO-83669,CA01,PO01,PG5,UB,2025-05-01,100017,S017,Canadian Freightways,NX20,Vanscoy,SL05,MAT-10029,Logistics,Expedited shipping,10.74,6617.18,71068.51,CAD,1,3,2025-05-04,2025-05-04,GR5002081,On Time,0
TX-00120,PO-62640,CA01,PO01,PG1,NB,2025-12-03,100040,S040,Generic Supplies Inc,NX50,Redwater,SL01,MAT-10006,MRO,Gear oil,6.73,3152.25,21214.64,CAD,0,15,2025-12-18,2025-12-23,GR5002082,Late,5
TX-00489,PO-82954,CA01,PO01,PG5,UB,2025-11-18,100017,S017,Canadian Freightways,NX70,Aurora,SL05,MAT-10029,Logistics,Expedited shipping,3.27,804.76,2631.57,CAD,1,3,2025-11-21,2025-11-21,GR5002083,On Time,0
TX-00894,PO-62564,CA01,PO01,PG4,NB,2024-02-11,100024,S024,Northern Safety,NX60,Rocanville,SL04,MAT-10048,Safety,Hard hat,13.8,343.7,4743.06,CAD,1,2,2024-02-13,2024-02-13,GR5002084,On Time,0
TX-00652,PO-90864,CA01,PO01,PG5,UB,2023-09-27,100017,S017,Canadian Freightways,NX20,Vanscoy,SL05,MAT-10039,Logistics,Flatbed transport,4.51,6218.36,28044.8,CAD,1,3,2023-09-30,2023-10-02,GR5002085,Late,2
TX-00168,PO-85372,CA01,PO01,PG3,NB,2025-10-20,100026,S026,Sask Chemical Corp,NX20,Vanscoy,SL03,MAT-10030,Agri-Chemicals,Micronutrient blend,12.34,524.91,6477.39,CAD,1,6,2025-10-26,2025-10-26,GR5002086,On Time,0
TX-01549,PO-88534,CA01,PO01,PG5,UB,2025-01-11,100017,S017,Canadian Freightways,NX30,Cory,SL05,MAT-10039,Logistics,Flatbed transport,7.46,6674.29,49790.2,CAD,1,3,2025-01-14,2025-01-14,GR5002087,On Time,0
TX-01223,PO-11769,CA01,PO01,PG5,UB,2023-06-21,100017,S017,Canadian Freightways,NX50,Redwater,SL05,MAT-10039,Logistics,Flatbed transport,6.09,7539.49,45915.49,CAD,1,3,2023-06-24,2023-06-24,GR5002088,On Time,0
TX-01924,PO-28941,CA01,PO01,PG1,NB,2025-03-05,100004,S004,Fastenal Canada,NX40,Patience Lake,SL01,MAT-10026,MRO,Hose assembly,16.93,2749.17,46543.45,CAD,1,4,2025-03-09,2025-03-09,GR5002089,On Time,0
TX-00304,PO-30989,CA01,PO01,PG3,NB,2023-12-03,100028,S028,BioAgra Solutions,NX50,Redwater,SL03,MAT-10007,Chemicals,Corrosion inhibitor,18.67,10149.41,189489.48,CAD,0,10,2023-12-13,2023-12-13,GR5002090,On Time,0
TX-01703,PO-12087,CA01,PO01,PG3,NB,2025-06-15,100028,S028,BioAgra Solutions,NX30,Cory,SL03,MAT-10017,Agri-Chemicals,Phosphate blend,18.02,7039.22,126846.74,CAD,0,10,2025-06-25,2025-06-25,GR5002091,On Time,0
TX-00368,PO-82869,CA01,PO01,PG1,NB,2024-06-16,100040,S040,Generic Supplies Inc,NX30,Cory,SL01,MAT-10006,MRO,Gear oil,16.58,944.5,15659.81,CAD,0,15,2024-07-01,2024-06-30,GR5002092,On Time,0
TX-02220,PO-85708,CA01,PO01,PG4,NB,2023-02-10,100039,S039,Sealed Air Canada,NX10,Allan,SL04,MAT-10047,Packaging,Corrugated box,29.0,581.19,16854.51,CAD,1,8,2023-02-18,2023-02-18,GR5002093,On Time,0
TX-00094,PO-48452,CA01,PO01,PG3,NB,2024-09-05,100027,S027,Western Agri-Chem,NX70,Aurora,SL03,MAT-10042,Agri-Chemicals,Urea 46-0-0,18.17,749.53,13618.96,CAD,1,8,2024-09-13,2024-09-13,GR5002094,On Time,0
TX-00291,PO-51180,CA01,PO01,PG4,NB,2024-10-18,100038,S038,Prairie Packaging,NX30,Cory,SL04,MAT-10024,Packaging,Poly liner,30.6,1414.96,43297.78,CAD,1,5,2024-10-23,2024-10-23,GR5002095,On Time,0
TX-00541,PO-80268,CA01,PO01,PG2,NB,2025-05-22,100033,S033,Siemens Canada,NX10,Allan,SL02,MAT-10033,Electrical,Transformer,13.38,3953.76,52901.31,CAD,1,10,2025-06-01,2025-06-01,GR5002096,On Time,0
TX-00919,PO-89103,CA01,PO01,PG5,UB,2025-10-02,100016,S016,Nutrien Logistics,NX30,Cory,SL05,MAT-10038,Logistics,Rail freight,16.22,6889.05,111740.39,CAD,0,2,2025-10-04,2025-10-06,GR5002097,Late,2
TX-02168,PO-14692,CA01,PO01,PG3,NB,2024-08-03,100028,S028,BioAgra Solutions,NX20,Vanscoy,SL03,MAT-10021,Chemicals,Process chemical,7.59,8714.43,66142.52,CAD,0,10,2024-08-13,2024-08-13,GR5002098,On Time,0
TX-02340,PO-28982,CA01,PO01,PG4,NB,2024-04-15,100024,S024,Northern Safety,NX60,Rocanville,SL04,MAT-10004,Safety,First aid kit,16.9,227.22,3840.02,CAD,1,2,2024-04-17,2024-04-17,GR5002099,On Time,0
TX-01458,PO-76676,CA01,PO01,PG3,NB,2024-07-24,100008,S008,Univar Solutions,NX70,Aurora,SL03,MAT-10021,Chemicals,Process chemical,3.68,3116.64,11469.24,CAD,1,9,2024-08-02,2024-08-02,GR5002100,On Time,0
TX-01883,PO-39980,CA01,PO01,PG1,NB,2024-04-02,100003,S003,Grainger Canada,NX10,Allan,SL01,MAT-10006,MRO,Gear oil,7.46,3089.5,23047.67,CAD,1,3,2024-04-05,2024-04-05,GR5002101,On Time,0
TX-01872,PO-66167,CA01,PO01,PG4,NB,2024-09-06,100038,S038,Prairie Packaging,NX70,Aurora,SL04,MAT-10047,Packaging,Corrugated box,17.8,799.84,14237.15,CAD,1,5,2024-09-11,2024-09-09,GR5002102,On Time,0
TX-DUP-006,PO-24302,CA01,PO01,PG3,NB,2025-08-12,100026,S026,Sask Chemical Corp,NX30,Cory,SL03,MAT-10037,Agri-Chemicals,Potassium chloride,9.9,4466.88,44222.11,CAD,1,6,2025-08-18,2025-08-20,GR5002103,Late,2
TX-02242,PO-58067,CA01,PO01,PG2,NB,2023-02-05,100034,S034,ABB Canada,NX10,Allan,SL02,MAT-10025,Instrumentation,Analyzer calibration,16.96,15397.93,261148.89,CAD,1,12,2023-02-17,2023-02-17,GR5002104,On Time,0
TX-02221,PO-67513,CA01,PO01,PG3,NB,2023-08-27,100040,S040,Generic Supplies Inc,NX70,Aurora,SL03,MAT-10030,Agri-Chemicals,Micronutrient blend,4.43,4318.73,19131.97,CAD,0,15,2023-09-11,2023-09-11,GR5002105,On Time,0
TX-00236,PO-75866,CA01,PO01,PG2,NB,2023-08-31,100034,S034,ABB Canada,NX20,Vanscoy,SL02,MAT-10014,Electrical,Conduit kit,9.84,2563.81,25227.89,CAD,1,12,2023-09-12,2023-09-12,GR5002106,On Time,0
TX-02317,PO-31211,CA01,PO01,PG4,NB,2025-04-20,100039,S039,Sealed Air Canada,NX60,Rocanville,SL04,MAT-10047,Packaging,Corrugated box,3.5,1595.22,5583.27,CAD,1,8,2025-04-28,2025-04-28,GR5002107,On Time,0
TX-00808,PO-15253,CA01,PO01,PG5,UB,2025-06-24,100037,S037,Purolator,NX70,Aurora,SL05,MAT-10040,Logistics,LTL shipment,7.44,1342.37,9987.23,CAD,1,1,2025-06-25,2025-06-25,GR5002108,On Time,0
TX-01622,PO-39979,CA01,PO01,PG5,UB,2025-08-28,100018,S018,TransWest Shipping,NX40,Patience Lake,SL05,MAT-10029,Logistics,Expedited shipping,13.42,7279.04,97684.72,CAD,0,4,2025-09-01,2025-09-01,GR5002109,On Time,0
TX-01039,PO-52182,CA01,PO01,PG5,UB,2025-11-08,100037,S037,Purolator,NX60,Rocanville,SL05,MAT-10022,Logistics,Outbound freight,8.11,4391.69,35616.61,CAD,1,1,2025-11-09,2025-11-09,GR5002110,On Time,0
TX-01668,PO-14485,CA01,PO01,PG2,NB,2025-05-14,100032,S032,Endress+Hauser,NX30,Cory,SL02,MAT-10025,Instrumentation,Analyzer calibration,8.12,4912.69,39891.04,CAD,1,21,2025-06-04,2025-06-04,GR5002111,On Time,0
TX-00193,PO-52291,CA01,PO01,PG4,NB,2023-09-12,100038,S038,Prairie Packaging,NX50,Redwater,SL04,MAT-10013,Packaging,Pallet wrap,26.4,663.92,17527.49,CAD,1,5,2023-09-17,2023-09-17,GR5002112,On Time,0
TX-01375,PO-30286,CA01,PO01,PG5,UB,2025-10-11,100037,S037,Purolator,NX70,Aurora,SL05,MAT-10038,Logistics,Rail freight,3.59,7212.89,25894.28,CAD,1,1,2025-10-12,2025-10-12,GR5002113,On Time,0
TX-01712,PO-42361,CA01,PO01,PG2,NB,2023-10-03,100033,S033,Siemens Canada,NX70,Aurora,SL02,MAT-10014,Electrical,Conduit kit,7.11,12446.23,88492.7,CAD,1,10,2023-10-13,2023-10-13,GR5002114,On Time,0
TX-00384,PO-17806,CA01,PO01,PG4,NB,2023-12-30,100024,S024,Northern Safety,NX30,Cory,SL04,MAT-10008,Safety,FR coveralls,46.0,340.83,15678.18,CAD,1,2,2024-01-01,2024-01-01,GR5002115,On Time,0
TX-02062,PO-12625,CA01,PO01,PG5,UB,2025-06-30,100037,S037,Purolator,NX50,Redwater,SL05,MAT-10022,Logistics,Outbound freight,6.3,2451.72,15445.84,CAD,1,1,2025-07-01,2025-07-01,GR5002116,On Time,0
TX-00536,PO-98940,CA01,PO01,PG3,NB,2023-09-24,100007,S007,Brenntag Canada,NX60,Rocanville,SL03,MAT-10015,Chemicals,Sodium hydroxide 50%,18.14,6840.0,124077.6,CAD,1,8,2023-10-02,2023-09-30,GR5002117,On Time,0
TX-00170,PO-81313,CA01,PO01,PG4,NB,2023-06-25,100038,S038,Prairie Packaging,NX70,Aurora,SL04,MAT-10045,Packaging,Label stock,26.7,772.36,20622.01,CAD,1,5,2023-06-30,2023-06-30,GR5002118,On Time,0
TX-00795,PO-69241,CA01,PO01,PG3,NB,2025-12-25,100026,S026,Sask Chemical Corp,NX70,Aurora,SL03,MAT-10027,Chemicals,Defoamer,13.89,6767.98,94007.24,CAD,1,6,2025-12-31,2025-12-31,GR5002119,On Time,0
TX-01528,PO-42339,CA01,PO01,PG1,NB,2023-01-22,100002,S002,Wesco Distribution,NX50,Redwater,SL01,MAT-10044,MRO,Pump seal kit,5.13,1716.66,8806.47,CAD,1,5,2023-01-27,2023-02-03,GR5002120,Late,7
TX-00999,PO-80533,CA01,PO01,PG1,NB,2025-04-26,100040,S040,Generic Supplies Inc,NX10,Allan,SL01,MAT-10012,MRO,Coupling set,11.56,3509.13,40565.54,CAD,0,15,2025-05-11,2025-05-11,GR5002121,On Time,0
TX-00423,PO-11166,CA01,PO01,PG2,NB,2023-02-11,100034,S034,ABB Canada,NX40,Patience Lake,SL02,MAT-10025,Instrumentation,Analyzer calibration,17.43,24227.75,422289.68,CAD,1,12,2023-02-23,2023-02-23,GR5002122,On Time,0
TX-00521,PO-44649,CA01,PO01,PG5,UB,2023-03-24,100036,S036,Canpar Courier,NX30,Cory,SL05,MAT-10028,Logistics,Inbound freight,5.16,4157.32,21451.77,CAD,1,1,2023-03-25,2023-03-25,GR5002123,On Time,0
TX-02358,PO-73253,CA01,PO01,PG2,NB,2023-06-24,100034,S034,ABB Canada,NX70,Aurora,SL02,MAT-10033,Electrical,Transformer,12.2,11375.73,138783.91,CAD,1,12,2023-07-06,2023-07-06,GR5002124,On Time,0
TX-02040,PO-24040,CA01,PO01,PG2,NB,2025-11-23,100031,S031,Precision Instruments,NX30,Cory,SL02,MAT-10052,Instrumentation,Control valve,16.19,20590.76,333364.4,CAD,0,14,2025-12-07,2025-12-12,GR5002125,Late,5
TX-01798,PO-33049,CA01,PO01,PG5,UB,2023-05-06,100036,S036,Canpar Courier,NX30,Cory,SL05,MAT-10028,Logistics,Inbound freight,9.41,4306.88,40527.74,CAD,1,1,2023-05-07,2023-05-07,GR5002126,On Time,0
TX-00535,PO-15116,CA01,PO01,PG4,NB,2023-07-17,100038,S038,Prairie Packaging,NX40,Patience Lake,SL04,MAT-10045,Packaging,Label stock,9.7,1811.09,17567.57,CAD,1,5,2023-07-22,2023-07-23,GR5002127,Late,1
TX-00538,PO-20986,CA01,PO01,PG2,NB,2023-10-02,100033,S033,Siemens Canada,NX60,Rocanville,SL02,MAT-10033,Electrical,Transformer,5.84,11534.71,67362.71,CAD,1,10,2023-10-12,2023-10-12,GR5002128,On Time,0
TX-00898,PO-98760,CA01,PO01,PG3,NB,2025-06-02,100030,S030,DuPont Canada,NX10,Allan,SL03,MAT-10017,Agri-Chemicals,Phosphate blend,17.27,4960.63,85670.08,CAD,1,7,2025-06-09,2025-06-09,GR5002129,On Time,0
TX-00612,PO-37359,CA01,PO01,PG3,NB,2024-06-08,100040,S040,Generic Supplies Inc,NX40,Patience Lake,SL03,MAT-10042,Agri-Chemicals,Urea 46-0-0,1.93,2348.08,4531.79,CAD,0,15,2024-06-23,2024-06-23,GR5002130,On Time,0
TX-01135,PO-97208,CA01,PO01,PG5,UB,2024-03-24,100018,S018,TransWest Shipping,NX50,Redwater,SL05,MAT-10022,Logistics,Outbound freight,10.5,4396.82,46166.61,CAD,0,4,2024-03-28,2024-03-28,GR5002131,On Time,0
TX-DUP-015,PO-75564,CA01,PO01,PG4,NB,2025-06-27,100029,S029,3M Canada,NX40,Patience Lake,SL04,MAT-10051,Safety,Gloves — cut-resistant,49.5,322.77,15977.11,CAD,1,5,2025-07-02,2025-07-02,GR5002132,On Time,0
TX-00852,PO-80848,CA01,PO01,PG3,NB,2025-10-16,100027,S027,Western Agri-Chem,NX30,Cory,SL03,MAT-10017,Agri-Chemicals,Phosphate blend,10.31,2388.66,24627.08,CAD,1,8,2025-10-24,2025-10-21,GR5002133,On Time,0
TX-00148,PO-15376,CA01,PO01,PG2,NB,2023-07-04,100031,S031,Precision Instruments,NX70,Aurora,SL02,MAT-10052,Instrumentation,Control valve,12.69,14923.92,189384.54,CAD,0,14,2023-07-18,2023-07-18,GR5002134,On Time,0
TX-02157,PO-63533,CA01,PO01,PG4,NB,2025-11-21,100024,S024,Northern Safety,NX50,Redwater,SL04,MAT-10008,Safety,FR coveralls,9.7,278.98,2706.11,CAD,1,2,2025-11-23,2025-11-21,GR5002135,On Time,0
TX-02342,PO-18776,CA01,PO01,PG3,NB,2025-03-22,100027,S027,Western Agri-Chem,NX20,Vanscoy,SL03,MAT-10007,Chemicals,Corrosion inhibitor,9.37,6457.75,60509.12,CAD,1,8,2025-03-30,2025-03-28,GR5002136,On Time,0
TX-00519,PO-96858,CA01,PO01,PG5,UB,2025-11-11,100036,S036,Canpar Courier,NX40,Patience Lake,SL05,MAT-10028,Logistics,Inbound freight,2.72,3228.99,8782.85,CAD,1,1,2025-11-12,2025-11-12,GR5002137,On Time,0
TX-00042,PO-44099,CA01,PO01,PG1,NB,2025-05-27,100001,S001,Prairie Industrial Supply,NX70,Aurora,SL01,MAT-10005,MRO,Bearing assembly,3.58,2104.56,7534.32,CAD,1,7,2025-06-03,2025-06-03,GR5002138,On Time,0
TX-00804,PO-97235,CA01,PO01,PG5,UB,2025-01-27,100036,S036,Canpar Courier,NX30,Cory,SL05,MAT-10028,Logistics,Inbound freight,4.51,4718.65,21281.11,CAD,1,1,2025-01-28,2025-01-28,GR5002139,On Time,0
TX-01475,PO-98472,CA01,PO01,PG2,NB,2025-04-17,100032,S032,Endress+Hauser,NX50,Redwater,SL02,MAT-10009,Instrumentation,Level sensor,2.16,19637.27,42416.5,CAD,1,21,2025-05-08,2025-05-08,GR5002140,On Time,0
TX-01727,PO-93424,CA01,PO01,PG4,NB,2025-02-06,100039,S039,Sealed Air Canada,NX20,Vanscoy,SL04,MAT-10013,Packaging,Pallet wrap,43.1,1914.97,82535.21,CAD,1,8,2025-02-14,2025-02-14,GR5002141,On Time,0
TX-00271,PO-56457,CA01,PO01,PG3,NB,2024-05-08,100027,S027,Western Agri-Chem,NX10,Allan,SL03,MAT-10021,Chemicals,Process chemical,4.65,6696.31,31137.84,CAD,1,8,2024-05-16,2024-05-16,GR5002142,On Time,0
TX-00450,PO-36037,CA01,PO01,PG3,NB,2023-08-30,100027,S027,Western Agri-Chem,NX70,Aurora,SL03,MAT-10011,Chemicals,Scale inhibitor,6.37,9589.31,61083.9,CAD,1,8,2023-09-07,2023-09-07,GR5002143,On Time,0
TX-00540,PO-63588,CA01,PO01,PG3,NB,2025-02-07,100027,S027,Western Agri-Chem,NX20,Vanscoy,SL03,MAT-10027,Chemicals,Defoamer,13.44,8502.99,114280.19,CAD,1,8,2025-02-15,2025-02-15,GR5002144,On Time,0
TX-00866,PO-49563,CA01,PO01,PG2,NB,2025-12-23,100031,S031,Precision Instruments,NX40,Patience Lake,SL02,MAT-10025,Instrumentation,Analyzer calibration,10.03,7301.24,73231.44,CAD,0,14,2026-01-06,2026-01-06,GR5002145,On Time,0
TX-02209,PO-33680,CA01,PO01,PG5,UB,2025-11-28,100036,S036,Canpar Courier,NX60,Rocanville,SL05,MAT-10022,Logistics,Outbound freight,14.42,5488.68,79146.77,CAD,1,1,2025-11-29,2025-11-29,GR5002146,On Time,0
TX-01996,PO-86044,CA01,PO01,PG4,NB,2024-09-19,100038,S038,Prairie Packaging,NX40,Patience Lake,SL04,MAT-10024,Packaging,Poly liner,38.7,1353.56,52382.77,CAD,1,5,2024-09-24,2024-09-24,GR5002147,On Time,0
TX-01142,PO-37494,CA01,PO01,PG3,NB,2023-10-09,100027,S027,Western Agri-Chem,NX40,Patience Lake,SL03,MAT-10032,Agri-Chemicals,Anhydrous ammonia,9.4,4066.56,38225.66,CAD,1,8,2023-10-17,2023-10-17,GR5002148,On Time,0
TX-02376,PO-23793,CA01,PO01,PG3,NB,2024-06-25,100026,S026,Sask Chemical Corp,NX20,Vanscoy,SL03,MAT-10031,Chemicals,Hydrochloric acid,14.7,4904.14,72090.86,CAD,1,6,2024-07-01,2024-06-29,GR5002149,On Time,0
TX-00364,PO-86638,CA01,PO01,PG2,NB,2024-07-10,100035,S035,Rockwell Automation,NX60,Rocanville,SL02,MAT-10041,Electrical,Cable tray,5.44,14164.61,77055.48,CAD,1,14,2024-07-24,2024-07-24,GR5002150,On Time,0
TX-01033,PO-41476,CA01,PO01,PG5,UB,2023-08-16,100036,S036,Canpar Courier,NX70,Aurora,SL05,MAT-10040,Logistics,LTL shipment,7.43,2076.78,15430.48,CAD,1,1,2023-08-17,2023-08-17,GR5002151,On Time,0
TX-02346,PO-80630,CA01,PO01,PG3,NB,2025-07-23,100008,S008,Univar Solutions,NX40,Patience Lake,SL03,MAT-10027,Chemicals,Defoamer,19.25,6539.91,125893.27,CAD,1,9,2025-08-01,2025-07-31,GR5002152,On Time,0
TX-00637,PO-80517,CA01,PO01,PG2,NB,2023-08-16,100031,S031,Precision Instruments,NX30,Cory,SL02,MAT-10025,Instrumentation,Analyzer calibration,6.8,13870.89,94322.05,CAD,0,14,2023-08-30,2023-08-30,GR5002153,On Time,0
TX-00555,PO-25239,CA01,PO01,PG4,NB,2025-07-28,100025,S025,Direct Safety,NX50,Redwater,SL04,MAT-10051,Safety,Gloves — cut-resistant,34.4,411.3,14148.72,CAD,0,7,2025-08-04,2025-08-04,GR5002154,On Time,0
TX-00937,PO-87468,CA01,PO01,PG4,NB,2024-08-18,100039,S039,Sealed Air Canada,NX70,Aurora,SL04,MAT-10045,Packaging,Label stock,2.8,847.39,2372.69,CAD,1,8,2024-08-26,2024-08-26,GR5002155,On Time,0
TX-00523,PO-44513,CA01,PO01,PG3,NB,2024-10-25,100026,S026,Sask Chemical Corp,NX20,Vanscoy,SL03,MAT-10017,Agri-Chemicals,Phosphate blend,2.96,7760.15,22970.04,CAD,1,6,2024-10-31,2024-10-31,GR5002156,On Time,0
TX-01207,PO-34928,CA01,PO01,PG5,UB,2023-09-22,100037,S037,Purolator,NX30,Cory,SL05,MAT-10028,Logistics,Inbound freight,6.5,7668.52,49845.38,CAD,1,1,2023-09-23,2023-09-23,GR5002157,On Time,0
TX-00876,PO-40938,CA01,PO01,PG4,NB,2023-07-04,100039,S039,Sealed Air Canada,NX70,Aurora,SL04,MAT-10013,Packaging,Pallet wrap,20.4,1692.44,34525.78,CAD,1,8,2023-07-12,2023-07-12,GR5002158,On Time,0
TX-00728,PO-91830,CA01,PO01,PG2,NB,2025-08-27,100031,S031,Precision Instruments,NX70,Aurora,SL02,MAT-10009,Instrumentation,Level sensor,11.98,16846.59,201822.15,CAD,0,14,2025-09-10,2025-09-10,GR5002159,On Time,0
TX-00222,PO-48070,CA01,PO01,PG2,NB,2025-02-16,100031,S031,Precision Instruments,NX40,Patience Lake,SL02,MAT-10002,Instrumentation,Flow meter,18.02,11893.46,214320.15,CAD,0,14,2025-03-02,2025-03-02,GR5002160,On Time,0
TX-02253,PO-42256,CA01,PO01,PG3,NB,2024-12-13,100009,S009,Chemtrade Logistics,NX60,Rocanville,SL03,MAT-10031,Chemicals,Hydrochloric acid,8.07,5561.91,44884.61,CAD,1,5,2024-12-18,2024-12-18,GR5002161,On Time,0
TX-00666,PO-84120,CA01,PO01,PG5,UB,2025-02-18,100036,S036,Canpar Courier,NX40,Patience Lake,SL05,MAT-10029,Logistics,Expedited shipping,1.83,1781.64,3260.4,CAD,1,1,2025-02-19,2025-02-19,GR5002162,On Time,0
TX-01953,PO-47345,CA01,PO01,PG1,NB,2024-11-15,100004,S004,Fastenal Canada,NX60,Rocanville,SL01,MAT-10026,MRO,Hose assembly,16.17,2098.29,33929.35,CAD,1,4,2024-11-19,2024-11-19,GR5002163,On Time,0
TX-00689,PO-51222,CA01,PO01,PG4,NB,2023-08-28,100038,S038,Prairie Packaging,NX40,Patience Lake,SL04,MAT-10043,Packaging,Stretch film,43.4,1522.96,66096.46,CAD,1,5,2023-09-02,2023-09-02,GR5002164,On Time,0
TX-00566,PO-58799,CA01,PO01,PG4,NB,2024-12-03,100025,S025,Direct Safety,NX60,Rocanville,SL04,MAT-10020,Safety,Safety harness,18.9,229.38,4335.28,CAD,0,7,2024-12-10,2024-12-10,GR5002165,On Time,0
TX-02105,PO-24267,CA01,PO01,PG1,NB,2023-05-26,100001,S001,Prairie Industrial Supply,NX30,Cory,SL01,MAT-10016,MRO,Filter element,16.36,3925.25,64217.09,CAD,1,7,2023-06-02,2023-06-02,GR5002166,On Time,0
TX-00394,PO-51774,CA01,PO01,PG4,NB,2023-05-31,100024,S024,Northern Safety,NX60,Rocanville,SL04,MAT-10048,Safety,Hard hat,40.2,32.7,1314.54,CAD,1,2,2023-06-02,2023-06-02,GR5002167,On Time,0
TX-00219,PO-99226,CA01,PO01,PG5,UB,2024-12-02,100036,S036,Canpar Courier,NX40,Patience Lake,SL05,MAT-10038,Logistics,Rail freight,11.38,5569.01,63375.33,CAD,1,1,2024-12-03,2024-12-03,GR5002168,On Time,0
TX-01274,PO-20709,CA01,PO01,PG2,NB,2023-12-27,100033,S033,Siemens Canada,NX70,Aurora,SL02,MAT-10018,Instrumentation,Temperature probe,2.59,3127.59,8100.46,CAD,1,10,2024-01-06,2024-01-06,GR5002169,On Time,0
TX-01359,PO-91762,CA01,PO01,PG3,NB,2023-10-29,100007,S007,Brenntag Canada,NX60,Rocanville,SL03,MAT-10027,Chemicals,Defoamer,9.86,2482.55,24477.94,CAD,1,8,2023-11-06,2023-11-12,GR5002170,Late,6
TX-01131,PO-54595,CA01,PO01,PG4,NB,2024-06-14,100038,S038,Prairie Packaging,NX10,Allan,SL04,MAT-10034,Packaging,Bulk bags,6.7,248.35,1663.94,CAD,1,5,2024-06-19,2024-06-19,GR5002171,On Time,0
TX-02086,PO-65023,CA01,PO01,PG2,NB,2024-09-21,100032,S032,Endress+Hauser,NX40,Patience Lake,SL02,MAT-10002,Instrumentation,Flow meter,8.75,5226.93,45735.64,CAD,1,21,2024-10-12,2024-10-12,GR5002172,On Time,0
TX-00707,PO-41941,CA01,PO01,PG3,NB,2025-08-02,100009,S009,Chemtrade Logistics,NX40,Patience Lake,SL03,MAT-10007,Chemicals,Corrosion inhibitor,8.62,5430.55,46811.34,CAD,1,5,2025-08-07,2025-08-07,GR5002173,On Time,0
TX-01965,PO-41784,CA01,PO01,PG2,NB,2025-03-29,100006,S006,HD Supply,NX70,Aurora,SL02,MAT-10023,Electrical,Motor starter,8.97,5101.95,45764.49,CAD,1,10,2025-04-08,2025-04-08,GR5002174,On Time,0
TX-02083,PO-33258,CA01,PO01,PG2,NB,2025-12-19,100031,S031,Precision Instruments,NX40,Patience Lake,SL02,MAT-10025,Instrumentation,Analyzer calibration,15.03,8652.16,130041.96,CAD,0,14,2026-01-02,2026-01-01,GR5002175,On Time,0
TX-00634,PO-13172,CA01,PO01,PG3,NB,2025-05-17,100028,S028,BioAgra Solutions,NX60,Rocanville,SL03,MAT-10003,Chemicals,Sulfuric acid,7.94,3238.92,25717.02,CAD,0,10,2025-05-27,2025-05-27,GR5002176,On Time,0
TX-01538,PO-41927,CA01,PO01,PG5,UB,2025-07-23,100016,S016,Nutrien Logistics,NX60,Rocanville,SL05,MAT-10040,Logistics,LTL shipment,12.28,6457.54,79298.59,CAD,0,2,2025-07-25,2025-07-25,GR5002177,On Time,0
TX-00276,PO-62205,CA01,PO01,PG1,NB,2024-10-06,100002,S002,Wesco Distribution,NX50,Redwater,SL01,MAT-10001,MRO,Valve repair parts,1.3,971.85,1263.4,CAD,1,5,2024-10-11,2024-10-11,GR5002178,On Time,0
TX-00885,PO-92752,CA01,PO01,PG2,NB,2024-04-27,100031,S031,Precision Instruments,NX50,Redwater,SL02,MAT-10018,Instrumentation,Temperature probe,6.65,23675.34,157441.01,CAD,0,14,2024-05-11,2024-05-11,GR5002179,On Time,0
TX-01961,PO-97523,CA01,PO01,PG2,NB,2024-11-08,100006,S006,HD Supply,NX30,Cory,SL02,MAT-10041,Electrical,Cable tray,13.0,5032.69,65424.97,CAD,1,10,2024-11-18,2024-11-18,GR5002180,On Time,0
TX-00969,PO-74165,CA01,PO01,PG4,NB,2025-10-18,100039,S039,Sealed Air Canada,NX40,Patience Lake,SL04,MAT-10043,Packaging,Stretch film,32.2,1993.3,64184.26,CAD,1,8,2025-10-26,2025-10-26,GR5002181,On Time,0
TX-DUP-005,PO-44640,CA01,PO01,PG1,NB,2023-03-29,100001,S001,Prairie Industrial Supply,NX60,Rocanville,SL01,MAT-10044,MRO,Pump seal kit,9.92,1657.02,16437.64,CAD,1,7,2023-04-05,2023-04-09,GR5002182,Late,4
TX-00207,PO-47827,CA01,PO01,PG2,NB,2023-04-15,100033,S033,Siemens Canada,NX60,Rocanville,SL02,MAT-10019,Electrical,LED fixture,11.84,3080.9,36477.86,CAD,1,10,2023-04-25,2023-04-25,GR5002183,On Time,0
TX-00183,PO-68188,CA01,PO01,PG4,NB,2023-11-11,100038,S038,Prairie Packaging,NX40,Patience Lake,SL04,MAT-10047,Packaging,Corrugated box,34.3,1901.74,65229.68,CAD,1,5,2023-11-16,2023-11-16,GR5002184,On Time,0
TX-02117,PO-49117,CA01,PO01,PG4,NB,2023-01-11,100025,S025,Direct Safety,NX40,Patience Lake,SL04,MAT-10008,Safety,FR coveralls,39.9,447.45,17853.25,CAD,0,7,2023-01-18,2023-01-18,GR5002185,On Time,0
TX-01564,PO-60058,CA01,PO01,PG3,NB,2024-10-30,100026,S026,Sask Chemical Corp,NX20,Vanscoy,SL03,MAT-10042,Agri-Chemicals,Urea 46-0-0,8.08,1515.3,12243.62,CAD,1,6,2024-11-05,2024-11-05,GR5002186,On Time,0
TX-00386,PO-67261,CA01,PO01,PG2,NB,2023-07-26,100006,S006,HD Supply,NX40,Patience Lake,SL02,MAT-10041,Electrical,Cable tray,7.39,4974.53,36761.78,CAD,1,10,2023-08-05,2023-08-05,GR5002187,On Time,0
TX-00686,PO-82768,CA01,PO01,PG4,NB,2025-12-03,100038,S038,Prairie Packaging,NX50,Redwater,SL04,MAT-10047,Packaging,Corrugated box,15.7,1471.93,23109.3,CAD,1,5,2025-12-08,2025-12-08,GR5002188,On Time,0
TX-01927,PO-60969,CA01,PO01,PG3,NB,2024-05-14,100026,S026,Sask Chemical Corp,NX70,Aurora,SL03,MAT-10042,Agri-Chemicals,Urea 46-0-0,13.26,891.68,11823.68,CAD,1,6,2024-05-20,2024-05-20,GR5002189,On Time,0
TX-02395,PO-81522,CA01,PO01,PG2,NB,2023-11-07,100032,S032,Endress+Hauser,NX30,Cory,SL02,MAT-10009,Instrumentation,Level sensor,8.99,2921.17,26261.32,CAD,1,21,2023-11-28,2023-11-28,GR5002190,On Time,0
TX-01282,PO-11883,CA01,PO01,PG4,NB,2024-03-05,100038,S038,Prairie Packaging,NX30,Cory,SL04,MAT-10045,Packaging,Label stock,47.7,1945.75,92812.28,CAD,1,5,2024-03-10,2024-03-12,GR5002191,Late,2
TX-00335,PO-95199,CA01,PO01,PG4,NB,2023-10-20,100038,S038,Prairie Packaging,NX70,Aurora,SL04,MAT-10045,Packaging,Label stock,4.4,1161.52,5110.69,CAD,1,5,2023-10-25,2023-10-25,GR5002192,On Time,0
TX-01362,PO-21272,CA01,PO01,PG1,NB,2024-12-18,100003,S003,Grainger Canada,NX10,Allan,SL01,MAT-10001,MRO,Valve repair parts,17.7,3544.42,62736.23,CAD,1,3,2024-12-21,2024-12-21,GR5002193,On Time,0
TX-01522,PO-32179,CA01,PO01,PG2,NB,2023-02-04,100032,S032,Endress+Hauser,NX70,Aurora,SL02,MAT-10009,Instrumentation,Level sensor,7.32,17291.79,126575.9,CAD,1,21,2023-02-25,2023-02-25,GR5002194,On Time,0
TX-02194,PO-76380,CA01,PO01,PG5,UB,2025-05-26,100017,S017,Canadian Freightways,NX30,Cory,SL05,MAT-10039,Logistics,Flatbed transport,8.91,7666.6,68309.41,CAD,1,3,2025-05-29,2025-05-29,GR5002195,On Time,0
TX-00867,PO-77550,CA01,PO01,PG2,NB,2024-10-03,100034,S034,ABB Canada,NX70,Aurora,SL02,MAT-10052,Instrumentation,Control valve,4.8,10954.07,52579.54,CAD,1,12,2024-10-15,2024-10-15,GR5002196,On Time,0
TX-01789,PO-63371,CA01,PO01,PG2,NB,2025-01-21,100034,S034,ABB Canada,NX30,Cory,SL02,MAT-10018,Instrumentation,Temperature probe,16.26,21560.23,350569.34,CAD,1,12,2025-02-02,2025-01-31,GR5002197,On Time,0
TX-02061,PO-65690,CA01,PO01,PG2,NB,2025-12-27,100006,S006,HD Supply,NX10,Allan,SL02,MAT-10036,Electrical,Control panel,13.55,3390.7,45943.99,CAD,1,10,2026-01-06,2026-01-06,GR5002198,On Time,0
TX-00460,PO-27125,CA01,PO01,PG4,NB,2023-03-01,100039,S039,Sealed Air Canada,NX40,Patience Lake,SL04,MAT-10043,Packaging,Stretch film,43.3,1769.5,76619.35,CAD,1,8,2023-03-09,2023-03-09,GR5002199,On Time,0
TX-00436,PO-84632,CA01,PO01,PG4,NB,2023-11-05,100038,S038,Prairie Packaging,NX50,Redwater,SL04,MAT-10024,Packaging,Poly liner,7.7,464.57,3577.19,CAD,1,5,2023-11-10,2023-11-10,GR5002200,On Time,0
TX-01777,PO-49746,CA01,PO01,PG2,NB,2025-07-03,100035,S035,Rockwell Automation,NX40,Patience Lake,SL02,MAT-10050,Electrical,Junction box,10.03,10613.33,106451.7,CAD,1,14,2025-07-17,2025-07-17,GR5002201,On Time,0
TX-00387,PO-48602,CA01,PO01,PG3,NB,2024-12-31,100028,S028,BioAgra Solutions,NX10,Allan,SL03,MAT-10017,Agri-Chemicals,Phosphate blend,5.24,5325.95,27907.98,CAD,0,10,2025-01-10,2025-01-10,GR5002202,On Time,0
TX-02391,PO-77458,CA01,PO01,PG2,NB,2023-08-25,100033,S033,Siemens Canada,NX60,Rocanville,SL02,MAT-10052,Instrumentation,Control valve,8.85,18718.51,165658.81,CAD,1,10,2023-09-04,2023-09-04,GR5002203,On Time,0
TX-00018,PO-70332,CA01,PO01,PG3,NB,2023-03-21,100026,S026,Sask Chemical Corp,NX50,Redwater,SL03,MAT-10021,Chemicals,Process chemical,17.31,3291.26,56971.71,CAD,1,6,2023-03-27,2023-03-27,GR5002204,On Time,0
TX-02003,PO-56299,CA01,PO01,PG3,NB,2024-07-23,100026,S026,Sask Chemical Corp,NX70,Aurora,SL03,MAT-10015,Chemicals,Sodium hydroxide 50%,15.92,4790.1,76258.39,CAD,1,6,2024-07-29,2024-07-29,GR5002205,On Time,0
TX-02140,PO-58281,CA01,PO01,PG5,UB,2025-06-26,100037,S037,Purolator,NX10,Allan,SL05,MAT-10028,Logistics,Inbound freight,13.2,5202.33,68670.76,CAD,1,1,2025-06-27,2025-06-27,GR5002206,On Time,0
TX-00510,PO-73857,CA01,PO01,PG3,NB,2023-05-18,100009,S009,Chemtrade Logistics,NX70,Aurora,SL03,MAT-10007,Chemicals,Corrosion inhibitor,5.76,3011.08,17343.82,CAD,1,5,2023-05-23,2023-05-23,GR5002207,On Time,0
TX-02149,PO-25894,CA01,PO01,PG2,NB,2025-10-12,100034,S034,ABB Canada,NX60,Rocanville,SL02,MAT-10036,Electrical,Control panel,11.38,14651.21,166730.77,CAD,1,12,2025-10-24,2025-10-24,GR5002208,On Time,0
TX-01445,PO-20683,CA01,PO01,PG4,NB,2024-06-17,100038,S038,Prairie Packaging,NX40,Patience Lake,SL04,MAT-10034,Packaging,Bulk bags,40.0,735.82,29432.8,CAD,1,5,2024-06-22,2024-06-22,GR5002209,On Time,0
TX-00277,PO-80852,CA01,PO01,PG3,NB,2024-05-07,100009,S009,Chemtrade Logistics,NX10,Allan,SL03,MAT-10003,Chemicals,Sulfuric acid,11.77,10313.76,121392.96,CAD,1,5,2024-05-12,2024-05-12,GR5002210,On Time,0
TX-02248,PO-68079,CA01,PO01,PG4,NB,2024-07-23,100029,S029,3M Canada,NX60,Rocanville,SL04,MAT-10048,Safety,Hard hat,4.0,247.65,990.6,CAD,1,5,2024-07-28,2024-07-28,GR5002211,On Time,0
TX-00406,PO-26539,CA01,PO01,PG5,UB,2025-07-08,100016,S016,Nutrien Logistics,NX50,Redwater,SL05,MAT-10022,Logistics,Outbound freight,4.28,9049.81,38733.19,CAD,0,2,2025-07-10,2025-07-10,GR5002212,On Time,0
TX-00690,PO-49666,CA01,PO01,PG1,NB,2023-06-27,100003,S003,Grainger Canada,NX60,Rocanville,SL01,MAT-10006,MRO,Gear oil,10.44,1107.51,11562.4,CAD,1,3,2023-06-30,2023-06-30,GR5002213,On Time,0
TX-01768,PO-96419,CA01,PO01,PG4,NB,2024-01-27,100024,S024,Northern Safety,NX10,Allan,SL04,MAT-10020,Safety,Safety harness,28.9,380.24,10988.94,CAD,1,2,2024-01-29,2024-01-29,GR5002214,On Time,0
TX-00775,PO-22853,CA01,PO01,PG2,NB,2024-10-29,100006,S006,HD Supply,NX10,Allan,SL02,MAT-10041,Electrical,Cable tray,5.37,1829.97,9826.94,CAD,1,10,2024-11-08,2024-11-08,GR5002215,On Time,0
TX-00742,PO-88562,CA01,PO01,PG1,NB,2023-07-08,100001,S001,Prairie Industrial Supply,NX40,Patience Lake,SL01,MAT-10035,MRO,Conveyor belt,2.08,2693.92,5603.35,CAD,1,7,2023-07-15,2023-07-15,GR5002216,On Time,0
TX-00026,PO-63225,CA01,PO01,PG4,NB,2025-02-15,100025,S025,Direct Safety,NX70,Aurora,SL04,MAT-10008,Safety,FR coveralls,34.2,407.76,13945.39,CAD,0,7,2025-02-22,2025-02-22,GR5002217,On Time,0
TX-00925,PO-22384,CA01,PO01,PG1,NB,2023-04-03,100005,S005,Motion Industries,NX20,Vanscoy,SL01,MAT-10012,MRO,Coupling set,10.75,2322.4,24965.8,CAD,1,6,2023-04-09,2023-04-09,GR5002218,On Time,0
TX-00664,PO-26193,CA01,PO01,PG3,NB,2024-10-25,100026,S026,Sask Chemical Corp,NX30,Cory,SL03,MAT-10032,Agri-Chemicals,Anhydrous ammonia,14.14,7294.43,103143.24,CAD,1,6,2024-10-31,2024-10-31,GR5002219,On Time,0
TX-01411,PO-67482,CA01,PO01,PG1,NB,2024-05-26,100001,S001,Prairie Industrial Supply,NX50,Redwater,SL01,MAT-10001,MRO,Valve repair parts,16.44,390.92,6426.72,CAD,1,7,2024-06-02,2024-06-02,GR5002220,On Time,0
TX-00373,PO-46042,CA01,PO01,PG3,NB,2025-05-23,100026,S026,Sask Chemical Corp,NX60,Rocanville,SL03,MAT-10032,Agri-Chemicals,Anhydrous ammonia,4.28,2031.84,8696.28,CAD,1,6,2025-05-29,2025-05-29,GR5002221,On Time,0
TX-00470,PO-96364,CA01,PO01,PG3,NB,2025-08-26,100028,S028,BioAgra Solutions,NX40,Patience Lake,SL03,MAT-10042,Agri-Chemicals,Urea 46-0-0,14.62,3514.06,51375.56,CAD,0,10,2025-09-05,2025-09-02,GR5002222,On Time,0
TX-01823,PO-34667,CA01,PO01,PG5,UB,2025-09-19,100018,S018,TransWest Shipping,NX30,Cory,SL05,MAT-10038,Logistics,Rail freight,19.72,5627.69,110978.05,CAD,0,4,2025-09-23,2025-09-23,GR5002223,On Time,0
TX-00005,PO-94607,CA01,PO01,PG2,NB,2024-10-05,100035,S035,Rockwell Automation,NX10,Allan,SL02,MAT-10014,Electrical,Conduit kit,5.54,6057.63,33559.27,CAD,1,14,2024-10-19,2024-10-19,GR5002224,On Time,0
TX-02374,PO-67113,CA01,PO01,PG5,UB,2023-10-24,100016,S016,Nutrien Logistics,NX20,Vanscoy,SL05,MAT-10022,Logistics,Outbound freight,6.33,5679.21,35949.4,CAD,0,2,2023-10-26,2023-10-26,GR5002225,On Time,0
TX-00102,PO-27224,CA01,PO01,PG5,UB,2023-03-22,100016,S016,Nutrien Logistics,NX70,Aurora,SL05,MAT-10038,Logistics,Rail freight,6.87,4265.08,29301.1,CAD,0,2,2023-03-24,2023-03-24,GR5002226,On Time,0
TX-01898,PO-30615,CA01,PO01,PG5,UB,2025-11-09,100036,S036,Canpar Courier,NX40,Patience Lake,SL05,MAT-10038,Logistics,Rail freight,17.89,5345.31,95627.6,CAD,1,1,2025-11-10,2025-11-10,GR5002227,On Time,0
TX-01893,PO-82487,CA01,PO01,PG4,NB,2025-09-06,100029,S029,3M Canada,NX60,Rocanville,SL04,MAT-10051,Safety,Gloves — cut-resistant,24.5,57.64,1412.18,CAD,1,5,2025-09-11,2025-09-12,GR5002228,Late,1
TX-01048,PO-81188,CA01,PO01,PG2,NB,2024-07-16,100035,S035,Rockwell Automation,NX30,Cory,SL02,MAT-10041,Electrical,Cable tray,4.62,9139.7,42225.41,CAD,1,14,2024-07-30,2024-07-30,GR5002229,On Time,0
TX-00319,PO-31755,CA01,PO01,PG4,NB,2024-12-19,100029,S029,3M Canada,NX40,Patience Lake,SL04,MAT-10051,Safety,Gloves — cut-resistant,43.2,251.9,10882.08,CAD,1,5,2024-12-24,2024-12-24,GR5002230,On Time,0
TX-00765,PO-90273,CA01,PO01,PG5,UB,2023-03-25,100036,S036,Canpar Courier,NX10,Allan,SL05,MAT-10038,Logistics,Rail freight,3.53,6432.89,22708.1,CAD,1,1,2023-03-26,2023-03-26,GR5002231,On Time,0
TX-02133,PO-84908,CA01,PO01,PG4,NB,2023-10-26,100038,S038,Prairie Packaging,NX70,Aurora,SL04,MAT-10047,Packaging,Corrugated box,38.6,1629.89,62913.75,CAD,1,5,2023-10-31,2023-10-31,GR5002232,On Time,0
TX-01449,PO-48455,CA01,PO01,PG4,NB,2023-09-19,100039,S039,Sealed Air Canada,NX30,Cory,SL04,MAT-10043,Packaging,Stretch film,20.7,1149.33,23791.13,CAD,1,8,2023-09-27,2023-09-27,GR5002233,On Time,0
TX-01516,PO-43260,CA01,PO01,PG4,NB,2025-12-13,100025,S025,Direct Safety,NX30,Cory,SL04,MAT-10008,Safety,FR coveralls,10.5,267.75,2811.38,CAD,0,7,2025-12-20,2025-12-20,GR5002234,On Time,0
TX-01875,PO-72242,CA01,PO01,PG2,NB,2025-02-17,100006,S006,HD Supply,NX20,Vanscoy,SL02,MAT-10023,Electrical,Motor starter,1.73,7414.24,12826.64,CAD,1,10,2025-02-27,2025-02-27,GR5002235,On Time,0
TX-00580,PO-44400,CA01,PO01,PG1,NB,2025-03-24,100001,S001,Prairie Industrial Supply,NX50,Redwater,SL01,MAT-10044,MRO,Pump seal kit,10.96,4482.26,49125.57,CAD,1,7,2025-03-31,2025-03-31,GR5002236,On Time,0
TX-00035,PO-73517,CA01,PO01,PG3,NB,2024-05-21,100030,S030,DuPont Canada,NX30,Cory,SL03,MAT-10030,Agri-Chemicals,Micronutrient blend,16.96,2507.57,42528.39,CAD,1,7,2024-05-28,2024-05-28,GR5002237,On Time,0
TX-00734,PO-16884,CA01,PO01,PG5,UB,2024-12-07,100017,S017,Canadian Freightways,NX40,Patience Lake,SL05,MAT-10028,Logistics,Inbound freight,2.03,2482.97,5040.43,CAD,1,3,2024-12-10,2024-12-10,GR5002238,On Time,0
TX-01717,PO-38207,CA01,PO01,PG2,NB,2025-10-02,100031,S031,Precision Instruments,NX70,Aurora,SL02,MAT-10018,Instrumentation,Temperature probe,9.19,21201.27,194839.67,CAD,0,14,2025-10-16,2025-10-16,GR5002239,On Time,0
TX-00985,PO-32176,CA01,PO01,PG5,UB,2023-07-03,100017,S017,Canadian Freightways,NX30,Cory,SL05,MAT-10038,Logistics,Rail freight,3.93,7641.24,30030.07,CAD,1,3,2023-07-06,2023-07-06,GR5002240,On Time,0
TX-00946,PO-24938,CA01,PO01,PG5,UB,2025-10-28,100017,S017,Canadian Freightways,NX50,Redwater,SL05,MAT-10040,Logistics,LTL shipment,1.61,977.49,1573.76,CAD,1,3,2025-10-31,2025-10-31,GR5002241,On Time,0
TX-02276,PO-31645,CA01,PO01,PG3,NB,2023-01-31,100027,S027,Western Agri-Chem,NX60,Rocanville,SL03,MAT-10027,Chemicals,Defoamer,2.27,10012.51,22728.4,CAD,1,8,2023-02-08,2023-02-08,GR5002242,On Time,0
TX-01619,PO-50027,CA01,PO01,PG2,NB,2023-08-11,100034,S034,ABB Canada,NX10,Allan,SL02,MAT-10019,Electrical,LED fixture,15.49,3355.6,51978.24,CAD,1,12,2023-08-23,2023-08-23,GR5002243,On Time,0
TX-00687,PO-18678,CA01,PO01,PG1,NB,2024-11-10,100002,S002,Wesco Distribution,NX40,Patience Lake,SL01,MAT-10026,MRO,Hose assembly,16.19,4001.73,64788.01,CAD,1,5,2024-11-15,2024-11-15,GR5002244,On Time,0
TX-01277,PO-84752,CA01,PO01,PG4,NB,2023-11-26,100039,S039,Sealed Air Canada,NX60,Rocanville,SL04,MAT-10043,Packaging,Stretch film,48.3,918.63,44369.83,CAD,1,8,2023-12-04,2023-12-04,GR5002245,On Time,0
TX-01735,PO-79720,CA01,PO01,PG3,NB,2024-10-18,100027,S027,Western Agri-Chem,NX20,Vanscoy,SL03,MAT-10003,Chemicals,Sulfuric acid,18.33,7105.56,130244.91,CAD,1,8,2024-10-26,2024-10-26,GR5002246,On Time,0
TX-00701,PO-20295,CA01,PO01,PG3,NB,2024-10-01,100040,S040,Generic Supplies Inc,NX30,Cory,SL03,MAT-10030,Agri-Chemicals,Micronutrient blend,7.31,2159.58,15786.53,CAD,0,15,2024-10-16,2024-10-16,GR5002247,On Time,0
TX-00360,PO-17850,CA01,PO01,PG1,NB,2024-09-21,100040,S040,Generic Supplies Inc,NX60,Rocanville,SL01,MAT-10006,MRO,Gear oil,2.98,2640.42,7868.45,CAD,0,15,2024-10-06,2024-10-06,GR5002248,On Time,0
TX-00763,PO-15975,CA01,PO01,PG4,NB,2023-10-09,100039,S039,Sealed Air Canada,NX20,Vanscoy,SL04,MAT-10013,Packaging,Pallet wrap,16.8,1932.21,32461.13,CAD,1,8,2023-10-17,2023-10-17,GR5002249,On Time,0
TX-01325,PO-67105,CA01,PO01,PG3,NB,2023-04-08,100007,S007,Brenntag Canada,NX10,Allan,SL03,MAT-10027,Chemicals,Defoamer,16.68,2353.83,39261.88,CAD,1,8,2023-04-16,2023-04-16,GR5002250,On Time,0
TX-01848,PO-16557,CA01,PO01,PG2,NB,2023-08-08,100032,S032,Endress+Hauser,NX20,Vanscoy,SL02,MAT-10052,Instrumentation,Control valve,17.8,21538.01,383376.58,CAD,1,21,2023-08-29,2023-08-29,GR5002251,On Time,0
TX-02225,PO-44774,CA01,PO01,PG2,NB,2023-04-22,100006,S006,HD Supply,NX70,Aurora,SL02,MAT-10023,Electrical,Motor starter,11.41,2764.34,31541.12,CAD,1,10,2023-05-02,2023-05-02,GR5002252,On Time,0
TX-02311,PO-19225,CA01,PO01,PG2,NB,2025-02-20,100034,S034,ABB Canada,NX70,Aurora,SL02,MAT-10023,Electrical,Motor starter,17.89,858.43,15357.31,CAD,1,12,2025-03-04,2025-03-01,GR5002253,On Time,0
TX-01870,PO-99192,CA01,PO01,PG3,NB,2023-02-03,100008,S008,Univar Solutions,NX20,Vanscoy,SL03,MAT-10031,Chemicals,Hydrochloric acid,1.59,2156.05,3428.12,CAD,1,9,2023-02-12,2023-02-12,GR5002254,On Time,0
TX-01371,PO-62814,CA01,PO01,PG2,NB,2024-08-23,100034,S034,ABB Canada,NX40,Patience Lake,SL02,MAT-10041,Electrical,Cable tray,2.02,12707.59,25669.33,CAD,1,12,2024-09-04,2024-09-04,GR5002255,On Time,0
TX-01154,PO-65450,CA01,PO01,PG1,NB,2025-11-02,100001,S001,Prairie Industrial Supply,NX20,Vanscoy,SL01,MAT-10001,MRO,Valve repair parts,6.67,4349.93,29014.03,CAD,1,7,2025-11-09,2025-11-09,GR5002256,On Time,0
TX-00027,PO-70946,CA01,PO01,PG1,NB,2024-03-06,100003,S003,Grainger Canada,NX30,Cory,SL01,MAT-10026,MRO,Hose assembly,9.17,2630.93,24125.63,CAD,1,3,2024-03-09,2024-03-09,GR5002257,On Time,0
TX-00558,PO-99536,CA01,PO01,PG5,UB,2024-12-25,100036,S036,Canpar Courier,NX30,Cory,SL05,MAT-10022,Logistics,Outbound freight,5.15,4802.84,24734.63,CAD,1,1,2024-12-26,2024-12-25,GR5002258,On Time,0
TX-00901,PO-83007,CA01,PO01,PG4,NB,2025-05-16,100029,S029,3M Canada,NX60,Rocanville,SL04,MAT-10048,Safety,Hard hat,37.1,117.37,4354.43,CAD,1,5,2025-05-21,2025-05-21,GR5002259,On Time,0
TX-01819,PO-91737,CA01,PO01,PG3,NB,2025-11-12,100026,S026,Sask Chemical Corp,NX30,Cory,SL03,MAT-10032,Agri-Chemicals,Anhydrous ammonia,17.73,3319.49,58854.56,CAD,1,6,2025-11-18,2025-11-18,GR5002260,On Time,0
TX-02316,PO-90398,CA01,PO01,PG4,NB,2024-07-15,100039,S039,Sealed Air Canada,NX70,Aurora,SL04,MAT-10045,Packaging,Label stock,39.5,1501.88,59324.26,CAD,1,8,2024-07-23,2024-07-23,GR5002261,On Time,0
TX-01573,PO-37608,CA01,PO01,PG2,NB,2025-06-29,100035,S035,Rockwell Automation,NX50,Redwater,SL02,MAT-10036,Electrical,Control panel,3.88,12844.47,49836.54,CAD,1,14,2025-07-13,2025-07-14,GR5002262,Late,1
TX-00363,PO-61505,CA01,PO01,PG1,NB,2023-09-25,100004,S004,Fastenal Canada,NX70,Aurora,SL01,MAT-10026,MRO,Hose assembly,5.5,1211.41,6662.76,CAD,1,4,2023-09-29,2023-09-29,GR5002263,On Time,0
TX-00478,PO-88974,CA01,PO01,PG2,NB,2024-08-25,100034,S034,ABB Canada,NX30,Cory,SL02,MAT-10018,Instrumentation,Temperature probe,9.6,4634.24,44488.7,CAD,1,12,2024-09-06,2024-09-06,GR5002264,On Time,0
TX-00621,PO-38157,CA01,PO01,PG2,NB,2023-10-04,100031,S031,Precision Instruments,NX40,Patience Lake,SL02,MAT-10002,Instrumentation,Flow meter,19.87,9461.4,187998.02,CAD,0,14,2023-10-18,2023-10-18,GR5002265,On Time,0
TX-00058,PO-53357,CA01,PO01,PG2,NB,2025-12-23,100006,S006,HD Supply,NX40,Patience Lake,SL02,MAT-10019,Electrical,LED fixture,7.53,14950.15,112574.63,CAD,1,10,2026-01-02,2026-01-02,GR5002266,On Time,0
TX-00996,PO-54909,CA01,PO01,PG2,NB,2025-10-30,100034,S034,ABB Canada,NX10,Allan,SL02,MAT-10025,Instrumentation,Analyzer calibration,19.19,8980.14,172328.89,CAD,1,12,2025-11-11,2025-11-10,GR5002267,On Time,0
TX-01038,PO-18503,CA01,PO01,PG3,NB,2023-06-16,100027,S027,Western Agri-Chem,NX70,Aurora,SL03,MAT-10030,Agri-Chemicals,Micronutrient blend,15.91,6411.58,102008.24,CAD,1,8,2023-06-24,2023-06-24,GR5002268,On Time,0
TX-02091,PO-77237,CA01,PO01,PG3,NB,2024-09-22,100026,S026,Sask Chemical Corp,NX60,Rocanville,SL03,MAT-10027,Chemicals,Defoamer,8.81,3933.62,34655.19,CAD,1,6,2024-09-28,2024-09-28,GR5002269,On Time,0
TX-01696,PO-14885,CA01,PO01,PG4,NB,2025-06-20,100038,S038,Prairie Packaging,NX30,Cory,SL04,MAT-10045,Packaging,Label stock,42.8,1180.82,50539.1,CAD,1,5,2025-06-25,2025-06-25,GR5002270,On Time,0
TX-02216,PO-19877,CA01,PO01,PG4,NB,2025-05-24,100038,S038,Prairie Packaging,NX20,Vanscoy,SL04,MAT-10045,Packaging,Label stock,40.2,1341.91,53944.78,CAD,1,5,2025-05-29,2025-06-03,GR5002271,Late,5
TX-00024,PO-26334,CA01,PO01,PG4,NB,2023-05-24,100025,S025,Direct Safety,NX60,Rocanville,SL04,MAT-10020,Safety,Safety harness,47.5,415.62,19741.95,CAD,0,7,2023-05-31,2023-05-31,GR5002272,On Time,0
TX-01001,PO-11105,CA01,PO01,PG3,NB,2025-02-09,100009,S009,Chemtrade Logistics,NX50,Redwater,SL03,MAT-10031,Chemicals,Hydrochloric acid,16.72,4809.22,80410.16,CAD,1,5,2025-02-14,2025-02-14,GR5002273,On Time,0
TX-01459,PO-74011,CA01,PO01,PG5,UB,2023-03-23,100016,S016,Nutrien Logistics,NX40,Patience Lake,SL05,MAT-10028,Logistics,Inbound freight,19.24,5167.02,99413.46,CAD,0,2,2023-03-25,2023-03-25,GR5002274,On Time,0
TX-00191,PO-68979,CA01,PO01,PG3,NB,2025-04-18,100040,S040,Generic Supplies Inc,NX60,Rocanville,SL03,MAT-10042,Agri-Chemicals,Urea 46-0-0,16.64,1102.73,18349.43,CAD,0,15,2025-05-03,2025-05-03,GR5002275,On Time,0
TX-01728,PO-88606,CA01,PO01,PG3,NB,2024-03-23,100027,S027,Western Agri-Chem,NX40,Patience Lake,SL03,MAT-10032,Agri-Chemicals,Anhydrous ammonia,19.54,1136.94,22215.81,CAD,1,8,2024-03-31,2024-03-31,GR5002276,On Time,0
TX-00164,PO-53947,CA01,PO01,PG2,NB,2024-10-14,100034,S034,ABB Canada,NX20,Vanscoy,SL02,MAT-10014,Electrical,Conduit kit,18.69,12619.81,235864.25,CAD,1,12,2024-10-26,2024-10-26,GR5002277,On Time,0
TX-00131,PO-92991,CA01,PO01,PG2,NB,2023-10-21,100033,S033,Siemens Canada,NX10,Allan,SL02,MAT-10041,Electrical,Cable tray,11.76,6131.61,72107.73,CAD,1,10,2023-10-31,2023-10-31,GR5002278,On Time,0
TX-00063,PO-43092,CA01,PO01,PG1,NB,2025-08-19,100005,S005,Motion Industries,NX30,Cory,SL01,MAT-10005,MRO,Bearing assembly,10.1,1566.14,15818.01,CAD,1,6,2025-08-25,2025-08-25,GR5002279,On Time,0
TX-00286,PO-41816,CA01,PO01,PG4,NB,2025-04-27,100038,S038,Prairie Packaging,NX30,Cory,SL04,MAT-10045,Packaging,Label stock,20.0,242.62,4852.4,CAD,1,5,2025-05-02,2025-05-02,GR5002280,On Time,0
TX-00391,PO-55938,CA01,PO01,PG3,NB,2024-11-18,100028,S028,BioAgra Solutions,NX70,Aurora,SL03,MAT-10015,Chemicals,Sodium hydroxide 50%,9.49,4137.87,39268.39,CAD,0,10,2024-11-28,2024-11-28,GR5002281,On Time,0
TX-01356,PO-61252,CA01,PO01,PG2,NB,2023-12-25,100034,S034,ABB Canada,NX40,Patience Lake,SL02,MAT-10009,Instrumentation,Level sensor,6.04,17458.06,105446.68,CAD,1,12,2024-01-06,2024-01-06,GR5002282,On Time,0
TX-01261,PO-46715,CA01,PO01,PG3,NB,2024-10-04,100026,S026,Sask Chemical Corp,NX60,Rocanville,SL03,MAT-10042,Agri-Chemicals,Urea 46-0-0,4.22,2646.62,11168.74,CAD,1,6,2024-10-10,2024-10-10,GR5002283,On Time,0
TX-02362,PO-61109,CA01,PO01,PG2,NB,2023-04-05,100033,S033,Siemens Canada,NX70,Aurora,SL02,MAT-10014,Electrical,Conduit kit,9.28,14592.17,135415.34,CAD,1,10,2023-04-15,2023-04-15,GR5002284,On Time,0
TX-00897,PO-47743,CA01,PO01,PG4,NB,2024-01-26,100029,S029,3M Canada,NX10,Allan,SL04,MAT-10008,Safety,FR coveralls,47.4,329.1,15599.34,CAD,1,5,2024-01-31,2024-02-06,GR5002285,Late,6
TX-00613,PO-58374,CA01,PO01,PG3,NB,2023-05-05,100026,S026,Sask Chemical Corp,NX60,Rocanville,SL03,MAT-10037,Agri-Chemicals,Potassium chloride,7.86,6050.43,47556.38,CAD,1,6,2023-05-11,2023-05-11,GR5002286,On Time,0
TX-00766,PO-95426,CA01,PO01,PG4,NB,2025-09-24,100038,S038,Prairie Packaging,NX20,Vanscoy,SL04,MAT-10034,Packaging,Bulk bags,5.0,93.87,469.35,CAD,1,5,2025-09-29,2025-09-29,GR5002287,On Time,0
TX-00251,PO-17398,CA01,PO01,PG1,NB,2023-04-01,100002,S002,Wesco Distribution,NX70,Aurora,SL01,MAT-10035,MRO,Conveyor belt,8.64,1092.81,9441.88,CAD,1,5,2023-04-06,2023-04-06,GR5002288,On Time,0
TX-02296,PO-61798,CA01,PO01,PG4,NB,2023-03-26,100038,S038,Prairie Packaging,NX40,Patience Lake,SL04,MAT-10047,Packaging,Corrugated box,44.1,343.92,15166.87,CAD,1,5,2023-03-31,2023-03-31,GR5002289,On Time,0
TX-01044,PO-51552,CA01,PO01,PG2,NB,2025-08-15,100006,S006,HD Supply,NX60,Rocanville,SL02,MAT-10036,Electrical,Control panel,9.22,5639.18,51993.24,CAD,1,10,2025-08-25,2025-08-25,GR5002290,On Time,0
TX-02201,PO-47212,CA01,PO01,PG1,NB,2025-05-21,100005,S005,Motion Industries,NX10,Allan,SL01,MAT-10044,MRO,Pump seal kit,11.56,860.56,9948.07,CAD,1,6,2025-05-27,2025-05-27,GR5002291,On Time,0
TX-01882,PO-59377,CA01,PO01,PG3,NB,2023-01-12,100030,S030,DuPont Canada,NX10,Allan,SL03,MAT-10032,Agri-Chemicals,Anhydrous ammonia,8.36,6058.43,50648.47,CAD,1,7,2023-01-19,2023-01-19,GR5002292,On Time,0
TX-00434,PO-93151,CA01,PO01,PG2,NB,2024-08-25,100035,S035,Rockwell Automation,NX40,Patience Lake,SL02,MAT-10023,Electrical,Motor starter,9.81,1943.17,19062.5,CAD,1,14,2024-09-08,2024-09-08,GR5002293,On Time,0
TX-01171,PO-63282,CA01,PO01,PG2,NB,2024-04-13,100034,S034,ABB Canada,NX40,Patience Lake,SL02,MAT-10009,Instrumentation,Level sensor,6.8,21661.15,147295.82,CAD,1,12,2024-04-25,2024-04-25,GR5002294,On Time,0
TX-00753,PO-20545,CA01,PO01,PG2,NB,2023-07-05,100034,S034,ABB Canada,NX20,Vanscoy,SL02,MAT-10009,Instrumentation,Level sensor,7.94,21553.54,171135.11,CAD,1,12,2023-07-17,2023-07-17,GR5002295,On Time,0
TX-01603,PO-32988,CA01,PO01,PG2,NB,2025-09-20,100035,S035,Rockwell Automation,NX60,Rocanville,SL02,MAT-10036,Electrical,Control panel,13.32,13087.58,174326.57,CAD,1,14,2025-10-04,2025-10-04,GR5002296,On Time,0
TX-00533,PO-40122,CA01,PO01,PG2,NB,2024-12-02,100032,S032,Endress+Hauser,NX70,Aurora,SL02,MAT-10046,Instrumentation,Pressure transmitter,18.52,15518.53,287403.18,CAD,1,21,2024-12-23,2024-12-23,GR5002297,On Time,0
TX-01045,PO-57067,CA01,PO01,PG2,NB,2024-01-03,100034,S034,ABB Canada,NX20,Vanscoy,SL02,MAT-10046,Instrumentation,Pressure transmitter,9.39,7742.18,72699.07,CAD,1,12,2024-01-15,2024-01-15,GR5002298,On Time,0
TX-01283,PO-26350,CA01,PO01,PG2,NB,2024-09-10,100035,S035,Rockwell Automation,NX20,Vanscoy,SL02,MAT-10033,Electrical,Transformer,18.04,7630.86,137660.71,CAD,1,14,2024-09-24,2024-09-24,GR5002299,On Time,0
TX-01555,PO-89119,CA01,PO01,PG3,NB,2023-04-22,100030,S030,DuPont Canada,NX60,Rocanville,SL03,MAT-10042,Agri-Chemicals,Urea 46-0-0,6.76,2365.73,15992.33,CAD,1,7,2023-04-29,2023-04-29,GR5002300,On Time,0
TX-00871,PO-47623,CA01,PO01,PG4,NB,2023-05-12,100039,S039,Sealed Air Canada,NX50,Redwater,SL04,MAT-10047,Packaging,Corrugated box,32.1,1704.26,54706.75,CAD,1,8,2023-05-20,2023-05-20,GR5002301,On Time,0
TX-02021,PO-44640,CA01,PO01,PG1,NB,2023-03-29,100001,S001,Prairie Industrial Supply,NX60,Rocanville,SL01,MAT-10044,MRO,Pump seal kit,9.92,1657.02,16437.64,CAD,1,7,2023-04-05,2023-04-05,GR5002302,On Time,0
TX-00299,PO-68429,CA01,PO01,PG1,NB,2024-03-30,100001,S001,Prairie Industrial Supply,NX30,Cory,SL01,MAT-10035,MRO,Conveyor belt,10.7,2358.65,25237.56,CAD,1,7,2024-04-06,2024-04-06,GR5002303,On Time,0
TX-00046,PO-70952,CA01,PO01,PG5,UB,2025-08-27,100017,S017,Canadian Freightways,NX10,Allan,SL05,MAT-10022,Logistics,Outbound freight,13.72,4729.77,64892.44,CAD,1,3,2025-08-30,2025-08-30,GR5002304,On Time,0
TX-01426,PO-89691,CA01,PO01,PG4,NB,2024-07-15,100038,S038,Prairie Packaging,NX40,Patience Lake,SL04,MAT-10043,Packaging,Stretch film,18.7,1345.72,25164.96,CAD,1,5,2024-07-20,2024-07-20,GR5002305,On Time,0
TX-00659,PO-61853,CA01,PO01,PG3,NB,2023-03-28,100026,S026,Sask Chemical Corp,NX60,Rocanville,SL03,MAT-10007,Chemicals,Corrosion inhibitor,17.68,3552.08,62800.77,CAD,1,6,2023-04-03,2023-04-03,GR5002306,On Time,0
TX-02324,PO-20363,CA01,PO01,PG3,NB,2023-10-03,100028,S028,BioAgra Solutions,NX60,Rocanville,SL03,MAT-10042,Agri-Chemicals,Urea 46-0-0,15.51,5603.96,86917.42,CAD,0,10,2023-10-13,2023-10-13,GR5002307,On Time,0
TX-00033,PO-70901,CA01,PO01,PG3,NB,2024-05-25,100026,S026,Sask Chemical Corp,NX40,Patience Lake,SL03,MAT-10032,Agri-Chemicals,Anhydrous ammonia,18.43,1322.33,24370.54,CAD,1,6,2024-05-31,2024-05-31,GR5002308,On Time,0
TX-01344,PO-45162,CA01,PO01,PG4,NB,2023-07-27,100039,S039,Sealed Air Canada,NX60,Rocanville,SL04,MAT-10043,Packaging,Stretch film,11.8,1662.21,19614.08,CAD,1,8,2023-08-04,2023-08-04,GR5002309,On Time,0
TX-01369,PO-13463,CA01,PO01,PG2,NB,2025-05-11,100006,S006,HD Supply,NX60,Rocanville,SL02,MAT-10019,Electrical,LED fixture,19.27,7027.0,135410.29,CAD,1,10,2025-05-21,2025-05-25,GR5002310,Late,4
TX-00644,PO-46159,CA01,PO01,PG2,NB,2024-09-11,100035,S035,Rockwell Automation,NX30,Cory,SL02,MAT-10019,Electrical,LED fixture,5.49,14678.02,80582.33,CAD,1,14,2024-09-25,2024-09-23,GR5002311,On Time,0
TX-01545,PO-61648,CA01,PO01,PG2,NB,2023-11-23,100033,S033,Siemens Canada,NX60,Rocanville,SL02,MAT-10014,Electrical,Conduit kit,7.55,7167.85,54117.27,CAD,1,10,2023-12-03,2023-12-03,GR5002312,On Time,0
TX-01878,PO-98505,CA01,PO01,PG4,NB,2023-07-14,100029,S029,3M Canada,NX60,Rocanville,SL04,MAT-10004,Safety,First aid kit,1.5,68.79,103.19,CAD,1,5,2023-07-19,2023-07-26,GR5002313,Late,7
TX-02011,PO-82299,CA01,PO01,PG3,NB,2023-08-27,100027,S027,Western Agri-Chem,NX40,Patience Lake,SL03,MAT-10007,Chemicals,Corrosion inhibitor,12.26,6102.41,74815.55,CAD,1,8,2023-09-04,2023-09-04,GR5002314,On Time,0
TX-02385,PO-24314,CA01,PO01,PG1,NB,2025-01-31,100001,S001,Prairie Industrial Supply,NX20,Vanscoy,SL01,MAT-10006,MRO,Gear oil,19.52,2766.36,53999.35,CAD,1,7,2025-02-07,2025-02-07,GR5002315,On Time,0
TX-00012,PO-82309,CA01,PO01,PG1,NB,2023-09-25,100003,S003,Grainger Canada,NX50,Redwater,SL01,MAT-10006,MRO,Gear oil,13.11,1215.7,15937.83,CAD,1,3,2023-09-28,2023-09-28,GR5002316,On Time,0
TX-00085,PO-49132,CA01,PO01,PG4,NB,2025-11-05,100039,S039,Sealed Air Canada,NX50,Redwater,SL04,MAT-10043,Packaging,Stretch film,14.1,84.93,1197.51,CAD,1,8,2025-11-13,2025-11-13,GR5002317,On Time,0
TX-00922,PO-94883,CA01,PO01,PG4,NB,2025-11-17,100038,S038,Prairie Packaging,NX20,Vanscoy,SL04,MAT-10013,Packaging,Pallet wrap,17.7,969.97,17168.47,CAD,1,5,2025-11-22,2025-11-22,GR5002318,On Time,0
TX-01536,PO-72324,CA01,PO01,PG2,NB,2025-01-04,100033,S033,Siemens Canada,NX70,Aurora,SL02,MAT-10036,Electrical,Control panel,17.52,316.89,5551.91,CAD,1,10,2025-01-14,2025-01-14,GR5002319,On Time,0
TX-01257,PO-75748,CA01,PO01,PG3,NB,2024-03-17,100028,S028,BioAgra Solutions,NX10,Allan,SL03,MAT-10031,Chemicals,Hydrochloric acid,16.34,9214.84,150570.49,CAD,0,10,2024-03-27,2024-03-27,GR5002320,On Time,0
TX-01184,PO-80310,CA01,PO01,PG5,UB,2025-08-21,100018,S018,TransWest Shipping,NX10,Allan,SL05,MAT-10022,Logistics,Outbound freight,8.51,3046.51,25925.8,CAD,0,4,2025-08-25,2025-08-25,GR5002321,On Time,0
TX-00794,PO-79033,CA01,PO01,PG4,NB,2023-05-10,100039,S039,Sealed Air Canada,NX20,Vanscoy,SL04,MAT-10045,Packaging,Label stock,19.3,948.63,18308.56,CAD,1,8,2023-05-18,2023-05-18,GR5002322,On Time,0
TX-00893,PO-94817,CA01,PO01,PG5,UB,2024-04-04,100036,S036,Canpar Courier,NX60,Rocanville,SL05,MAT-10039,Logistics,Flatbed transport,1.39,672.28,934.47,CAD,1,1,2024-04-05,2024-04-05,GR5002323,On Time,0
TX-00514,PO-70666,CA01,PO01,PG4,NB,2025-01-06,100039,S039,Sealed Air Canada,NX50,Redwater,SL04,MAT-10024,Packaging,Poly liner,7.6,1487.31,11303.56,CAD,1,8,2025-01-14,2025-01-14,GR5002324,On Time,0
TX-01094,PO-26457,CA01,PO01,PG3,NB,2024-01-30,100026,S026,Sask Chemical Corp,NX20,Vanscoy,SL03,MAT-10031,Chemicals,Hydrochloric acid,1.99,11910.54,23701.97,CAD,1,6,2024-02-05,2024-02-05,GR5002325,On Time,0
TX-02052,PO-74166,CA01,PO01,PG1,NB,2024-07-21,100004,S004,Fastenal Canada,NX70,Aurora,SL01,MAT-10005,MRO,Bearing assembly,11.28,2974.97,33557.66,CAD,1,4,2024-07-25,2024-07-25,GR5002326,On Time,0
TX-01962,PO-49396,CA01,PO01,PG2,NB,2023-02-15,100032,S032,Endress+Hauser,NX10,Allan,SL02,MAT-10052,Instrumentation,Control valve,9.24,7896.43,72963.01,CAD,1,21,2023-03-08,2023-03-08,GR5002327,On Time,0
TX-00990,PO-49926,CA01,PO01,PG1,NB,2023-07-27,100003,S003,Grainger Canada,NX40,Patience Lake,SL01,MAT-10001,MRO,Valve repair parts,5.68,2518.45,14304.8,CAD,1,3,2023-07-30,2023-07-30,GR5002328,On Time,0
TX-00181,PO-77251,CA01,PO01,PG2,NB,2023-04-28,100006,S006,HD Supply,NX30,Cory,SL02,MAT-10050,Electrical,Junction box,2.43,9635.19,23413.51,CAD,1,10,2023-05-08,2023-05-08,GR5002329,On Time,0
TX-01077,PO-42728,CA01,PO01,PG3,NB,2023-01-10,100026,S026,Sask Chemical Corp,NX40,Patience Lake,SL03,MAT-10032,Agri-Chemicals,Anhydrous ammonia,1.92,3268.21,6274.96,CAD,1,6,2023-01-16,2023-01-16,GR5002330,On Time,0
TX-01956,PO-61694,CA01,PO01,PG3,NB,2023-10-19,100028,S028,BioAgra Solutions,NX10,Allan,SL03,MAT-10017,Agri-Chemicals,Phosphate blend,15.48,2125.22,32898.41,CAD,0,10,2023-10-29,2023-10-29,GR5002331,On Time,0
TX-01800,PO-38607,CA01,PO01,PG4,NB,2024-08-30,100024,S024,Northern Safety,NX60,Rocanville,SL04,MAT-10008,Safety,FR coveralls,30.5,212.53,6482.16,CAD,1,2,2024-09-01,2024-09-01,GR5002332,On Time,0
TX-01585,PO-31818,CA01,PO01,PG3,NB,2025-04-17,100027,S027,Western Agri-Chem,NX40,Patience Lake,SL03,MAT-10031,Chemicals,Hydrochloric acid,18.96,4440.23,84186.76,CAD,1,8,2025-04-25,2025-04-25,GR5002333,On Time,0
TX-02240,PO-83188,CA01,PO01,PG3,NB,2024-07-31,100008,S008,Univar Solutions,NX50,Redwater,SL03,MAT-10015,Chemicals,Sodium hydroxide 50%,4.35,1809.13,7869.72,CAD,1,9,2024-08-09,2024-08-09,GR5002334,On Time,0
TX-00302,PO-67431,CA01,PO01,PG2,NB,2024-02-28,100006,S006,HD Supply,NX50,Redwater,SL02,MAT-10023,Electrical,Motor starter,10.9,5354.84,58367.76,CAD,1,10,2024-03-09,2024-03-09,GR5002335,On Time,0
TX-00241,PO-68390,CA01,PO01,PG3,NB,2024-02-25,100026,S026,Sask Chemical Corp,NX70,Aurora,SL03,MAT-10030,Agri-Chemicals,Micronutrient blend,14.62,4115.09,60162.62,CAD,1,6,2024-03-02,2024-03-02,GR5002336,On Time,0
TX-02243,PO-38130,CA01,PO01,PG2,NB,2023-05-16,100006,S006,HD Supply,NX50,Redwater,SL02,MAT-10023,Electrical,Motor starter,16.4,11092.55,181917.82,CAD,1,10,2023-05-26,2023-05-30,GR5002337,Late,4
TX-01756,PO-67523,CA01,PO01,PG5,UB,2023-05-11,100018,S018,TransWest Shipping,NX40,Patience Lake,SL05,MAT-10038,Logistics,Rail freight,5.28,5742.79,30321.93,CAD,0,4,2023-05-15,2023-05-15,GR5002338,On Time,0
TX-01630,PO-58424,CA01,PO01,PG2,NB,2023-07-27,100034,S034,ABB Canada,NX20,Vanscoy,SL02,MAT-10052,Instrumentation,Control valve,2.07,9553.26,19775.25,CAD,1,12,2023-08-08,2023-08-06,GR5002339,On Time,0
TX-00079,PO-91973,CA01,PO01,PG1,NB,2025-08-04,100040,S040,Generic Supplies Inc,NX50,Redwater,SL01,MAT-10006,MRO,Gear oil,8.85,977.92,8654.59,CAD,0,15,2025-08-19,2025-08-19,GR5002340,On Time,0
TX-00054,PO-13761,CA01,PO01,PG3,NB,2025-08-09,100027,S027,Western Agri-Chem,NX50,Redwater,SL03,MAT-10017,Agri-Chemicals,Phosphate blend,11.83,5478.23,64807.46,CAD,1,8,2025-08-17,2025-08-17,GR5002341,On Time,0
TX-02333,PO-95566,CA01,PO01,PG2,NB,2023-03-06,100035,S035,Rockwell Automation,NX20,Vanscoy,SL02,MAT-10050,Electrical,Junction box,13.84,6552.71,90689.51,CAD,1,14,2023-03-20,2023-03-20,GR5002342,On Time,0
TX-01995,PO-80157,CA01,PO01,PG4,NB,2023-04-08,100038,S038,Prairie Packaging,NX60,Rocanville,SL04,MAT-10047,Packaging,Corrugated box,48.0,1620.59,77788.32,CAD,1,5,2023-04-13,2023-04-13,GR5002343,On Time,0
TX-01670,PO-55075,CA01,PO01,PG4,NB,2024-10-22,100024,S024,Northern Safety,NX60,Rocanville,SL04,MAT-10004,Safety,First aid kit,1.6,202.7,324.32,CAD,1,2,2024-10-24,2024-10-24,GR5002344,On Time,0
TX-00243,PO-65534,CA01,PO01,PG2,NB,2024-06-05,100031,S031,Precision Instruments,NX60,Rocanville,SL02,MAT-10046,Instrumentation,Pressure transmitter,16.51,21318.75,351972.56,CAD,0,14,2024-06-19,2024-06-22,GR5002345,Late,3
TX-00137,PO-53007,CA01,PO01,PG1,NB,2024-03-08,100002,S002,Wesco Distribution,NX30,Cory,SL01,MAT-10016,MRO,Filter element,15.58,3450.52,53759.1,CAD,1,5,2024-03-13,2024-03-13,GR5002346,On Time,0
TX-00290,PO-53874,CA01,PO01,PG2,NB,2024-11-11,100031,S031,Precision Instruments,NX60,Rocanville,SL02,MAT-10018,Instrumentation,Temperature probe,16.99,11890.94,202027.07,CAD,0,14,2024-11-25,2024-11-25,GR5002347,On Time,0
TX-01589,PO-75564,CA01,PO01,PG4,NB,2025-06-27,100029,S029,3M Canada,NX40,Patience Lake,SL04,MAT-10051,Safety,Gloves — cut-resistant,49.5,322.77,15977.11,CAD,1,5,2025-07-02,2025-07-02,GR5002348,On Time,0
TX-01481,PO-11787,CA01,PO01,PG2,NB,2024-11-09,100032,S032,Endress+Hauser,NX30,Cory,SL02,MAT-10002,Instrumentation,Flow meter,8.85,14494.35,128275.0,CAD,1,21,2024-11-30,2024-11-30,GR5002349,On Time,0
TX-00188,PO-30644,CA01,PO01,PG2,NB,2023-05-13,100035,S035,Rockwell Automation,NX70,Aurora,SL02,MAT-10050,Electrical,Junction box,11.45,4497.36,51494.77,CAD,1,14,2023-05-27,2023-05-27,GR5002350,On Time,0
TX-00601,PO-72294,CA01,PO01,PG3,NB,2024-05-12,100026,S026,Sask Chemical Corp,NX50,Redwater,SL03,MAT-10021,Chemicals,Process chemical,1.17,1270.33,1486.29,CAD,1,6,2024-05-18,2024-05-18,GR5002351,On Time,0
TX-01395,PO-14356,CA01,PO01,PG4,NB,2023-02-19,100038,S038,Prairie Packaging,NX20,Vanscoy,SL04,MAT-10013,Packaging,Pallet wrap,31.8,1363.82,43369.48,CAD,1,5,2023-02-24,2023-02-24,GR5002352,On Time,0
TX-02323,PO-72700,CA01,PO01,PG5,UB,2023-11-08,100016,S016,Nutrien Logistics,NX10,Allan,SL05,MAT-10040,Logistics,LTL shipment,6.59,8774.16,57821.71,CAD,0,2,2023-11-10,2023-11-10,GR5002353,On Time,0
TX-01532,PO-55471,CA01,PO01,PG3,NB,2025-02-28,100027,S027,Western Agri-Chem,NX20,Vanscoy,SL03,MAT-10037,Agri-Chemicals,Potassium chloride,3.96,4722.21,18699.95,CAD,1,8,2025-03-08,2025-03-08,GR5002354,On Time,0
TX-00998,PO-10560,CA01,PO01,PG2,NB,2023-10-01,100033,S033,Siemens Canada,NX70,Aurora,SL02,MAT-10036,Electrical,Control panel,13.28,230.3,3058.38,CAD,1,10,2023-10-11,2023-10-11,GR5002355,On Time,0
TX-01418,PO-87101,CA01,PO01,PG3,NB,2023-02-13,100030,S030,DuPont Canada,NX20,Vanscoy,SL03,MAT-10017,Agri-Chemicals,Phosphate blend,10.48,656.55,6880.64,CAD,1,7,2023-02-20,2023-02-20,GR5002356,On Time,0
TX-01472,PO-96824,CA01,PO01,PG4,NB,2024-08-11,100024,S024,Northern Safety,NX50,Redwater,SL04,MAT-10049,Safety,Safety glasses,21.6,189.93,4102.49,CAD,1,2,2024-08-13,2024-08-13,GR5002357,On Time,0
TX-02235,PO-25195,CA01,PO01,PG3,NB,2023-08-24,100027,S027,Western Agri-Chem,NX20,Vanscoy,SL03,MAT-10042,Agri-Chemicals,Urea 46-0-0,12.51,6069.76,75932.7,CAD,1,8,2023-09-01,2023-09-01,GR5002358,On Time,0
TX-00714,PO-55123,CA01,PO01,PG2,NB,2024-09-15,100035,S035,Rockwell Automation,NX40,Patience Lake,SL02,MAT-10014,Electrical,Conduit kit,18.45,14062.81,259458.84,CAD,1,14,2024-09-29,2024-09-29,GR5002359,On Time,0
TX-01380,PO-41546,CA01,PO01,PG3,NB,2023-02-14,100026,S026,Sask Chemical Corp,NX10,Allan,SL03,MAT-10003,Chemicals,Sulfuric acid,4.51,9967.76,44954.6,CAD,1,6,2023-02-20,2023-02-20,GR5002360,On Time,0
TX-00907,PO-82833,CA01,PO01,PG2,NB,2024-10-08,100006,S006,HD Supply,NX10,Allan,SL02,MAT-10041,Electrical,Cable tray,15.0,7470.87,112063.05,CAD,1,10,2024-10-18,2024-10-18,GR5002361,On Time,0
TX-00385,PO-19506,CA01,PO01,PG1,NB,2023-10-18,100002,S002,Wesco Distribution,NX40,Patience Lake,SL01,MAT-10026,MRO,Hose assembly,15.71,3816.84,59962.56,CAD,1,5,2023-10-23,2023-10-23,GR5002362,On Time,0
TX-01229,PO-15681,CA01,PO01,PG3,NB,2023-08-31,100027,S027,Western Agri-Chem,NX30,Cory,SL03,MAT-10015,Chemicals,Sodium hydroxide 50%,7.85,11156.66,87579.78,CAD,1,8,2023-09-08,2023-09-08,GR5002363,On Time,0
TX-02224,PO-27657,CA01,PO01,PG4,NB,2023-02-27,100024,S024,Northern Safety,NX10,Allan,SL04,MAT-10048,Safety,Hard hat,40.8,306.04,12486.43,CAD,1,2,2023-03-01,2023-03-01,GR5002364,On Time,0
TX-00295,PO-65460,CA01,PO01,PG4,NB,2024-09-12,100039,S039,Sealed Air Canada,NX10,Allan,SL04,MAT-10043,Packaging,Stretch film,12.9,1344.63,17345.73,CAD,1,8,2024-09-20,2024-09-20,GR5002365,On Time,0
TX-00264,PO-42208,CA01,PO01,PG5,UB,2025-05-05,100016,S016,Nutrien Logistics,NX30,Cory,SL05,MAT-10039,Logistics,Flatbed transport,6.61,2160.9,14283.55,CAD,0,2,2025-05-07,2025-05-13,GR5002366,Late,6
TX-01165,PO-33033,CA01,PO01,PG2,NB,2025-02-11,100031,S031,Precision Instruments,NX20,Vanscoy,SL02,MAT-10046,Instrumentation,Pressure transmitter,19.61,7707.96,151153.1,CAD,0,14,2025-02-25,2025-02-25,GR5002367,On Time,0
TX-02075,PO-15565,CA01,PO01,PG3,NB,2023-06-06,100040,S040,Generic Supplies Inc,NX50,Redwater,SL03,MAT-10030,Agri-Chemicals,Micronutrient blend,3.86,7333.14,28305.92,CAD,0,15,2023-06-21,2023-06-21,GR5002368,On Time,0
TX-00187,PO-21506,CA01,PO01,PG4,NB,2023-06-01,100024,S024,Northern Safety,NX10,Allan,SL04,MAT-10051,Safety,Gloves — cut-resistant,23.2,361.5,8386.8,CAD,1,2,2023-06-03,2023-06-03,GR5002369,On Time,0
TX-01755,PO-59811,CA01,PO01,PG2,NB,2025-08-04,100032,S032,Endress+Hauser,NX30,Cory,SL02,MAT-10018,Instrumentation,Temperature probe,4.81,16637.18,80024.84,CAD,1,21,2025-08-25,2025-08-25,GR5002370,On Time,0
TX-DUP-010,PO-64997,CA01,PO01,PG2,NB,2023-01-26,100034,S034,ABB Canada,NX50,Redwater,SL02,MAT-10052,Instrumentation,Control valve,15.94,16141.86,257301.25,CAD,1,12,2023-02-07,2023-02-07,GR5002371,On Time,0
TX-00129,PO-66244,CA01,PO01,PG4,NB,2025-01-22,100024,S024,Northern Safety,NX30,Cory,SL04,MAT-10049,Safety,Safety glasses,6.6,125.86,830.68,CAD,1,2,2025-01-24,2025-01-24,GR5002372,On Time,0
TX-00517,PO-14804,CA01,PO01,PG1,NB,2023-03-05,100005,S005,Motion Industries,NX70,Aurora,SL01,MAT-10035,MRO,Conveyor belt,16.44,2626.11,43173.25,CAD,1,6,2023-03-11,2023-03-13,GR5002373,Late,2
TX-01427,PO-70650,CA01,PO01,PG1,NB,2024-10-19,100001,S001,Prairie Industrial Supply,NX30,Cory,SL01,MAT-10006,MRO,Gear oil,16.88,3821.79,64511.82,CAD,1,7,2024-10-26,2024-10-26,GR5002374,On Time,0
TX-01137,PO-30014,CA01,PO01,PG3,NB,2024-08-19,100027,S027,Western Agri-Chem,NX60,Rocanville,SL03,MAT-10017,Agri-Chemicals,Phosphate blend,14.38,3262.99,46921.8,CAD,1,8,2024-08-27,2024-08-27,GR5002375,On Time,0
TX-00013,PO-81511,CA01,PO01,PG4,NB,2023-06-04,100038,S038,Prairie Packaging,NX20,Vanscoy,SL04,MAT-10013,Packaging,Pallet wrap,47.3,1406.76,66539.75,CAD,1,5,2023-06-09,2023-06-15,GR5002376,Late,6
TX-00486,PO-82368,CA01,PO01,PG1,NB,2025-05-03,100004,S004,Fastenal Canada,NX60,Rocanville,SL01,MAT-10026,MRO,Hose assembly,19.18,4392.41,84246.42,CAD,1,4,2025-05-07,2025-05-06,GR5002377,On Time,0
TX-02372,PO-70367,CA01,PO01,PG2,NB,2025-08-02,100034,S034,ABB Canada,NX20,Vanscoy,SL02,MAT-10023,Electrical,Motor starter,7.86,7755.35,60957.05,CAD,1,12,2025-08-14,2025-08-14,GR5002378,On Time,0
TX-00833,PO-14298,CA01,PO01,PG3,NB,2025-09-18,100007,S007,Brenntag Canada,NX50,Redwater,SL03,MAT-10015,Chemicals,Sodium hydroxide 50%,15.39,1276.19,19640.56,CAD,1,8,2025-09-26,2025-09-26,GR5002379,On Time,0
TX-00050,PO-11658,CA01,PO01,PG1,NB,2025-05-27,100003,S003,Grainger Canada,NX40,Patience Lake,SL01,MAT-10026,MRO,Hose assembly,13.57,356.86,4842.59,CAD,1,3,2025-05-30,2025-05-30,GR5002380,On Time,0
TX-01246,PO-84981,CA01,PO01,PG5,UB,2025-05-17,100016,S016,Nutrien Logistics,NX60,Rocanville,SL05,MAT-10029,Logistics,Expedited shipping,13.92,7909.65,110102.33,CAD,0,2,2025-05-19,2025-05-19,GR5002381,On Time,0
TX-00886,PO-74447,CA01,PO01,PG2,NB,2023-03-11,100006,S006,HD Supply,NX50,Redwater,SL02,MAT-10033,Electrical,Transformer,6.21,1385.4,8603.33,CAD,1,10,2023-03-21,2023-03-21,GR5002382,On Time,0
TX-01180,PO-90969,CA01,PO01,PG4,NB,2025-11-21,100038,S038,Prairie Packaging,NX30,Cory,SL04,MAT-10024,Packaging,Poly liner,41.5,148.02,6142.83,CAD,1,5,2025-11-26,2025-11-26,GR5002383,On Time,0
TX-01609,PO-18345,CA01,PO01,PG3,NB,2024-06-28,100027,S027,Western Agri-Chem,NX20,Vanscoy,SL03,MAT-10032,Agri-Chemicals,Anhydrous ammonia,11.49,1094.33,12573.85,CAD,1,8,2024-07-06,2024-07-06,GR5002384,On Time,0
TX-00040,PO-62994,CA01,PO01,PG4,NB,2024-07-12,100025,S025,Direct Safety,NX10,Allan,SL04,MAT-10020,Safety,Safety harness,22.4,34.24,766.98,CAD,0,7,2024-07-19,2024-07-24,GR5002385,Late,5
TX-00198,PO-69446,CA01,PO01,PG2,NB,2024-05-16,100033,S033,Siemens Canada,NX60,Rocanville,SL02,MAT-10009,Instrumentation,Level sensor,16.29,17597.28,286659.69,CAD,1,10,2024-05-26,2024-05-26,GR5002386,On Time,0
TX-00270,PO-24026,CA01,PO01,PG2,NB,2025-10-25,100033,S033,Siemens Canada,NX20,Vanscoy,SL02,MAT-10002,Instrumentation,Flow meter,16.45,17339.77,285239.22,CAD,1,10,2025-11-04,2025-11-05,GR5002387,Late,1
TX-00945,PO-56798,CA01,PO01,PG4,NB,2023-04-07,100024,S024,Northern Safety,NX40,Patience Lake,SL04,MAT-10008,Safety,FR coveralls,50.0,156.34,7817.0,CAD,1,2,2023-04-09,2023-04-11,GR5002388,Late,2
TX-00115,PO-53064,CA01,PO01,PG4,NB,2024-02-29,100024,S024,Northern Safety,NX50,Redwater,SL04,MAT-10049,Safety,Safety glasses,29.7,328.96,9770.11,CAD,1,2,2024-03-02,2024-03-02,GR5002389,On Time,0
TX-01500,PO-27739,CA01,PO01,PG2,NB,2024-03-07,100034,S034,ABB Canada,NX60,Rocanville,SL02,MAT-10025,Instrumentation,Analyzer calibration,18.79,23286.37,437550.89,CAD,1,12,2024-03-19,2024-03-19,GR5002390,On Time,0
TX-01450,PO-15929,CA01,PO01,PG3,NB,2024-11-20,100009,S009,Chemtrade Logistics,NX50,Redwater,SL03,MAT-10003,Chemicals,Sulfuric acid,12.24,7706.25,94324.5,CAD,1,5,2024-11-25,2024-11-25,GR5002391,On Time,0
TX-00203,PO-50441,CA01,PO01,PG2,NB,2023-11-23,100034,S034,ABB Canada,NX50,Redwater,SL02,MAT-10036,Electrical,Control panel,10.47,7817.93,81853.73,CAD,1,12,2023-12-05,2023-12-03,GR5002392,On Time,0
TX-02256,PO-46198,CA01,PO01,PG4,NB,2025-04-24,100024,S024,Northern Safety,NX50,Redwater,SL04,MAT-10051,Safety,Gloves — cut-resistant,28.1,58.14,1633.73,CAD,1,2,2025-04-26,2025-04-26,GR5002393,On Time,0
TX-01900,PO-15236,CA01,PO01,PG4,NB,2023-06-23,100038,S038,Prairie Packaging,NX40,Patience Lake,SL04,MAT-10043,Packaging,Stretch film,35.5,1571.93,55803.51,CAD,1,5,2023-06-28,2023-06-28,GR5002394,On Time,0
TX-00529,PO-27658,CA01,PO01,PG5,UB,2024-05-14,100036,S036,Canpar Courier,NX20,Vanscoy,SL05,MAT-10022,Logistics,Outbound freight,1.82,4801.15,8738.09,CAD,1,1,2024-05-15,2024-05-15,GR5002395,On Time,0
TX-00784,PO-69302,CA01,PO01,PG1,NB,2025-03-18,100004,S004,Fastenal Canada,NX40,Patience Lake,SL01,MAT-10044,MRO,Pump seal kit,10.11,3601.18,36407.93,CAD,1,4,2025-03-22,2025-03-22,GR5002396,On Time,0
TX-01815,PO-84098,CA01,PO01,PG2,NB,2025-02-03,100033,S033,Siemens Canada,NX70,Aurora,SL02,MAT-10009,Instrumentation,Level sensor,16.34,21806.29,356314.78,CAD,1,10,2025-02-13,2025-02-13,GR5002397,On Time,0
TX-00410,PO-23845,CA01,PO01,PG3,NB,2023-10-31,100026,S026,Sask Chemical Corp,NX10,Allan,SL03,MAT-10015,Chemicals,Sodium hydroxide 50%,11.77,7325.98,86226.78,CAD,1,6,2023-11-06,2023-11-06,GR5002398,On Time,0
TX-02017,PO-37827,CA01,PO01,PG3,NB,2024-11-14,100009,S009,Chemtrade Logistics,NX50,Redwater,SL03,MAT-10007,Chemicals,Corrosion inhibitor,7.05,2185.74,15409.47,CAD,1,5,2024-11-19,2024-11-19,GR5002399,On Time,0
TX-00180,PO-15551,CA01,PO01,PG2,NB,2025-05-22,100033,S033,Siemens Canada,NX60,Rocanville,SL02,MAT-10018,Instrumentation,Temperature probe,4.17,11931.85,49755.81,CAD,1,10,2025-06-01,2025-06-02,GR5002400,Late,1
TX-01158,PO-91567,CA01,PO01,PG5,UB,2024-03-18,100037,S037,Purolator,NX40,Patience Lake,SL05,MAT-10038,Logistics,Rail freight,12.24,2580.47,31584.95,CAD,1,1,2024-03-19,2024-03-19,GR5002401,On Time,0
TX-01795,PO-34323,CA01,PO01,PG3,NB,2023-10-12,100007,S007,Brenntag Canada,NX70,Aurora,SL03,MAT-10015,Chemicals,Sodium hydroxide 50%,4.79,9155.92,43856.86,CAD,1,8,2023-10-20,2023-10-20,GR5002402,On Time,0
TX-00132,PO-30631,CA01,PO01,PG1,NB,2025-12-22,100001,S001,Prairie Industrial Supply,NX70,Aurora,SL01,MAT-10026,MRO,Hose assembly,5.09,1918.25,9763.89,CAD,1,7,2025-12-29,2025-12-29,GR5002403,On Time,0
TX-01392,PO-32815,CA01,PO01,PG2,NB,2023-05-30,100031,S031,Precision Instruments,NX20,Vanscoy,SL02,MAT-10046,Instrumentation,Pressure transmitter,9.39,11575.31,108692.16,CAD,0,14,2023-06-13,2023-06-13,GR5002404,On Time,0
TX-01803,PO-51733,CA01,PO01,PG4,NB,2025-07-02,100038,S038,Prairie Packaging,NX70,Aurora,SL04,MAT-10034,Packaging,Bulk bags,1.6,1509.0,2414.4,CAD,1,5,2025-07-07,2025-07-07,GR5002405,On Time,0
TX-01064,PO-94711,CA01,PO01,PG2,NB,2025-08-05,100006,S006,HD Supply,NX60,Rocanville,SL02,MAT-10050,Electrical,Junction box,11.95,11111.9,132787.2,CAD,1,10,2025-08-15,2025-08-15,GR5002406,On Time,0
TX-01422,PO-91465,CA01,PO01,PG2,NB,2024-03-19,100035,S035,Rockwell Automation,NX50,Redwater,SL02,MAT-10033,Electrical,Transformer,15.39,5245.98,80735.63,CAD,1,14,2024-04-02,2024-04-02,GR5002407,On Time,0
TX-00750,PO-85319,CA01,PO01,PG1,NB,2025-03-10,100001,S001,Prairie Industrial Supply,NX70,Aurora,SL01,MAT-10012,MRO,Coupling set,6.06,3165.25,19181.41,CAD,1,7,2025-03-17,2025-03-17,GR5002408,On Time,0
TX-00879,PO-67602,CA01,PO01,PG4,NB,2024-03-22,100038,S038,Prairie Packaging,NX60,Rocanville,SL04,MAT-10047,Packaging,Corrugated box,8.1,416.3,3372.03,CAD,1,5,2024-03-27,2024-03-29,GR5002409,Late,2
TX-01382,PO-65683,CA01,PO01,PG3,NB,2024-07-17,100028,S028,BioAgra Solutions,NX70,Aurora,SL03,MAT-10037,Agri-Chemicals,Potassium chloride,8.43,6201.18,52275.95,CAD,0,10,2024-07-27,2024-07-27,GR5002410,On Time,0
TX-00455,PO-11267,CA01,PO01,PG2,NB,2023-08-26,100035,S035,Rockwell Automation,NX60,Rocanville,SL02,MAT-10023,Electrical,Motor starter,2.8,11421.42,31979.98,CAD,1,14,2023-09-09,2023-09-09,GR5002411,On Time,0
TX-01309,PO-42780,CA01,PO01,PG2,NB,2025-10-12,100034,S034,ABB Canada,NX70,Aurora,SL02,MAT-10002,Instrumentation,Flow meter,9.29,23739.12,220536.42,CAD,1,12,2025-10-24,2025-10-24,GR5002412,On Time,0
TX-00324,PO-62802,CA01,PO01,PG2,NB,2025-07-14,100034,S034,ABB Canada,NX60,Rocanville,SL02,MAT-10046,Instrumentation,Pressure transmitter,2.43,20173.07,49020.56,CAD,1,12,2025-07-26,2025-07-26,GR5002413,On Time,0
TX-00208,PO-99181,CA01,PO01,PG3,NB,2025-07-11,100026,S026,Sask Chemical Corp,NX40,Patience Lake,SL03,MAT-10007,Chemicals,Corrosion inhibitor,15.52,3932.87,61038.14,CAD,1,6,2025-07-17,2025-07-17,GR5002414,On Time,0
TX-01711,PO-51963,CA01,PO01,PG2,NB,2025-01-28,100035,S035,Rockwell Automation,NX60,Rocanville,SL02,MAT-10041,Electrical,Cable tray,7.93,13897.49,110207.1,CAD,1,14,2025-02-11,2025-02-09,GR5002415,On Time,0
TX-00647,PO-81071,CA01,PO01,PG4,NB,2023-11-09,100025,S025,Direct Safety,NX10,Allan,SL04,MAT-10051,Safety,Gloves — cut-resistant,21.9,155.68,3409.39,CAD,0,7,2023-11-16,2023-11-18,GR5002416,Late,2
TX-00044,PO-55870,CA01,PO01,PG4,NB,2023-06-17,100039,S039,Sealed Air Canada,NX50,Redwater,SL04,MAT-10034,Packaging,Bulk bags,24.0,1518.13,36435.12,CAD,1,8,2023-06-25,2023-06-25,GR5002417,On Time,0
TX-00244,PO-14159,CA01,PO01,PG2,NB,2023-05-04,100033,S033,Siemens Canada,NX40,Patience Lake,SL02,MAT-10036,Electrical,Control panel,18.76,1221.48,22914.96,CAD,1,10,2023-05-14,2023-05-14,GR5002418,On Time,0
TX-01464,PO-19710,CA01,PO01,PG5,UB,2024-07-19,100037,S037,Purolator,NX30,Cory,SL05,MAT-10038,Logistics,Rail freight,9.62,6016.41,57877.86,CAD,1,1,2024-07-20,2024-07-20,GR5002419,On Time,0
TX-02318,PO-54553,CA01,PO01,PG1,NB,2025-05-17,100003,S003,Grainger Canada,NX30,Cory,SL01,MAT-10006,MRO,Gear oil,17.44,2230.63,38902.19,CAD,1,3,2025-05-20,2025-05-20,GR5002420,On Time,0
TX-01286,PO-21484,CA01,PO01,PG4,NB,2025-06-14,100039,S039,Sealed Air Canada,NX30,Cory,SL04,MAT-10034,Packaging,Bulk bags,32.1,1428.02,45839.44,CAD,1,8,2025-06-22,2025-06-22,GR5002421,On Time,0
TX-01793,PO-19225,CA01,PO01,PG3,NB,2023-01-28,100007,S007,Brenntag Canada,NX20,Vanscoy,SL03,MAT-10007,Chemicals,Corrosion inhibitor,14.99,4620.71,69264.44,CAD,1,8,2023-02-05,2023-02-05,GR5002422,On Time,0
TX-00747,PO-80861,CA01,PO01,PG3,NB,2025-03-15,100026,S026,Sask Chemical Corp,NX10,Allan,SL03,MAT-10031,Chemicals,Hydrochloric acid,4.39,6311.04,27705.47,CAD,1,6,2025-03-21,2025-03-20,GR5002423,On Time,0
TX-00554,PO-73390,CA01,PO01,PG3,NB,2024-05-27,100027,S027,Western Agri-Chem,NX30,Cory,SL03,MAT-10007,Chemicals,Corrosion inhibitor,14.19,11619.82,164885.25,CAD,1,8,2024-06-04,2024-06-04,GR5002424,On Time,0
TX-00339,PO-48737,CA01,PO01,PG2,NB,2024-09-09,100031,S031,Precision Instruments,NX50,Redwater,SL02,MAT-10018,Instrumentation,Temperature probe,4.9,17231.95,84436.56,CAD,0,14,2024-09-23,2024-09-23,GR5002425,On Time,0
TX-00003,PO-84668,CA01,PO01,PG3,NB,2023-05-20,100008,S008,Univar Solutions,NX20,Vanscoy,SL03,MAT-10015,Chemicals,Sodium hydroxide 50%,13.83,3434.28,47496.09,CAD,1,9,2023-05-29,2023-05-29,GR5002426,On Time,0
TX-00726,PO-85230,CA01,PO01,PG2,NB,2025-12-31,100031,S031,Precision Instruments,NX30,Cory,SL02,MAT-10018,Instrumentation,Temperature probe,15.79,13969.13,220572.56,CAD,0,14,2026-01-14,2026-01-14,GR5002427,On Time,0
TX-00341,PO-57895,CA01,PO01,PG1,NB,2023-09-28,100003,S003,Grainger Canada,NX30,Cory,SL01,MAT-10012,MRO,Coupling set,8.35,3783.43,31591.64,CAD,1,3,2023-10-01,2023-10-01,GR5002428,On Time,0
TX-01098,PO-66810,CA01,PO01,PG4,NB,2025-08-22,100039,S039,Sealed Air Canada,NX10,Allan,SL04,MAT-10043,Packaging,Stretch film,22.6,1050.16,23733.62,CAD,1,8,2025-08-30,2025-08-30,GR5002429,On Time,0
